Chr,SNP,bp,A1,A2,freq,b,se,p,n,bJ,bJ_se,pJ,z
5,5:57727094:T:C,57727094,C,T,0.60053,-0.0120512,0.00240321,5.31654e-07,361067.1721,-0.01203397635,0.002403294382,5.520358385e-07,5.007283518877713
5,5:61995417:A:T,61995417,T,A,0.830224,-0.0197546,0.00314081,3.18538e-10,359764.1739,-0.01955109243,0.003141266265,4.847835066e-10,6.223952629497965
5,5:64325058:G:T,64325058,T,G,0.499933,-0.0212413,0.00235297,1.7658200000000001e-19,361368.14,-0.02113721916,0.002353367404,2.666364182e-19,8.9816911392897
5,5:64907963:G:A,64907963,A,G,0.521715,-0.0147974,0.00236213,3.74615e-10,359290.2819,-0.01501641387,0.002362361585,2.063669406e-10,6.3565264375055435
5,5:67923760:T:G,67923760,G,T,0.283183,-0.0317585,0.00261017,4.7183000000000005e-34,361601.0992,-0.03160547459,0.002610733023,9.819293328e-34,12.105977252964024
5,5:69697933:T:C,69697933,C,T,0.436553,0.0151546,0.00237736,1.83738e-10,359825.2071,0.01486807303,0.002377563705,4.013779206e-10,6.2534909153990474
5,5:71708394:T:G,71708394,G,T,0.219751,-0.025784,0.00284341,1.21844e-19,360809.9912,-0.02590266413,0.002843829572,8.362562568e-20,9.108374279891622
5,5:76060214:C:A,76060214,A,C,0.661357,0.033284,0.00248835,8.5497e-41,360582.0856,0.03348297968,0.00248901489,2.984352178e-41,13.452301878354774
5,5:78127496:A:G,78127496,G,A,0.436083,-0.0571484,0.00237133,3.17708e-128,361205.6013,-0.05734465942,0.002373270781,5.489478622e-129,24.16271243850113
5,5:79992643:G:C,79992643,C,G,0.302951,0.0185899,0.0025613,3.93688e-13,361077.6594,0.01860293899,0.002561505813,3.79997197e-13,7.262501180199352
5,5:85734236:T:A,85734236,A,T,0.128859,0.0061154,0.00351757,0.0821181,360187.1564,0.02127136967,0.003714640139,1.026078813e-08,5.72636079782586
5,5:85735082:A:T,85735082,T,A,0.588487,-0.0265422,0.00239195,1.3191300000000002e-28,360950.6422,-0.03141261639,0.002525882332,1.6602923699999999e-35,12.43629443542899
5,5:87006983:A:T,87006983,T,A,0.161923,-0.0395997,0.00319316,2.61082e-35,361411.507,-0.03932519305,0.003194336073,7.912314753999999e-35,12.310912863049898
5,5:87920273:C:G,87920273,G,C,0.10125,0.021593,0.00390263,3.15159e-08,360940.027,0.0230174066,0.00390387695,3.723334022e-09,5.896037937363778
5,5:89331535:T:A,89331535,A,T,0.108782,0.0337088,0.00377977,4.75957e-19,361121.3755,0.03336468956,0.003781413791,1.110980109e-18,8.823337355835015
5,5:90202199:T:G,90202199,G,T,0.103149,0.0270351,0.00387094,2.87151e-12,360864.0967,0.02642563132,0.00387199538,8.804199316e-12,6.82480962051148
5,5:93408142:G:A,93408142,A,G,0.613725,0.0160961,0.00245141,5.17341e-11,351127.5953,0.01602800605,0.002451646237,6.249278105e-11,6.5376504195862095
5,5:95729276:T:C,95729276,C,T,0.0248231,0.0414289,0.00757585,4.54032e-08,360066.1962,0.04198176535,0.007576408901,3.005489545e-08,5.541116629074611
5,5:97869231:A:C,97869231,C,A,0.772273,-0.0141836,0.00280679,4.34406e-07,361064.3754,-0.01427632063,0.00280693024,3.655063729e-07,5.086097412239216
5,5:100140698:G:A,100140698,A,G,0.109069,0.0246336,0.00378349,7.4834e-11,359615.8324,0.02443845389,0.003783766228,1.055614378e-10,6.458764209362249
5,5:106778829:T:C,106778829,C,T,0.241146,0.031557,0.00274878,1.6757400000000002e-30,361696.3208,0.0315991688,0.002749343498,1.424764432e-30,11.493350620970679
5,5:108022676:C:G,108022676,G,C,0.0167027,-0.0653716,0.00919117,1.14223e-12,360534.2408,-0.06637054679,0.009192442521,5.194135705e-13,7.220120945915893
5,5:109213771:C:T,109213771,T,C,0.109497,-0.0266906,0.003772,1.48654e-12,360561.452,-0.02552963737,0.003773170738,1.323033072e-11,6.766096512116013
5,5:109957333:A:C,109957333,C,A,0.333512,-0.0461818,0.00249932,3.3842300000000004e-76,359965.8608,-0.04590007653,0.00250094745,3.119467553e-75,18.35307516357451
5,5:111340433:G:T,111340433,T,G,0.0857557,-0.0436011,0.00420087,3.11348e-25,361482.6226,-0.04339205902,0.004201536433,5.283118775e-25,10.32766458459983
5,5:120122837:A:G,120122837,G,A,0.334042,0.0165954,0.00249545,2.92974e-11,361095.2066,0.01665008625,0.002495618245,2.528087232e-11,6.671728051098617
5,5:124890026:G:T,124890026,T,G,0.0822012,0.0198595,0.0042929,3.72704e-06,359805.3018,0.02350914188,0.004323721351,5.411003768e-08,5.437247216350507
5,5:125006383:A:T,125006383,T,A,0.7077,-0.0156405,0.00259004,1.55497e-09,360483.7484,-0.01736118985,0.002608668503,2.829303865e-11,6.655192037636988
5,5:126895905:C:A,126895905,A,C,0.185822,-0.0224705,0.00304921,1.71907e-13,355601.1097,-0.02258186511,0.003049488243,1.310193861e-13,7.405132701146144
5,5:132292566:C:T,132292566,T,C,0.037612,-0.0423478,0.00619478,8.15384e-12,360110.5285,-0.04241633807,0.006195413157,7.572629329e-12,6.846409915709193
5,5:133664309:A:C,133664309,C,A,0.021252,-0.0459119,0.00816312,1.86389e-08,360910.4468,-0.04619893693,0.008163983257,1.523710684e-08,5.6588720818833
5,5:134490889:A:C,134490889,C,A,0.365156,0.0225343,0.00244614,3.2119199999999996e-20,360587.1907,0.02085416521,0.002457935668,2.1679230319999998e-17,8.48442271354028
5,5:134581920:C:A,134581920,A,C,0.930855,0.0425684,0.00465124,5.61422e-20,359202.2135,0.0392345607,0.004673848058,4.679294276e-17,8.394487842377352
5,5:135532375:G:T,135532375,T,G,0.787633,-0.0182293,0.00287632,2.33451e-10,361482.2512,-0.01854692784,0.002876924322,1.142436758e-10,6.446790309418505
5,5:136068103:C:T,136068103,T,C,0.0610464,0.0423088,0.004928,9.08828e-18,359323.7401,0.04276154135,0.004929062251,4.1213267629999996e-18,8.675390809139124
5,5:141099346:T:A,141099346,A,T,0.233852,-0.0254112,0.00291067,2.54916e-18,329519.0634,-0.02188566773,0.002924862637,7.284923772e-14,7.4826309629528085
5,5:141168737:G:T,141168737,T,G,0.479587,0.0285892,0.00243314,7.165270000000001e-32,338449.4358,0.0278375401,0.002439998744,3.7775999010000004e-30,11.408833782580011
5,5:141356724:C:G,141356724,G,C,0.0245068,-0.0327343,0.00762705,1.7722e-05,359728.0464,-0.03895349946,0.007732266198,4.709484898e-07,5.037785619703001
5,5:141517105:C:A,141517105,A,C,0.477744,0.0129798,0.00235797,3.70211e-08,360602.5982,0.01454209376,0.002388290407,1.136794969e-09,6.088913524660822
5,5:141957594:G:C,141957594,C,G,0.354412,0.0177492,0.00246502,6.0133e-13,359793.437,0.01528638138,0.002500222881,9.715975062e-10,6.114007473560115
5,5:141960134:A:G,141960134,G,A,0.335328,-0.0166423,0.00249338,2.48253e-11,361004.6826,-0.01477278007,0.002529005027,5.178237129e-09,5.841340729766767
5,5:148421414:T:G,148421414,G,T,0.779888,0.0233409,0.00283994,2.06245e-16,361280.9744,0.0271800171,0.002849400735,1.444195803e-21,9.538853824995591
5,5:148478431:G:T,148478431,T,G,0.450685,-0.0303372,0.00236965,1.61981e-37,359716.0095,-0.0304832669,0.002381408034,1.628519841e-37,12.80052240724069
5,5:148719576:T:C,148719576,C,T,0.610998,0.0302405,0.00241491,5.72736e-36,360776.5705,0.02881121688,0.002420317163,1.129408948e-32,11.903901406164593
5,5:149736241:A:C,149736241,C,A,0.1972,0.0205058,0.00296324,4.52199e-12,359844.489,0.02052192873,0.002963483129,4.361750246e-12,6.9249352321856925
5,5:151638913:A:C,151638913,C,A,0.0292114,-0.143932,0.0069774,1.73574e-94,361947.8526,-0.1441914456,0.006981537699,9.126798832e-95,20.65325030338993
5,5:157530180:A:T,157530180,T,A,0.605137,0.0144925,0.00240795,1.76086e-09,361062.1181,0.01438478129,0.002408107275,2.322448891e-09,5.973480267817388
5,5:159308979:T:G,159308979,G,T,0.35448,0.0263817,0.0024609,8.243219999999999e-27,360905.0231,0.026319731,0.002461312456,1.0932196300000001e-26,10.69337252807532
5,5:162540649:C:A,162540649,A,C,0.221957,0.0198053,0.0028396,3.07106e-12,359231.9787,0.01975252054,0.002839824874,3.512096916e-12,6.955541773312885
5,5:163319473:A:C,163319473,C,A,0.454384,-0.0193532,0.00236171,2.52299e-16,361723.4709,-0.01919987455,0.002361973611,4.337677337e-16,8.128742192793279
5,5:163832480:G:A,163832480,A,G,0.109189,0.0242286,0.00377719,1.41523e-10,360469.7979,0.02435689908,0.003777439636,1.133420381e-10,6.447991609944552
5,5:167681697:C:G,167681697,G,C,0.0643261,0.0485441,0.00479895,4.74753e-24,360822.1939,0.04843696423,0.004799675305,6.010886845e-24,10.091716866668337
5,5:169697895:T:G,169697895,G,T,0.130785,0.0499991,0.00348917,1.4682700000000001e-46,361280.3908,0.04995881156,0.003490207584,1.789338425e-46,14.31399432773681
5,5:170460536:G:C,170460536,C,G,0.263896,0.0303741,0.00266943,5.41659e-30,361289.9727,0.0305412277,0.002670200675,2.7065441360000002e-30,11.437802404120806
5,5:170831660:G:T,170831660,T,G,0.611259,-0.0130358,0.00241506,6.75399e-08,360947.5135,-0.01201651634,0.00242366478,7.122462601e-07,4.957994372472582
5,5:171213383:G:A,171213383,A,G,0.821761,-0.0256651,0.00307823,7.60677e-17,360401.3571,-0.02459291122,0.003089090186,1.703580334e-15,7.9612150307093685
5,5:175540541:C:T,175540541,T,C,0.0272816,0.0514542,0.00723673,1.16138e-12,359929.857,0.05134781399,0.007237292699,1.294520325e-12,7.094892541391188
5,5:179974177:C:A,179974177,A,C,0.358981,0.01415,0.00245534,8.27341e-09,360591.0411,0.01355527508,0.002457282906,3.460785764e-08,5.516367304270011
5,5:180118571:T:G,180118571,G,T,0.164977,-0.0229306,0.0031745,5.08066e-13,360317.36,-0.02225568579,0.003177071018,2.468174758e-12,7.005095468092555
1,1:145830112:C:A,145830112,A,C,0.663913,0.0183195,0.00249077,1.91398e-13,361365.3087,0.01827798803,0.002490963718,2.172671713e-13,7.337717485775118
1,1:149599487:T:C,149599487,C,T,0.0952801,0.0228283,0.00400909,1.24095e-08,361072.6972,0.02275249956,0.004009282346,1.38724579e-08,5.674955664496871
1,1:157133047:C:G,157133047,G,C,0.0872638,-0.0348619,0.00417526,6.87097e-17,360255.9199,-0.03449136738,0.004175978283,1.463206946e-16,8.259470007401857
1,1:157857346:T:A,157857346,A,T,0.02281,-0.0550096,0.00788474,3.02684e-12,360997.3377,-0.05420589203,0.007885957098,6.254719897e-12,6.873723931841761
1,1:161015260:A:G,161015260,G,A,0.237265,-0.0195948,0.00277101,1.53714e-12,359996.0613,-0.01960412633,0.002771216131,1.503176018e-12,7.074196094162386
1,1:162727166:A:C,162727166,C,A,0.0592955,-0.0296721,0.00498701,2.68598e-09,360614.7945,-0.02950724081,0.004987326564,3.289754114e-09,5.916444498138944
1,1:164436057:T:A,164436057,A,T,0.0238048,-0.0411447,0.00772116,9.89088e-08,361111.3564,-0.04120769793,0.007721553438,9.464779983e-08,5.336710839454272
1,1:167578256:T:G,167578256,G,T,0.0103554,-0.0795535,0.0116315,7.96173e-12,360800.9851,-0.07940202046,0.01163240002,8.735374213e-12,6.825936206069365
1,1:171910830:G:A,171910830,A,G,0.651081,0.0236376,0.00247259,1.18619e-21,360136.8446,0.02358725979,0.00247292755,1.4534289679999999e-21,9.538192815232293
1,1:178395031:G:T,178395031,T,G,0.377322,-0.0186116,0.00243202,1.97255e-14,359965.6204,-0.0186503199,0.002432218788,1.746618102e-14,7.668027231767276
1,1:182889056:T:G,182889056,G,T,0.310455,-0.0226775,0.00254626,5.30506e-19,360395.422,-0.02464887038,0.002573610536,9.937914527e-22,9.577544867495833
1,1:182934225:C:G,182934225,G,C,0.0444865,-0.0221412,0.00571196,0.000106077,360734.8797,-0.0304072383,0.00577285115,1.384579938e-07,5.2672825801164125
1,1:190531892:T:A,190531892,A,T,0.807944,-0.0256192,0.00299207,1.10979e-17,360081.289,-0.02591759866,0.002992474537,4.679498083e-18,8.660925377825528
1,1:193300271:G:C,193300271,C,G,0.229243,0.0221415,0.00280575,2.99465e-15,359629.1678,0.0223610449,0.002806088634,1.602752831e-15,7.9687593004234385
1,1:196510766:T:A,196510766,A,T,0.213763,-0.0200983,0.00287142,2.57413e-12,360996.6859,-0.01739780323,0.00289564611,1.875215415e-09,6.008262946883382
1,1:197002076:A:G,197002076,G,A,0.721212,0.0216781,0.00272972,2.00293e-15,333876.9607,0.01919970887,0.002753082463,3.082835337e-12,6.973895307544952
1,1:198093309:T:A,198093309,A,T,0.18888,0.0246512,0.00300816,2.51856e-16,360817.7018,0.02421654525,0.003009450001,8.496314732999999e-16,8.046834219526215
1,1:198520608:T:C,198520608,C,T,0.0853048,-0.0295949,0.00421249,2.13674e-12,361288.9197,-0.02857487701,0.004214160479,1.196108923e-11,6.7806807909651985
1,1:201037135:A:G,201037135,G,A,0.0249036,-0.0589773,0.00755173,5.74423e-15,361214.9243,-0.0595586555,0.007552681993,3.126209956e-15,7.885762376226132
1,1:201306789:A:G,201306789,G,A,0.170886,0.0250515,0.00313033,1.21955e-15,360299.3157,0.02546033726,0.003130773629,4.212797735e-16,8.132283031952165
1,1:201683308:C:T,201683308,T,C,0.740354,0.0166507,0.00268643,5.72263e-10,360597.9234,0.01702696464,0.002686681248,2.334542853e-10,6.337545495088072
1,1:202193175:A:C,202193175,C,A,0.127716,0.0188778,0.00353454,9.2512e-08,359449.7043,0.01888626559,0.00353476183,9.141603482e-08,5.3430093732793305
1,1:206972835:C:T,206972835,T,C,0.0245984,0.0575713,0.0076066,3.78167e-14,360330.5547,0.05222255947,0.007625874625,7.485045428e-12,6.848074750507716
1,1:207074919:G:T,207074919,T,G,0.174522,-0.0208755,0.0031054,1.79134e-11,360077.7836,-0.01941866496,0.00311911986,4.794494198e-10,6.22568731937092
1,1:207270601:C:A,207270601,A,C,0.215235,0.0190411,0.00286707,3.11298e-11,360295.9104,0.01562966975,0.002882393234,5.8783489e-08,5.422462683313389
1,1:207440648:A:T,207440648,T,A,0.0232124,-0.0630267,0.00782577,8.05495e-16,360237.6288,-0.06131539234,0.007851192807,5.7328213550000005e-15,7.809691322996445
1,1:208517631:A:G,208517631,G,A,0.550064,-0.0141074,0.00236781,2.55605e-09,360529.8124,-0.01413582451,0.0023679987,2.379471047e-09,5.969523762829769
1,1:211890328:G:A,211890328,A,G,0.0712922,0.0318783,0.00457845,3.34389e-12,360433.4899,0.03278775982,0.004581120606,8.237253975e-13,7.157148357337963
1,1:212084412:T:C,212084412,C,T,0.0154707,0.0659296,0.00954387,4.92154e-12,360575.7315,0.06826214071,0.009549498392,8.789523863e-13,7.148243594363652
1,1:214948441:G:A,214948441,A,G,0.0235953,-0.0412665,0.00776796,1.08256e-07,359863.8538,-0.0411524868,0.007768370948,1.174368287e-07,5.297441004744358
1,1:220505781:T:C,220505781,C,T,0.0467022,-0.0965516,0.00557697,4.02612e-67,361009.5072,-0.09646496432,0.005579311637,5.618481066e-67,17.289760923243442
1,1:223268132:G:A,223268132,A,G,0.543754,0.0304027,0.00236645,9.065849999999999e-38,359953.4248,0.03048134379,0.002366999465,6.015436155e-38,12.87763019836593
1,1:227869581:C:A,227869581,A,C,0.849741,-0.0266701,0.00329877,6.24208e-16,360024.1441,-0.02647950296,0.003299085168,1.004425805e-15,8.026316876218335
1,1:230363070:T:G,230363070,G,T,0.887963,-0.0452487,0.00373495,8.9353e-34,360361.872,-0.04542627334,0.003735746416,5.082577571e-34,12.159892102269502
1,1:230909359:A:T,230909359,T,A,0.207905,0.0455751,0.00290112,1.35903e-55,360720.6394,0.04575243303,0.002902141633,5.412207312e-56,15.765058641436745
1,1:233112457:C:G,233112457,G,C,0.613817,-0.0267799,0.00241912,1.7704e-28,360534.7461,-0.02695394317,0.002419553179,8.007446242e-29,11.14004990836368
1,1:235532749:T:A,235532749,A,T,0.385441,-0.0233599,0.0024196,4.73556e-22,360678.9068,-0.02336647653,0.002419931514,4.6432863740000005e-22,9.655842074380292
1,1:243067576:C:G,243067576,G,C,0.0454452,-0.0559458,0.00564562,3.8075800000000004e-23,361752.5127,-0.05645037888,0.005646465221,1.563367762e-23,9.997472165427157
1,1:248581401:C:T,248581401,T,C,0.0832667,0.0305825,0.00425819,6.88137e-13,361422.5079,0.03064801502,0.004258493002,6.158982695e-13,7.196915670779819
5,5:7850726:C:G,7850726,G,C,0.457664,0.0234059,0.00235852,3.29643e-23,362309.1669,0.0234975674,0.002358853921,2.2479679429999998e-23,9.961433894150836
5,5:9689480:C:T,9689480,T,C,0.139097,0.0442484,0.00340506,1.33453e-38,360218.9951,0.04423089716,0.003405860135,1.455621515e-38,12.986703918186587
5,5:11919047:G:C,11919047,C,G,0.285296,-0.0245619,0.00260819,4.65727e-21,360648.8489,-0.02451971074,0.002608537742,5.4671329659999995e-21,9.399791440702106
5,5:16192324:C:T,16192324,T,C,0.19538,0.0361921,0.00297364,4.50838e-34,359803.3535,0.03626296772,0.002974267507,3.419145111e-34,12.19223477197473
5,5:17136963:C:G,17136963,G,C,0.0119579,0.0833486,0.010845,1.52817e-14,360023.5867,0.08226354348,0.0108460055,3.33293834e-14,7.584685761038938
5,5:23366700:C:T,23366700,T,C,0.453942,-0.0240174,0.00236525,3.19646e-24,360723.3973,-0.02404040299,0.002365613786,2.91690291e-24,10.162437813084338
5,5:25162427:C:T,25162427,T,C,0.130543,-0.0244843,0.00349416,2.43509e-12,361031.705,-0.02432079703,0.003494416599,3.405095546e-12,6.959901986775104
5,5:29662711:T:A,29662711,A,T,0.579512,-0.0149318,0.00238386,3.76328e-10,361299.1871,-0.01478063427,0.002384004866,5.64926479e-10,6.1999178276845015
5,5:31038958:C:G,31038958,G,C,0.0155498,-0.0574971,0.00951557,1.51968e-09,360960.4123,-0.05752886754,0.009516157429,1.490505124e-09,6.045388379629339
5,5:33129197:C:G,33129197,G,C,0.427803,0.0136641,0.00237964,9.35936e-09,360944.2128,0.01351838853,0.00237975876,1.3424583e-08,5.68057097098363
5,5:37233169:G:A,37233169,A,G,0.668856,0.0236735,0.00250189,3.0316799999999998e-21,360826.1341,0.01761712792,0.002562324069,6.179500267e-12,6.875448790080424
5,5:37581548:C:T,37581548,T,C,0.118085,0.0466607,0.00365258,2.31261e-37,359976.294,0.04105416831,0.003741203844,5.123907288000001e-28,10.97351815668668
5,5:42414509:G:A,42414509,A,G,0.367642,-0.0153554,0.00245055,3.70603e-10,358367.6768,-0.01572200894,0.002451119363,1.41549434e-10,6.414215960807944
5,5:45043831:G:A,45043831,A,G,0.274901,0.029762,0.0031528,3.7540999999999995e-21,252448.2998,0.0302290996,0.003153913717,9.278860935e-22,9.584631132126814
12,12:2349110:G:C,2349110,C,G,0.83327,0.0176558,0.00316279,2.37486e-08,360208.2534,0.01780118143,0.00316296972,1.823151495e-08,5.627996157358092
12,12:2943544:A:C,2943544,C,A,0.389475,0.0220783,0.00241658,6.50095e-20,360450.3813,0.02206833807,0.002416893745,6.795217406e-20,9.13086813007578
12,12:5555238:T:G,5555238,G,T,0.312312,0.0267591,0.00254846,8.70268e-26,358808.1159,0.02676978738,0.002548877576,8.405207086000001e-26,10.502578716240391
12,12:6094755:G:A,6094755,A,G,0.159565,0.0264555,0.00322496,2.34551e-16,358888.5364,0.02799938104,0.003227487488,4.125079215e-18,8.675287245606201
12,12:6298301:T:A,6298301,A,T,0.0189975,-0.0958784,0.00865612,1.65104e-28,358401.4039,-0.09870648112,0.008663612056,4.519467877e-30,11.393224959979669
12,12:10070548:A:T,10070548,T,A,0.0294514,0.0419948,0.00696414,1.63963e-09,361101.663,0.04172021811,0.006964565589,2.093838887e-09,5.990354685709889
12,12:11908673:G:T,11908673,T,G,0.0282069,-0.0469892,0.00710537,3.76625e-11,361723.1998,-0.04719516108,0.007105868174,3.100511407e-11,6.641716384872524
12,12:13152607:G:A,13152607,A,G,0.125356,0.0280397,0.00356277,3.55079e-15,359670.3495,0.02819457335,0.003563168848,2.517027095e-15,7.9127806042157
12,12:14072702:C:A,14072702,A,C,0.0194345,0.0591043,0.00853068,4.26204e-12,360957.7762,0.05888272461,0.008531355196,5.130460042e-12,6.901919244624544
12,12:22914847:G:T,22914847,T,G,0.468395,0.0293917,0.00236005,1.35595e-35,360828.7101,0.02945861925,0.002360570423,9.665263643e-36,12.479449442801057
12,12:26976002:T:C,26976002,C,T,0.462108,0.0174164,0.00236437,1.75957e-13,360243.8522,0.01753174099,0.002364571635,1.222308292e-13,7.4143412407127185
12,12:31043799:C:A,31043799,A,C,0.131929,-0.0243866,0.00348102,2.46384e-12,360714.664,-0.02428933106,0.003481282274,3.012881189e-12,6.977121976406559
12,12:33244614:G:C,33244614,C,G,0.385383,-0.0184048,0.00244967,5.78411e-14,352167.7422,-0.01868372799,0.002450469908,2.4488895540000002e-14,7.624549042207621
12,12:33923033:C:T,33923033,T,C,0.869973,-0.0191664,0.00369707,2.17043e-07,323773.1744,-0.0197266643,0.003698081572,9.591558449e-08,5.334296693009777
16,16:2267371:T:G,2267371,G,T,0.285378,-0.0188632,0.00261106,5.04481e-13,359946.2385,-0.01893859003,0.002611259307,4.086487378e-13,7.2526654014143075
16,16:6262592:G:A,6262592,A,G,0.184733,0.0349759,0.00303879,1.19193e-30,359770.5173,0.03501177141,0.003039401938,1.054688463e-30,11.51929627084419
16,16:7077857:T:G,7077857,G,T,0.11628,0.0228898,0.00367483,4.70499e-10,360653.5809,0.02273028366,0.003675068741,6.210423785e-10,6.184995509448622
16,16:9985812:T:A,9985812,A,T,0.0108174,0.0839865,0.0113751,1.54661e-13,361456.3662,0.08320154819,0.01137751581,2.616236312e-13,7.3128044451383625
16,16:10283753:A:G,10283753,G,A,0.11227,-0.0245751,0.00372463,4.17298e-11,361966.2283,-0.02402241642,0.003725382981,1.131058228e-10,6.448307876671432
16,16:13660026:G:C,13660026,C,G,0.553289,-0.0180076,0.00236765,2.84081e-14,361200.1667,-0.01789499201,0.002367917867,4.1162052170000006e-14,7.557268881404153
16,16:14185080:A:G,14185080,G,A,0.0334291,0.0499198,0.00655314,2.58878e-14,360665.0143,0.05014845713,0.006554379518,1.992096121e-14,7.651137226991438
16,16:15121201:A:C,15121201,C,A,0.197865,-0.0285536,0.00295841,4.86616e-22,360234.8452,-0.02897146645,0.002959046702,1.2330309890000001e-22,9.7908108143134
16,16:17199964:T:C,17199964,C,T,0.2115,-0.0152977,0.00288204,1.10942e-07,361314.3713,-0.0152564326,0.002882172151,1.200760036e-07,5.293380062223771
16,16:23018004:A:C,23018004,C,A,0.637726,0.0127034,0.00244789,2.1095e-07,361529.4995,0.01268441377,0.002447993558,2.200434392e-07,5.181555208161214
16,16:27258316:G:T,27258316,T,G,0.0771747,0.0289783,0.00441832,5.43668e-11,359973.4841,0.02878024327,0.004418616828,7.346581802e-11,6.513405527183222
16,16:28493756:C:A,28493756,A,C,0.449964,0.0137603,0.00236998,6.40069e-09,360024.6797,0.01372007223,0.00237009137,7.087550297e-09,5.7888368371215995
16,16:31278696:C:T,31278696,T,C,0.224376,0.0269834,0.002833,1.66549e-21,358261.747,0.02749626496,0.002834532318,3.00144865e-22,9.70045914995985
16,16:32568624:A:T,32568624,T,A,0.199093,-0.015955,0.00300479,1.09765e-07,347639.9452,-0.01785456245,0.00301656049,3.242047867e-09,5.918847810010268
16,16:34209755:A:G,34209755,G,A,0.205242,-0.0231085,0.00386925,2.34102e-09,204928.2261,-0.02619005084,0.003886040547,1.589099191e-11,6.739520734084611
3,3:583511:A:C,583511,C,A,0.227495,-0.0194811,0.00280657,3.89295e-12,361359.9459,-0.01954862891,0.002806776042,3.288746653e-12,6.9647982658674845
3,3:2206187:C:T,2206187,T,C,0.209125,-0.0220698,0.00289792,2.62837e-14,360135.8102,-0.02204700062,0.002898153935,2.7997512780000003e-14,7.607256589702162
3,3:3480857:G:C,3480857,C,G,0.0807056,-0.0441558,0.0043239,1.7653000000000002e-24,360568.4061,-0.04427905214,0.004324548267,1.3259900990000001e-24,10.239000562876592
3,3:18277061:C:A,18277061,A,C,0.0277491,-0.0652443,0.00716814,8.912069999999999e-20,360813.6075,-0.06568645055,0.007169229189,5.081447404e-20,9.162275164920802
3,3:19096858:C:A,19096858,A,C,0.0706263,-0.0233677,0.00459838,3.74208e-07,360433.5144,-0.02305308372,0.004600087046,5.40227944e-07,5.01144510733678
3,3:19259332:C:G,19259332,G,C,0.287582,-0.0152052,0.00260125,5.05908e-09,360845.2038,-0.01497150692,0.002602179296,8.744062681e-09,5.753449404125917
3,3:30817274:C:G,30817274,G,C,0.0317919,-0.0486741,0.00670362,3.85383e-13,361622.583,-0.04861709161,0.006704104927,4.111495226e-13,7.251839304334325
3,3:36627618:C:A,36627618,A,C,0.232602,0.0185267,0.00279755,3.53717e-11,358079.8035,0.01847359231,0.002797732625,4.027603934e-11,6.603058542808393
3,3:41644270:T:G,41644270,G,T,0.79142,0.0206748,0.00290326,1.07158e-12,359509.2179,0.02065397239,0.002903465475,1.130882714e-12,7.113558803381329
3,3:44854197:T:A,44854197,A,T,0.174362,0.0155946,0.00310543,5.12324e-07,360335.818,0.01555181526,0.003105608077,5.509704527e-07,5.007655465342223
3,3:48135125:A:G,48135125,G,A,0.37546,-0.0239132,0.00326152,2.27377e-13,200513.3745,-0.02165420888,0.003270747296,3.578183082e-11,6.620569221743996
3,3:48620293:T:G,48620293,G,T,0.430937,-0.0197039,0.00251791,5.07007e-15,321725.7179,-0.01916775351,0.002527754914,3.3787327590000004e-14,7.582916129977307
3,3:51900084:G:T,51900084,T,G,0.404318,0.0125275,0.0024125,2.07347e-07,356876.4017,0.01304291316,0.002416331884,6.745726696e-08,5.397815277928105
3,3:52101369:T:G,52101369,G,T,0.425282,-0.0148603,0.00241273,7.32227e-10,351582.0981,-0.01448625435,0.002413493794,1.946707063e-09,6.002192500354944
3,3:56415847:C:T,56415847,T,C,0.267335,-0.0162437,0.00266124,1.03677e-09,360619.0056,-0.01607034434,0.002661387417,1.55714148e-09,6.0383333284543
3,3:60814417:G:T,60814417,T,G,0.12362,-0.0290894,0.00358092,4.54591e-16,360058.2839,-0.02915907249,0.003581264618,3.8842834789999994e-16,8.142116151775523
3,3:65444400:C:T,65444400,T,C,0.0471378,-0.0485546,0.00556559,2.6948800000000003e-18,359508.4246,-0.04874102891,0.005566319576,2.015506797e-18,8.756419433795008
3,3:65831405:A:C,65831405,C,A,0.401285,-0.0202566,0.0024032,3.49828e-17,360482.6325,-0.0184795256,0.002404910679,1.541005753e-14,7.684079812762144
3,3:66083438:G:T,66083438,T,G,0.402897,0.0553199,0.00240263,3.20395e-117,359721.3243,0.05460220162,0.002405824707,4.92499357e-114,22.69583542854521
3,3:69172183:T:C,69172183,C,T,0.204139,0.0272026,0.00292064,1.23866e-20,360910.2268,0.02716131293,0.002921041737,1.4243803640000002e-20,9.298502169946913
3,3:69974953:C:A,69974953,A,C,0.943513,-0.0372796,0.00509475,2.53618e-13,361589.9639,-0.03699524063,0.005095177525,3.847094917e-13,7.260834475046088
3,3:77355650:T:C,77355650,C,T,0.658154,0.01414,0.0024829,1.23494e-08,360667.7351,0.01432127585,0.002483042991,8.039356532e-09,5.7676310486401885
3,3:80071702:G:A,80071702,A,G,0.452302,-0.0291702,0.00236524,6.12287e-35,360844.1869,-0.02918773753,0.00236582019,5.706535119e-35,12.337259464338244
3,3:82947625:A:G,82947625,G,A,0.271511,0.0250381,0.00265329,3.8706e-21,359199.1595,0.02564296738,0.002653888821,4.354873759e-22,9.662412071330701
3,3:85034801:G:A,85034801,A,G,0.0984656,-0.0383536,0.00395692,3.25569e-22,359855.4523,-0.03875200656,0.003957967874,1.232131882e-22,9.790884563405127
3,3:88009171:G:C,88009171,C,G,0.271882,-0.0133022,0.00265063,5.20997e-07,359676.4319,-0.01437297451,0.002651641812,5.94639186e-08,5.420405744454297
3,3:88892467:C:G,88892467,G,C,0.440054,0.031045,0.00246702,2.6317e-36,333441.2006,0.03120109798,0.002468303916,1.2592219550000001e-36,12.6407035121359
6,6:4592245:A:C,4592245,C,A,0.163603,0.020747,0.00318385,7.2153e-11,360844.2545,0.02073898086,0.003184041136,7.346124991e-11,6.5134148631175215
6,6:5441149:G:C,5441149,C,G,0.113399,0.0535697,0.00371723,4.53664e-47,360124.8864,0.05309945805,0.00371877813,2.969305073e-46,14.278737852532224
6,6:5572368:C:G,5572368,G,C,0.143568,0.0275875,0.00336511,2.4503e-16,359459.1714,0.02679910141,0.003365853304,1.692083635e-15,7.962052706857958
6,6:11018906:A:C,11018906,C,A,0.151501,0.0195475,0.00328101,2.55927e-09,361705.6252,0.01961678632,0.003281212573,2.251776261e-09,5.9785173570953525
6,6:15480317:G:T,15480317,T,G,0.138966,0.0223762,0.00340618,5.0618e-11,360548.5878,0.02247212465,0.003406405039,4.19502129e-11,6.5970207279275925
6,6:18671928:G:T,18671928,T,G,0.0770734,-0.0262016,0.0044173,3.00296e-09,360621.8062,-0.02675941009,0.004419970108,1.411118303e-09,6.054206122698964
6,6:19397937:G:T,19397937,T,G,0.412957,0.0120389,0.00239127,4.79256e-07,361091.5813,0.01254547234,0.002392676776,1.57747568e-07,5.24327918665768
6,6:20018071:A:T,20018071,T,A,0.174469,0.0222906,0.00310168,6.65538e-13,361220.2545,0.02224550954,0.003101924142,7.416985736e-13,7.171519521962571
6,6:22765454:C:A,22765454,A,C,0.571933,0.018307,0.00238031,1.46331e-14,360815.0843,0.01825748589,0.002380534216,1.7268013740000003e-14,7.669491060993009
6,6:29202913:A:C,29202913,C,A,0.0356891,0.0350956,0.00637518,3.69359e-08,357853.6757,0.03533378673,0.006375836402,2.993307797e-08,5.541827691644714
6,6:29772269:G:T,29772269,T,G,0.0714531,0.0302456,0.00459138,4.48002e-11,357862.1596,0.03042414417,0.004591944619,3.459649985e-11,6.625546842205938
6,6:36765041:G:A,36765041,A,G,0.0374483,0.0347473,0.00621567,2.26885e-08,359426.4218,0.03418417921,0.006216067146,3.812458688e-08,5.49932592539598
6,6:37274255:A:G,37274255,G,A,0.0100086,0.0658475,0.011834,2.63426e-08,360723.6911,0.06817955692,0.01183539341,8.379071831e-09,5.760649820258066
6,6:37630636:A:T,37630636,T,A,0.408904,0.0309178,0.00239327,3.60388e-38,361423.6395,0.0313976857,0.002394938891,2.885398955e-39,13.110015382016691
6,6:38711014:A:G,38711014,G,A,0.125338,0.0235411,0.00355629,3.60772e-11,361002.1228,0.02515722636,0.003557793547,1.537998909e-12,7.071019166138254
6,6:39052569:C:T,39052569,T,C,0.240298,-0.0270895,0.00275952,9.60063e-23,360000.4705,-0.0267821378,0.002760051567,2.913531439e-22,9.703491818854124
6,6:41029098:T:G,41029098,G,T,0.0259233,-0.0587884,0.00741843,2.29437e-15,360160.9804,-0.05274666344,0.007438357951,1.329825156e-12,7.091170361451728
6,6:41078577:T:A,41078577,A,T,0.796555,-0.0378231,0.00292692,3.42625e-38,360407.7766,-0.03624701085,0.002935230667,4.935255523e-35,12.3489479915549
6,6:46794794:T:C,46794794,C,T,0.157563,0.0166377,0.0032362,2.73253e-07,360068.863,0.01656091126,0.003236549975,3.106954949e-07,5.116840891665824
6,6:47399790:T:A,47399790,A,T,0.333855,0.0132585,0.00249931,1.1283e-07,360312.2243,0.01357696436,0.002500157325,5.621401596e-08,5.430444006158693
6,6:49063241:G:A,49063241,A,G,0.223205,-0.0144129,0.00283184,3.59024e-07,359998.6019,-0.01517869551,0.00283591999,8.684310325e-08,5.352300334114856
6,6:49862469:C:T,49862469,T,C,0.32598,-0.0314696,0.00251389,6.03199e-36,360358.4641,-0.03158070273,0.002514697277,3.572581143e-36,12.558451078324367
6,6:49984363:C:A,49984363,A,C,0.426858,0.0145619,0.00243141,2.11245e-09,346077.0568,0.01565327796,0.002434524818,1.278512858e-10,6.429705642869318
6,6:51602465:T:A,51602465,A,T,0.298636,-0.0146425,0.00257916,1.36988e-08,359251.5645,-0.01462619979,0.002579421703,1.425138529e-08,5.6703406709298365
6,6:54164805:T:G,54164805,G,T,0.166762,0.0197922,0.00315807,3.68064e-10,361179.365,0.01978627381,0.003158243319,3.729167711e-10,6.264961819428455
12,12:41720631:A:C,41720631,C,A,0.120622,-0.0281612,0.00361711,6.95913e-15,360476.7843,-0.02806152118,0.003617511137,8.686964685e-15,7.757134703190273
12,12:43181900:A:G,43181900,G,A,0.787863,-0.018067,0.00288173,3.62591e-10,360458.1226,-0.017709527,0.002885502636,8.38750993e-10,6.137414944298807
12,12:43787643:A:T,43787643,T,A,0.08667,-0.0245946,0.00418246,4.09626e-09,361305.1883,-0.02154447773,0.004192631817,2.767156585e-07,5.138652443232174
12,12:44307258:G:C,44307258,C,G,0.621998,-0.0348579,0.00243108,1.29621e-46,359870.5042,-0.03456066478,0.002434498795,9.669786283e-46,14.196213549573763
12,12:45443678:G:C,45443678,C,G,0.503209,-0.0131747,0.00236713,2.61277e-08,357167.4589,-0.01433030132,0.0023684249,1.443415411e-09,6.050561839642879
12,12:51938427:T:C,51938427,C,T,0.135942,0.0364397,0.00343744,2.98027e-26,360390.7796,0.03630291075,0.003438025989,4.604179226e-26,10.559231043090291
12,12:52878379:T:G,52878379,G,T,0.491914,-0.0136671,0.00235949,6.94478e-09,359561.068,-0.01379159412,0.00235964143,5.072264465e-09,5.844783849213904
12,12:56631261:T:C,56631261,C,T,0.0151655,-0.125746,0.00963292,6.17267e-39,360856.8456,-0.1256456588,0.009635512379,7.259749399e-39,13.039852356355942
12,12:57904934:C:A,57904934,A,C,0.736355,-0.0195747,0.00267035,2.2995e-13,361383.3561,-0.0198679366,0.002670637625,1.011450498e-13,7.439398147474238
12,12:62252480:C:A,62252480,A,C,0.291216,-0.0175651,0.00259526,1.30638e-11,359856.8002,-0.01749422637,0.002595480366,1.58097638e-11,6.740265347089125
12,12:66149159:C:T,66149159,T,C,0.148984,0.0430099,0.00331061,1.3943999999999999e-38,359897.5204,0.04302143697,0.003311431398,1.361953061e-38,12.991794725381776
12,12:67907245:A:T,67907245,T,A,0.0145995,0.0501481,0.00981303,3.21707e-07,361149.864,0.05112926579,0.009813596741,1.887963738e-07,5.2100434875613155
12,12:69951090:G:A,69951090,A,G,0.105758,0.0405298,0.00383531,4.25076e-26,359560.3354,0.04015528963,0.003836361547,1.224311961e-25,10.467024324493366
12,12:71005897:G:A,71005897,A,G,0.579056,-0.0175838,0.00238645,1.73359e-13,360380.1709,-0.0171756164,0.002386897766,6.209989288e-13,7.19579055486032
12,12:71536600:C:A,71536600,A,C,0.143321,0.0165118,0.00335874,8.83421e-07,361215.2633,0.01697813248,0.003360075081,4.351455827e-07,5.05290270922967
12,12:72226868:T:A,72226868,A,T,0.52396,-0.0129314,0.00235655,4.08037e-08,361197.5297,-0.0129262369,0.002357602806,4.18674105e-08,5.4827882233187335
12,12:75604887:C:G,75604887,G,C,0.0228336,0.176318,0.00791498,7.40431e-110,357462.7911,0.1752387843,0.007920974732,1.882533804e-108,22.123386354466156
12,12:82679321:A:C,82679321,C,A,0.164193,0.0249766,0.00317982,4.01732e-15,360525.382,0.02489340419,0.003180124381,4.964479215e-15,7.827808352002946
12,12:83204636:T:A,83204636,A,T,0.636921,-0.0340702,0.00246708,2.27785e-43,355295.4715,-0.03402786733,0.002467782683,2.974939619e-43,13.788842739034653
12,12:85344029:C:A,85344029,A,C,0.346702,-0.0481789,0.00251754,1.35554e-81,348176.0556,-0.04779240238,0.002519095407,2.9036301010000002e-80,18.972049350411922
12,12:86674937:T:G,86674937,G,T,0.219256,0.0277189,0.00289019,8.80269e-22,349823.3586,0.02735337987,0.002890860005,3.020460952e-21,9.462021620794467
12,12:91228224:A:T,91228224,T,A,0.886713,0.030827,0.00371499,1.06229e-16,360839.9039,0.03047132659,0.003715398423,2.376790742e-16,8.201361770885372
12,12:99587888:T:C,99587888,C,T,0.131286,0.0267091,0.00348655,1.85502e-14,360842.9436,0.02671848221,0.003486841287,1.8211982280000002e-14,7.662660847115293
12,12:104616519:T:A,104616519,A,T,0.186649,0.0163622,0.0030224,6.17947e-08,360772.1814,0.01644518032,0.003022529123,5.302175514e-08,5.440867449335739
12,12:107073506:A:G,107073506,G,A,0.0322581,0.0410206,0.0066691,7.71496e-10,360327.5689,0.04157730758,0.006669685305,4.553312746e-10,6.233773510847826
12,12:108938789:G:A,108938789,A,G,0.0101002,-0.0769641,0.0117593,5.96023e-11,361859.7781,-0.0774249932,0.0117605879,4.597207642e-11,6.58342880971112
12,12:110844732:T:G,110844732,G,T,0.273397,-0.013026,0.00264545,8.48586e-07,359879.0569,-0.01297538802,0.002645607485,9.366452021e-07,4.904502309419494
12,12:115506299:C:G,115506299,G,C,0.218886,0.0177208,0.00284713,4.84871e-10,360979.2743,0.01771499968,0.002847283903,4.917379068e-10,6.221718761987466
12,12:127906424:A:C,127906424,C,A,0.494217,-0.0193992,0.00235465,1.74731e-16,360960.4206,-0.01939088562,0.002354879851,1.80547509e-16,8.234341812286372
12,12:129991267:T:G,129991267,G,T,0.218781,-0.0190413,0.00284786,2.29398e-11,360912.9051,-0.0189863912,0.002848036052,2.620014619e-11,6.6664855547271
12,12:130845020:G:T,130845020,T,G,0.165941,-0.025379,0.00316611,1.09716e-15,360575.3362,-0.02534762361,0.003166421716,1.193386514e-15,8.005131938654252
12,12:132752826:A:T,132752826,T,A,0.0791185,0.0235799,0.00436303,6.50357e-08,360730.2142,0.02182119465,0.004373505817,6.056534468e-07,4.989405653738953
12,12:132784146:G:C,132784146,C,G,0.14477,-0.0225126,0.00334732,1.75181e-11,360632.9797,-0.02135414783,0.003355416219,1.964596924e-10,6.364083152809008
14,14:22100036:C:G,22100036,G,C,0.919158,-0.0226365,0.00432414,1.65153e-07,360114.9589,-0.02271529846,0.004324309639,1.49697949e-07,5.252930607728852
14,14:25465975:A:T,25465975,T,A,0.423527,0.0306102,0.00238605,1.1526199999999999e-37,359818.238,0.03064424026,0.002386613279,9.780787435e-38,12.8400526929273
14,14:26622879:C:G,26622879,G,C,0.0423805,0.0359056,0.0058424,7.96938e-10,361171.8333,0.03676364973,0.005843029402,3.136404924e-10,6.291881693666686
14,14:27827681:C:G,27827681,G,C,0.0629679,0.0361945,0.00484365,7.8823e-14,361422.0463,0.03614194156,0.004844297261,8.605146886000001e-14,7.460719194705091
14,14:28817536:A:G,28817536,G,A,0.154345,-0.0182625,0.00325837,2.08658e-08,361057.6517,-0.01826792706,0.003258635253,2.070494198e-08,5.606005472131925
14,14:41390854:G:C,41390854,C,G,0.348854,0.0323482,0.00247137,3.87632e-39,360493.0902,0.03226371551,0.002471985062,6.210937561999999e-39,13.051743720448096
14,14:44753955:A:C,44753955,C,A,0.67634,-0.015933,0.00251662,2.43699e-10,360880.4007,-0.01599223883,0.002516923788,2.099467823e-10,6.35388282563286
14,14:47201704:G:C,47201704,C,G,0.912011,-0.0246905,0.00415232,2.74682e-09,361616.6083,-0.0230225664,0.004161347115,3.157358739e-08,5.53247921016077
14,14:47638259:A:C,47638259,C,A,0.0573906,-0.0311258,0.00507085,8.35616e-10,359684.2119,-0.02924269808,0.005082303081,8.724489331e-09,5.7538280606134515
14,14:49404950:C:A,49404950,A,C,0.257665,-0.0133522,0.00269044,6.95022e-07,361384.3421,-0.01323680008,0.002690555996,8.666515395e-07,4.9197266660418535
14,14:51534650:G:A,51534650,A,G,0.0196482,-0.0566173,0.00849395,2.63958e-11,360017.1662,-0.05650047336,0.008494555436,2.903674744e-11,6.651374964315436
14,14:57297541:G:A,57297541,A,G,0.0435112,-0.0409363,0.00577136,1.31464e-12,360913.4815,-0.04079327166,0.005771775565,1.575042434e-12,7.067716199391062
14,14:64278259:A:C,64278259,C,A,0.230248,-0.0660863,0.00280133,5.9125499999999996e-123,359214.0771,-0.06608097353,0.002803499343,7.667206548e-123,23.57088960801658
14,14:70914343:T:C,70914343,C,T,0.399353,0.0208983,0.00240482,3.63352e-18,360635.5818,0.02052217581,0.002405147034,1.430853924e-17,8.532607578618414
14,14:72048707:C:A,72048707,A,C,0.256779,-0.0411726,0.00269453,1.0780999999999998e-52,360891.3893,-0.04104297306,0.002695480293,2.355616261e-52,15.226589920388635
14,14:80183796:A:G,80183796,G,A,0.714896,-0.0137554,0.0026084,1.33914e-07,360805.2828,-0.01389989632,0.00260856386,9.899297447e-08,5.328562790101677
14,14:82081824:T:C,82081824,C,T,0.268415,0.0346235,0.00265866,9.247959999999999e-39,360329.1384,0.03462392371,0.00265935419,9.457421980999999e-39,13.019673663702537
14,14:83340681:C:A,83340681,A,C,0.520938,0.0117225,0.00235873,6.70397e-07,360360.2952,0.01200678745,0.002358883696,3.580079306e-07,5.09002943653395
14,14:87563005:A:G,87563005,G,A,0.0695233,0.0380673,0.00463078,2.03324e-16,360641.228,0.03781062687,0.004631298403,3.2369950079999997e-16,8.164152593904884
14,14:89130430:T:C,89130430,C,T,0.0764894,0.0367044,0.00442661,1.11953e-16,361437.0376,0.03630382334,0.004427099554,2.39662244e-16,8.200362990978721
14,14:91641958:C:G,91641958,G,C,0.708324,0.0167992,0.00258823,8.55839e-11,361503.0159,0.01678358244,0.002588405026,8.923890098e-11,6.484140724273188
14,14:92547986:G:T,92547986,T,G,0.40485,0.0139079,0.00240013,6.85204e-09,360471.0217,0.01369832524,0.002400285879,1.150146852e-08,5.70695572550173
14,14:95467431:T:C,95467431,C,T,0.311822,-0.0134228,0.00254284,1.30217e-07,360596.7081,-0.01289696216,0.002544601024,4.012512308e-07,5.068363188711819
14,14:95520743:A:C,95520743,C,A,0.765818,-0.0163811,0.00278151,3.88169e-09,360594.2686,-0.01584928153,0.002783491428,1.240758356e-08,5.694029221921498
14,14:100094178:G:C,100094178,C,G,0.697439,0.0187808,0.00256621,2.51279e-13,360025.0815,0.01874797824,0.002566409979,2.769829767e-13,7.3051376800308185
14,14:101453284:G:C,101453284,C,G,0.121453,0.0189692,0.00360718,1.45136e-07,360378.3745,0.01831087128,0.003608874821,3.898567615e-07,5.073844948416957
14,14:101536026:G:T,101536026,T,G,0.110361,-0.0219898,0.00375599,4.78554e-09,361228.009,-0.02143712884,0.003757784534,1.165308052e-08,5.70472538966493
14,14:105968834:G:A,105968834,A,G,0.735009,-0.0255444,0.00267251,1.20497e-21,359607.0078,-0.02549374819,0.002672854005,1.455782989e-21,9.538024950973705
4,4:55658683:G:C,55658683,C,G,0.712486,0.0169613,0.0026031,7.24047e-11,360348.8994,0.01694793182,0.002603258229,7.501241857e-11,6.5102768642779925
4,4:58969138:C:A,58969138,A,C,0.103521,0.0230118,0.00386461,2.61097e-09,360884.98,0.0229563945,0.00386482221,2.853143703e-09,5.939831964482527
4,4:61209806:A:C,61209806,C,A,0.247816,0.0334271,0.00272925,1.75556e-34,360139.2642,0.03687427621,0.002756434654,8.182589560000001e-41,13.377525985058234
4,4:61305536:A:T,61305536,T,A,0.0178903,-0.0648702,0.00889448,3.03043e-13,359839.189,-0.08176933589,0.008981863283,8.720305822e-20,9.103827715209725
4,4:64311975:A:C,64311975,C,A,0.919319,-0.044655,0.00433049,6.28474e-25,359543.4607,-0.04476053341,0.004331189581,4.921431864e-25,10.334466449207133
4,4:66774172:T:C,66774172,C,T,0.0772677,-0.0396653,0.00440974,2.37488e-19,360740.0227,-0.03941133969,0.004410333909,4.030191426e-19,8.936135109764543
4,4:69472701:T:A,69472701,A,T,0.195043,-0.01936,0.00297213,7.33393e-11,360663.0557,-0.01955508821,0.002973301607,4.803783725e-11,6.576893566384838
4,4:70241602:G:T,70241602,T,G,0.626901,-0.013655,0.00243983,2.18614e-08,359262.0632,-0.01210623114,0.002448921403,7.673424935e-07,4.943495175128739
4,4:70292596:A:C,70292596,C,A,0.013262,-0.0583098,0.0102874,1.44527e-08,361185.7766,-0.05598982772,0.01032627787,5.891196289e-08,5.4220725439378485
4,4:73885956:T:C,73885956,C,T,0.0492758,-0.0295365,0.00544013,5.65893e-08,360785.5445,-0.02944447849,0.005440389344,6.225488951e-08,5.41220060333976
4,4:75996273:G:A,75996273,A,G,0.641372,0.0542573,0.00245206,2.04437e-108,361232.4664,0.05419347143,0.002453752749,4.313395295e-108,22.08595444348904
4,4:77346275:T:G,77346275,G,T,0.0199159,-0.0556939,0.00843716,4.08906e-11,359983.8243,-0.05588257655,0.008437728443,3.521219062e-11,6.622940869394841
4,4:84359569:T:C,84359569,C,T,0.0668387,0.0248299,0.00474395,1.65956e-07,356363.4134,0.02486151093,0.004744764053,1.607697687e-07,5.239778132756816
4,4:85120328:T:A,85120328,A,T,0.164174,0.016799,0.00319229,1.42299e-07,357711.4641,0.01637806328,0.003193278646,2.914127444e-07,5.128917672285089
4,4:86003075:G:T,86003075,T,G,0.272761,-0.0135228,0.00264439,3.15933e-07,360619.7108,-0.01368333439,0.002644984674,2.299789118e-07,5.173313299130292
4,4:86942974:A:C,86942974,C,A,0.820979,0.0157361,0.00307577,3.12031e-07,359762.6438,0.0154692108,0.003076083743,4.933908196e-07,5.028865301603721
4,4:88251354:C:A,88251354,A,C,0.647758,-0.0196345,0.00246774,1.77521e-15,359966.6835,-0.01972114419,0.002468053814,1.343218245e-15,7.9905649050811185
4,4:93207806:T:C,93207806,C,T,0.277565,-0.0254492,0.00262961,3.7645999999999996e-22,360688.6468,-0.02632685743,0.002633800243,1.5904876219999998e-23,9.99576847180054
4,4:93474629:C:T,93474629,T,C,0.187002,0.0180646,0.00301757,2.14651e-09,361324.8983,0.01960101807,0.003022134021,8.82503229e-11,6.48582026270105
4,4:95450040:C:A,95450040,A,C,0.241809,0.0143334,0.00274945,1.85715e-07,360924.1646,0.01447773309,0.002749574863,1.398507745e-07,5.26544422733181
4,4:102434599:G:C,102434599,C,G,0.0319806,0.047408,0.00668339,1.31085e-12,361715.1596,0.04448129288,0.006701000627,3.17951542e-11,6.638007568716499
4,4:102888046:T:G,102888046,G,T,0.578332,0.018822,0.00238647,3.10459e-15,360127.7333,0.01756782709,0.002392631531,2.09686321e-13,7.342470774284886
4,4:103975981:T:G,103975981,G,T,0.670002,0.0137996,0.00250324,3.53643e-08,361045.9339,0.01387327696,0.002503848257,3.011241644e-08,5.540781842994888
4,4:115254373:T:G,115254373,G,T,0.39044,-0.0132036,0.00241601,4.63084e-08,360070.1839,-0.01320932471,0.002416107083,4.57217098e-08,5.4671934050201205
4,4:123786803:G:T,123786803,T,G,0.0607176,-0.026243,0.00493049,1.02357e-07,360799.8547,-0.02625816486,0.004930677242,1.006933322e-07,5.3254682006622405
4,4:128572395:G:A,128572395,A,G,0.363068,0.017877,0.00245593,3.36704e-13,358603.2591,0.01773231052,0.002456152925,5.216118802e-13,7.219546608646121
4,4:134545703:T:A,134545703,A,T,0.280377,-0.0228369,0.00262259,3.1122700000000004e-18,360405.8386,-0.02270228539,0.002622945715,4.917757201e-18,8.655263149431974
4,4:136548688:A:T,136548688,T,A,0.852377,0.022722,0.00332069,7.79155e-12,360489.4671,0.02271027206,0.003320924483,8.000480756e-12,6.838539140608336
4,4:139577982:C:G,139577982,G,C,0.0706027,0.02449,0.00459784,1.0023e-07,360600.9017,0.02452419367,0.004598037381,9.627278889e-08,5.33362207348266
4,4:141220415:A:T,141220415,T,A,0.744645,0.0131553,0.00270163,1.11974e-06,360427.1079,0.01420294868,0.002706715536,1.543443814e-07,5.247300091604455
4,4:141702731:G:C,141702731,C,G,0.203996,-0.0177984,0.0029168,1.04825e-09,362073.3258,-0.01863240567,0.002922377684,1.820468949e-10,6.3757692142300115
4,4:152960456:T:G,152960456,G,T,0.319791,-0.0136647,0.00251947,5.84374e-08,362267.3029,-0.01363356654,0.002519569757,6.26495221e-08,5.411069291541746
4,4:153455677:T:C,153455677,C,T,0.0438789,-0.030235,0.00574241,1.4011e-07,361577.2287,-0.03089744827,0.005742678944,7.435370285e-08,5.380319633275323
4,4:156850249:T:C,156850249,C,T,0.4669,-0.013206,0.00236525,2.3614e-08,359225.4185,-0.01311118846,0.002365354353,2.973118355e-08,5.543012379253435
4,4:159879483:C:T,159879483,T,C,0.699893,-0.0161051,0.00257092,3.74894e-10,360295.8014,-0.0159756834,0.002571071449,5.177478101e-10,6.213628721291907
4,4:162115870:T:C,162115870,C,T,0.169336,0.091183,0.00314183,5.64616e-185,359446.9973,0.09119744233,0.003145545058,8.162924884000001e-185,28.99257224055953
4,4:166285804:C:G,166285804,G,C,0.19265,0.0208287,0.00298378,2.94343e-12,361217.1437,0.02118527815,0.002984022873,1.251459864e-12,7.099569625182294
4,4:169926607:T:A,169926607,A,T,0.707095,0.0141641,0.00258748,4.40026e-08,360742.0517,0.01426429542,0.002587687848,3.540316816e-08,5.512370988264578
4,4:171181393:G:C,171181393,C,G,0.856826,-0.0260737,0.00336659,9.59453e-15,359734.2107,-0.026418799,0.003367036076,4.284670464e-15,7.846307079484942
4,4:173108563:C:G,173108563,G,C,0.125955,0.0187224,0.00354574,1.29079e-07,361405.632,0.01861632409,0.003545914067,1.520351315e-07,5.250077621240899
4,4:174055001:A:T,174055001,T,A,0.214996,0.0267169,0.00286629,1.15789e-20,360698.4665,0.02676407174,0.002866710919,9.989136863e-21,9.336159974350032
4,4:175016191:C:G,175016191,G,C,0.0715128,-0.0316975,0.00457043,4.05944e-12,360628.1737,-0.03206603388,0.004570844722,2.293889776e-12,7.015340889980904
4,4:183123203:T:C,183123203,C,T,0.831659,0.0186601,0.00315014,3.15302e-09,360042.836,0.01856841907,0.003150308302,3.765936681e-09,5.894159329806445
4,4:184113878:A:C,184113878,C,A,0.207341,0.0153084,0.00290504,1.36791e-07,360646.8513,0.01535889665,0.002905203269,1.245523516e-07,5.286685724846608
4,4:184688514:T:C,184688514,C,T,0.715207,0.0230964,0.00260994,8.83958e-19,360474.8319,0.0229995286,0.002610288407,1.239168024e-18,8.811106289374864
4,4:185091601:A:C,185091601,C,A,0.769504,0.0295513,0.00279444,3.92562e-26,361071.3717,0.02933043326,0.002794916954,9.184699088e-26,10.494205639284981
4,4:185905167:T:A,185905167,A,T,0.354857,0.0209392,0.00246102,1.77111e-17,360715.3283,0.0208984288,0.002461266053,2.049964485e-17,8.490926356590837
9,9:424851:T:G,424851,G,T,0.0180763,0.0781127,0.00883766,9.73239e-19,361064.051,0.07804198789,0.008838637963,1.0501352999999999e-18,8.829639613784009
9,9:3341393:G:A,3341393,A,G,0.215966,-0.0211829,0.00286419,1.40891e-13,360371.3264,-0.02117062588,0.002864423117,1.45853185e-13,7.390886407233251
9,9:4711908:G:C,4711908,C,G,0.371661,-0.0127409,0.00243966,1.76715e-07,360170.0255,-0.01287736018,0.002439808069,1.305859312e-07,5.278021801640332
9,9:4970447:C:T,4970447,T,C,0.0146605,-0.0633552,0.00980901,1.05617e-10,360167.6821,-0.06354034906,0.009809717814,9.33870066e-11,6.477286122269287
9,9:11410819:T:C,11410819,C,T,0.132531,0.018034,0.00346842,1.99951e-07,361970.208,0.01816993696,0.003471104885,1.65318987e-07,5.234626311212719
9,9:11819960:T:G,11819960,G,T,0.876702,0.0327645,0.00358339,6.07887e-20,360614.5228,0.03443485458,0.003596321689,1.018369138e-21,9.57502068998033
9,9:11872173:C:A,11872173,A,C,0.0480341,-0.0304824,0.00551265,3.21312e-08,360256.0832,-0.03492778838,0.005536786696,2.820916826e-10,6.3083138827134615
9,9:12546185:T:G,12546185,G,T,0.371478,0.0200307,0.00243756,2.08423e-16,360823.3106,0.01951244376,0.002438549144,1.227518796e-15,8.001661072941658
9,9:24122537:A:C,24122537,C,A,0.70472,-0.0469887,0.00259746,4.10131e-73,356281.2647,-0.04701752445,0.002598651886,3.6154984740000003e-73,18.093044591044542
9,9:29337191:G:A,29337191,A,G,0.54799,0.0184301,0.00239413,1.3854e-14,352574.5613,0.01806186184,0.002395025176,4.6492429940000007e-14,7.541407923805473
9,9:30209806:A:C,30209806,C,A,0.654778,-0.0190326,0.00247669,1.53737e-14,361021.602,-0.01858188086,0.002477607817,6.385277499000001e-14,7.499928250347461
21,21:15535823:C:T,15535823,T,C,0.382903,0.0201163,0.00262586,1.85179e-14,307154.5915,0.02016880313,0.002626114094,1.5897187980000002e-14,7.680094012701337
21,21:16181204:C:A,16181204,A,C,0.202443,-0.0153378,0.00294361,1.88379e-07,357739.6942,-0.0152602708,0.0029437302,2.171874429e-07,5.183990978521061
21,21:16727737:G:A,16727737,A,G,0.0614959,0.028441,0.00490236,6.57788e-09,360821.0525,0.03139885334,0.004934434764,1.975779854e-10,6.36321176420765
21,21:16730520:T:A,16730520,A,T,0.165185,-0.0151885,0.00318037,1.79161e-06,358823.9062,-0.0175676421,0.003201162472,4.067527382e-08,5.487894555075242
21,21:17151300:T:A,17151300,A,T,0.230541,-0.0227484,0.00279644,4.13952e-16,360745.3883,-0.02298188688,0.002796881222,2.0871062989999998e-16,8.216969208140366
21,21:17774631:C:A,17774631,A,C,0.285969,-0.015189,0.00260892,5.82183e-09,360102.9606,-0.01543931946,0.002609202748,3.273578498e-09,5.917255557021972
21,21:26565877:C:A,26565877,A,C,0.720074,-0.0136761,0.00262676,1.9261e-07,359858.071,-0.01363595913,0.002626877671,2.092372924e-07,5.190938002381002
21,21:27281318:T:G,27281318,G,T,0.508428,0.0127534,0.00235629,6.21965e-08,360674.7704,0.01269924793,0.002356394869,7.074449406e-08,5.389269895749378
21,21:29366604:G:C,29366604,C,G,0.304911,-0.0187993,0.00256272,2.21058e-13,359537.5857,-0.01885399333,0.002562943677,1.889614345e-13,7.356382233131687
21,21:30553815:G:A,30553815,A,G,0.0482394,0.0339612,0.00550123,6.69159e-10,360188.5824,0.03414456227,0.005501569791,5.423593968e-10,6.20633084140039
21,21:32800465:G:A,32800465,A,G,0.11135,-0.0216482,0.00373928,7.06949e-09,361732.8355,-0.02168919099,0.003739470938,6.628747655e-09,5.80006940810727
21,21:34912367:A:C,34912367,C,A,0.76989,-0.0188063,0.00279759,1.79107e-11,360942.8467,-0.01878811732,0.002797769724,1.875627295e-11,6.715390891119672
18,18:3586567:G:C,3586567,C,G,0.242134,0.0181498,0.00274965,4.09617e-11,360995.0148,0.01836314407,0.002749829641,2.423562386e-11,6.677920623228892
18,18:5402833:T:C,5402833,C,T,0.773708,0.0587009,0.00282671,9.89384e-96,357622.2022,0.05875641542,0.002828422441,7.507524438e-96,20.773564290921986
18,18:8597898:G:C,8597898,C,G,0.277355,-0.0140495,0.00262901,9.09559e-08,361557.0793,-0.0137630133,0.002629523516,1.658506703e-07,5.23403316846397
18,18:8671132:C:G,8671132,G,C,0.0177169,0.0592455,0.00892205,3.13396e-11,361534.6885,0.0585108793,0.008923977013,5.505123749e-11,6.556592337112063
11,11:4554993:T:C,4554993,C,T,0.0590999,-0.0283063,0.00499981,1.50193e-08,359939.0663,-0.02847138055,0.005000071249,1.239553751e-08,5.694194968860533
11,11:6851117:A:C,6851117,C,A,0.0319293,0.0334043,0.00671021,6.42312e-07,359506.1204,0.03328582972,0.006710481347,7.039362406e-07,4.96027453155515
11,11:7607810:G:C,7607810,C,G,0.0661214,0.0798753,0.00473405,7.58787e-64,361297.2909,0.07967953195,0.004735941402,1.615995437e-63,16.82443366304134
11,11:12234874:T:G,12234874,G,T,0.180864,0.024068,0.00305955,3.65647e-15,360750.6909,0.02394827247,0.003059894533,5.0162899460000004e-15,7.826502584231389
11,11:13254129:C:A,13254129,A,C,0.176614,-0.0185303,0.00308529,1.90313e-09,361443.972,-0.01896063388,0.003087652021,8.211019973e-10,6.14079363576055
11,11:13769454:G:C,13769454,C,G,0.0450262,-0.0327814,0.00567906,7.82467e-09,360790.5419,-0.03386229071,0.005683343266,2.55087613e-09,5.95816390549161
11,11:14289626:A:T,14289626,T,A,0.0131649,0.0551062,0.0103242,9.42517e-08,361323.079,0.05124037717,0.01034488481,7.299947179e-07,4.9532090604303205
11,11:14789300:A:G,14789300,G,A,0.547708,-0.012725,0.00237027,7.94049e-08,359506.275,-0.0130984774,0.002376295663,3.544941959e-08,5.5121412726325385
11,11:15712221:A:T,15712221,T,A,0.205189,0.0229998,0.00291337,2.92119e-15,361427.1727,0.0236350131,0.002915932464,5.254052666e-16,8.105473426355735
11,11:24380690:A:C,24380690,C,A,0.273552,0.0203439,0.00264155,1.34823e-14,360804.0723,0.02056042125,0.002641879731,7.110685377e-15,7.782497064019452
11,11:24749127:C:G,24749127,G,C,0.0399415,-0.0291627,0.00601411,1.24112e-06,360754.5435,-0.02962701228,0.006014557774,8.397992646e-07,4.9258837296522415
11,11:26025798:C:A,26025798,A,C,0.435897,-0.0168352,0.0023741,1.33196e-12,360997.4384,-0.01738823964,0.002376445697,2.537456264e-13,7.31691014945165
11,11:26508857:C:A,26508857,A,C,0.106098,-0.0184512,0.00382937,1.44827e-06,359770.151,-0.01969311395,0.003832993719,2.779893785e-07,5.137789256575612
11,11:29415314:T:G,29415314,G,T,0.135534,0.0167821,0.00344127,1.07907e-06,360614.0203,0.01687876218,0.003441743971,9.384200443e-07,4.904130673931527
11,11:30526683:A:T,30526683,T,A,0.296769,-0.029681,0.00257963,1.2468000000000002e-30,360175.3116,-0.03459177987,0.002741199319,1.654652245e-36,12.619213652299903
11,11:30581474:C:T,30581474,T,C,0.510534,0.00292141,0.00236021,0.215801,359463.3181,0.01338630386,0.002507825798,9.407467529e-08,5.337812487085676
11,11:32511736:T:C,32511736,C,T,0.0976234,-0.0252769,0.00397736,2.08409e-10,359024.8524,-0.02525505398,0.003977647495,2.1637579e-10,6.349243871345116
11,11:36901491:A:C,36901491,C,A,0.349484,0.0195653,0.00247013,2.36741e-15,360665.3965,0.01936176731,0.002470362595,4.591601248e-15,7.837621630601155
11,11:37983761:A:G,37983761,G,A,0.185993,0.0436761,0.00302856,3.91175e-47,360128.1577,0.04315385382,0.003030951099,5.3437153819999996e-46,14.237726842322768
11,11:38160445:G:T,38160445,T,G,0.235975,-0.0181775,0.00277738,5.96367e-11,359756.8251,-0.01700578649,0.002778933558,9.384768985e-10,6.119536914095591
11,11:43837913:T:A,43837913,A,T,0.299527,0.043705,0.00256581,4.910169999999999e-65,361976.6679,0.04371521111,0.002566849196,4.862804791000001e-65,17.030689289469265
20,20:860838:C:A,860838,A,C,0.0206193,-0.0481024,0.00829436,6.6603e-09,360460.9702,-0.04779598703,0.00829477505,8.303436482e-09,5.76218001596077
20,20:4515824:G:C,4515824,C,G,0.117549,0.0300406,0.00366004,2.26156e-16,360352.5542,0.03005089708,0.00366039099,2.2164842119999998e-16,8.209750587327285
20,20:4858081:T:C,4858081,C,T,0.27087,-0.0231299,0.00264919,2.5366200000000003e-18,361248.6754,-0.02311756427,0.002649473042,2.653721994e-18,8.725344211296187
20,20:11958731:T:G,11958731,G,T,0.126172,-0.0202774,0.00355034,1.12144e-08,360347.7728,-0.02026793772,0.003550507632,1.140016573e-08,5.708461949871398
20,20:18325640:A:G,18325640,G,A,0.0665099,-0.0273084,0.00484027,1.68301e-08,344282.3084,-0.0272104893,0.004840500468,1.893934834e-08,5.621420652654712
20,20:24481419:A:G,24481419,G,A,0.160131,0.029767,0.00321446,2.0483e-20,360316.0616,0.02975251902,0.003214839064,2.1474033570000002e-20,9.254746016113483
8,8:4261392:T:G,4261392,G,T,0.429531,0.0726606,0.0023803,2.1612e-204,359671.5132,0.07256378157,0.002383391007,1.369612551e-203,30.44560517216049
8,8:10445553:C:T,10445553,T,C,0.23425,0.033513,0.00278123,1.97547e-33,360665.4002,0.0331108598,0.002781845192,1.148800559e-32,11.902481092484892
8,8:11380426:T:C,11380426,C,T,0.0303962,-0.03598,0.00686667,1.60843e-07,360230.6367,-0.0349492171,0.006866991494,3.591015301e-07,5.089451054444542
8,8:15617640:A:T,15617640,T,A,0.597278,0.025551,0.00239966,1.8027500000000002e-26,361328.4434,0.02531619904,0.002400081931,5.185885335e-26,10.548056178003868
8,8:17728147:C:A,17728147,A,C,0.313311,-0.0289314,0.00254013,4.76061e-30,360508.7658,-0.0287381079,0.002540648814,1.153327371e-29,11.31132635948795
8,8:18534028:G:T,18534028,T,G,0.461223,0.012925,0.00236239,4.47385e-08,360961.1728,0.0130262263,0.002362523432,3.513835239e-08,5.51369189552233
8,8:19388401:C:G,19388401,G,C,0.439004,0.0220863,0.00237493,1.41476e-20,360317.7036,0.02196288368,0.002375264328,2.3196206740000002e-20,9.246500871965269
8,8:24217277:T:G,24217277,G,T,0.549054,-0.0110477,0.00238101,3.48668e-06,356641.1561,-0.01223055467,0.00238631558,2.970832358e-07,5.125288026657397
8,8:24372697:C:T,24372697,T,C,0.17751,-0.0170871,0.00308454,3.03376e-08,360369.8555,-0.01784689191,0.003091444163,7.787472232e-09,5.772995069295062
8,8:25627278:T:G,25627278,G,T,0.187049,0.0162791,0.00302622,7.48078e-08,359471.1067,0.01631623099,0.003026409051,6.995597433e-08,5.391284097768844
8,8:28579158:A:G,28579158,G,A,0.0254877,0.0513927,0.0074862,6.66024e-12,359601.8904,0.05159925317,0.007486743747,5.498159267e-12,6.892082180677847
8,8:30059929:G:A,30059929,A,G,0.0117983,-0.114778,0.0109147,7.3647e-26,360327.8224,-0.1201497308,0.01092738197,4.0261835899999997e-28,10.995289734527327
8,8:30158111:C:G,30158111,G,C,0.155328,-0.030924,0.00325139,1.8994899999999997e-21,360856.7747,-0.03247975052,0.003255108494,1.900994259e-23,9.97808539404094
8,8:31290841:T:C,31290841,C,T,0.679512,-0.0220398,0.0025198,2.2067200000000002e-18,361981.9124,-0.02195211596,0.002520160255,3.022620142e-18,8.71060319138316
8,8:36368187:C:A,36368187,A,C,0.508663,-0.00932881,0.00319748,0.00352814,195918.9981,-0.02390780512,0.003429315753,3.133646328e-12,6.971596330575629
8,8:36563478:A:G,36563478,G,A,0.681735,0.0261205,0.00279264,8.53887e-21,295772.0577,0.03441297519,0.002998628297,1.736718557e-30,11.47623906051601
8,8:37054927:C:G,37054927,G,C,0.0583493,-0.022702,0.00504497,6.80006e-06,357974.8221,-0.02641810527,0.005057496557,1.755214541e-07,5.223553782441062
8,8:37510123:C:G,37510123,G,C,0.456887,0.0120886,0.00236775,3.30053e-07,359846.7242,0.01203375476,0.00236789373,3.733827324e-07,5.082050181365191
8,8:40005901:G:C,40005901,C,G,0.154623,0.0183509,0.00325987,1.81031e-08,360376.4695,0.01831211638,0.003260048525,1.941553444e-08,5.617130002689147
8,8:40929233:T:C,40929233,C,T,0.772467,-0.0158573,0.00281135,1.69712e-08,360352.2158,-0.01604244459,0.002811898808,1.162066789e-08,5.705199825953338
8,8:41760371:G:T,41760371,T,G,0.349616,0.013661,0.00247141,3.24819e-08,360439.3004,0.01361012881,0.002472068453,3.679901587e-08,5.505563081589958
8,8:42521240:C:T,42521240,T,C,0.0449402,0.0432428,0.00569237,3.04661e-14,359913.6046,0.04100005352,0.005699767105,6.325037058e-13,7.193285754436102
8,8:43365782:G:T,43365782,T,G,0.151951,-0.0244964,0.00338502,4.60648e-13,339004.6874,-0.02320245303,0.003389231931,7.597929959e-12,6.845932501041339
10,10:3240542:G:T,3240542,T,G,0.736524,0.0409768,0.00267895,8.46759e-53,359208.5982,0.04099694642,0.00267982165,7.837608714e-53,15.298386151929176
10,10:7595479:G:T,7595479,T,G,0.0538555,-0.0257651,0.00520716,7.50078e-07,362299.6778,-0.02581368497,0.005207341718,7.152690518e-07,4.957171310799696
10,10:14141689:A:G,14141689,G,A,0.719837,-0.0169633,0.00262176,9.80023e-11,361081.7302,-0.01692808322,0.002621911914,1.0723077e-10,6.456388992174205
10,10:16885292:C:A,16885292,A,C,0.715604,-0.0155193,0.00261528,2.95796e-09,359593.2451,-0.01559814158,0.002615417705,2.462575636e-09,5.963919855012223
10,10:22196148:C:T,22196148,T,C,0.377091,0.0211704,0.00243261,3.2516900000000005e-18,360063.9052,0.02120820555,0.002432872691,2.847858463e-18,8.71735114971538
10,10:24475008:T:G,24475008,G,T,0.313082,-0.0400459,0.00253907,5.07453e-56,360807.0518,-0.03979841559,0.002540228332,2.532679059e-55,15.667259154875058
10,10:25355591:A:C,25355591,C,A,0.0137962,0.0625557,0.0100924,5.71394e-10,361181.4342,0.06022779094,0.0100939966,2.421085479e-09,5.966694197222139
10,10:29868894:A:T,29868894,T,A,0.29428,-0.0197356,0.002581,2.07013e-14,361782.2943,-0.01980812222,0.00258121879,1.667900588e-14,7.673941587880661
10,10:31039470:G:C,31039470,C,G,0.791827,-0.0304325,0.00290821,1.27042e-25,358961.5938,-0.03035323361,0.002908676752,1.708750181e-25,10.435409706193436
10,10:42507880:G:C,42507880,C,G,0.0613793,-0.0457323,0.00490713,1.17433e-20,360601.2757,-0.04613104998,0.004907754056,5.475764032e-21,9.399625460775127
10,10:43327931:C:G,43327931,G,C,0.139131,0.0584746,0.00340495,4.4632e-66,360048.4838,0.05857284419,0.003406350486,2.885100431e-66,17.19519011056926
10,10:48383750:A:T,48383750,T,A,0.236681,0.0336899,0.00277179,5.50981e-34,360355.2983,0.03355134613,0.002772395008,1.031498154e-33,12.101935702951605
10,10:53950620:G:T,53950620,T,G,0.353022,0.0262325,0.00246434,1.85967e-26,360636.8198,0.02620402004,0.002464743307,2.125701873e-26,10.631541209820597
10,10:56311708:G:T,56311708,T,G,0.147696,-0.0567803,0.00333814,7.392439999999999e-65,356430.0475,-0.05669221152,0.003339524731,1.233533439e-64,16.97613166141275
10,10:58836657:G:T,58836657,T,G,0.0790616,-0.0335466,0.00436493,1.52794e-14,360642.7157,-0.03357955533,0.004365320384,1.44461175e-14,7.692346122652884
10,10:63134694:C:T,63134694,T,C,0.507632,0.0253857,0.00235321,3.97296e-27,361409.0564,0.0259877801,0.00235383703,2.4339432220000002e-28,11.040602968167256
10,10:64742757:G:T,64742757,T,G,0.032179,-0.0697264,0.00666808,1.37618e-25,361242.143,-0.07140485967,0.006669764001,9.564770886999999e-27,10.705755055095539
10,10:66639374:C:T,66639374,T,C,0.177,0.0465783,0.00308792,2.1387799999999998e-51,360014.0656,0.04642349235,0.003089212248,4.841246691e-51,15.027615010932069
10,10:67766201:T:C,67766201,C,T,0.482018,0.0315756,0.00235618,6.08576e-41,360817.8964,0.03115224064,0.002356987472,7.0025421360000006e-40,13.216973365397676
10,10:69966224:A:T,69966224,T,A,0.633233,-0.0116957,0.00244438,1.71284e-06,360562.2262,-0.01219938315,0.002444716206,6.034742757e-07,4.990101967688269
10,10:70404450:A:C,70404450,C,A,0.120723,0.0386419,0.00362219,1.44821e-26,359172.6542,0.03919031877,0.003623138245,2.8699275809999998e-27,10.816677730716842
10,10:74598013:C:G,74598013,G,C,0.590021,-0.0254739,0.00268409,2.30811e-21,287038.3031,-0.0256420104,0.002684536063,1.275268594e-21,9.551747414912638
10,10:80896585:T:G,80896585,G,T,0.118855,0.0278769,0.00364075,1.90929e-14,360397.5576,0.02784683673,0.00364104281,2.040676296e-14,7.648038812814728
10,10:83516278:C:T,83516278,T,C,0.507056,-0.0198124,0.00235495,4.00842e-17,360908.3907,-0.01988997859,0.002355188077,3.035868751e-17,8.445176325508378
10,10:90964524:G:C,90964524,C,G,0.600899,-0.015454,0.0024074,1.37007e-10,359971.8293,-0.01543491957,0.002407563202,1.44555636e-10,6.41101324242619
10,10:94801320:A:G,94801320,G,A,0.101988,-0.0195008,0.00390249,5.82499e-07,358718.6856,-0.01933762208,0.003902710864,7.235986748e-07,4.954920503688125
10,10:96215112:T:G,96215112,G,T,0.212341,0.027344,0.00287932,2.1795899999999998e-21,360776.7303,0.02822714195,0.002882368084,1.2061553490000002e-22,9.793038615258272
10,10:96508175:G:C,96508175,C,G,0.108642,0.0259503,0.00379034,7.5843e-12,359613.6594,0.02740741927,0.003794154709,5.063263804e-13,7.223590330933972
10,10:99052546:A:G,99052546,G,A,0.0649186,0.0515148,0.00478603,5.1638899999999995e-27,359740.8859,0.05272067689,0.004786983097,3.295518745e-28,11.013340933466012
10,10:101807707:T:G,101807707,G,T,0.0942118,0.0628544,0.00408633,2.2609999999999997e-53,350919.5214,0.06266419486,0.00408941406,5.325839581e-53,15.32351430806202
10,10:103182113:T:G,103182113,G,T,0.0121119,-0.0852708,0.010752,2.18489e-15,361680.3996,-0.08036533016,0.01077064414,8.553277967e-14,7.461515682385175
10,10:103499468:A:T,103499468,T,A,0.16178,-0.0293253,0.00320044,5.0779699999999997e-20,360160.0845,-0.02982529251,0.003205345595,1.341687783e-20,9.304860155024876
10,10:103931741:T:A,103931741,A,T,0.585899,-0.0429916,0.00239034,2.71779e-72,360629.5076,-0.04190967177,0.002393249178,1.168202602e-68,17.511620668359843
10,10:105340152:T:G,105340152,G,T,0.0179125,0.0577615,0.00887288,7.53001e-11,361253.8525,0.05106677015,0.008878759403,8.842058143e-09,5.751565937550387
10,10:105836164:G:C,105836164,C,G,0.527724,-0.0117202,0.00236206,6.98583e-07,359819.5466,-0.01166747126,0.002363369719,7.94169685e-07,4.936794766473015
10,10:106267549:C:T,106267549,T,C,0.398545,0.0988182,0.00240493,0.0,359233.8703,0.09829333316,0.002412151611,0.0,40.7492351275759
10,10:106658544:A:T,106658544,T,A,0.507771,0.0183946,0.00235309,5.41568e-15,361504.2931,0.0165812487,0.002354616516,1.894771855e-12,7.042016645737313
10,10:106867293:A:G,106867293,G,A,0.239638,-0.0221396,0.00276405,1.15184e-15,359379.7773,-0.02371588913,0.002764930589,9.704976720999999e-18,8.577390414193866
10,10:109060951:C:A,109060951,A,C,0.5526,0.0536259,0.00236983,2.71957e-113,359865.549,0.05362690233,0.002371561359,3.266022819e-113,22.61248781377197
10,10:113053258:A:T,113053258,T,A,0.238562,-0.0614211,0.00276247,1.90612e-109,360473.1264,-0.06194489445,0.002764461864,3.320117911e-111,22.407577856896058
10,10:113356297:A:T,113356297,T,A,0.610439,-0.0204198,0.00241479,2.77388e-17,360775.0408,-0.02028554841,0.002415057371,4.479507016e-17,8.399613464089422
10,10:114188254:T:C,114188254,C,T,0.0196121,-0.0559557,0.00848951,4.37017e-11,361043.4666,-0.05664475884,0.00849030484,2.528586726e-11,6.671699062338967
10,10:115432008:T:G,115432008,G,T,0.822039,0.0146804,0.00308023,1.87983e-06,360485.7647,0.01518242371,0.003080611728,8.291444408e-07,4.928379507227533
10,10:115901470:A:G,115901470,G,A,0.404705,-0.0171958,0.00239879,7.59556e-13,360895.8902,-0.01754069482,0.002399199668,2.650414191e-13,7.311060873321195
10,10:117777330:T:C,117777330,C,T,0.0313438,-0.0335962,0.00675973,6.69656e-07,360652.7789,-0.03397985614,0.006760099696,4.994296796e-07,5.0265318069356475
10,10:124519009:C:A,124519009,A,C,0.0778171,0.0263704,0.00439353,1.94948e-09,361190.5845,0.0265959031,0.004393801553,1.421282049e-09,6.053050593930635
10,10:129647452:G:T,129647452,T,G,0.506458,-0.0182783,0.00235802,9.10063e-15,359968.1121,-0.01811695316,0.00235826076,1.5621262e-14,7.682336689518593
10,10:130159361:C:T,130159361,T,C,0.055544,0.0328772,0.0051422,1.62225e-10,360689.0919,0.03279914056,0.005142556353,1.794346126e-10,6.377983693045201
10,10:131708333:T:A,131708333,A,T,0.497403,-0.0308171,0.00235236,3.3386499999999995e-39,361540.5863,-0.03077328757,0.002352932637,4.358606123e-39,13.078694683429648
22,22:17889133:T:C,17889133,C,T,0.429289,0.0176272,0.00238304,1.39649e-13,359795.8859,0.01675837121,0.002383659968,2.057639046e-12,7.030520894329171
22,22:18286776:A:T,18286776,T,A,0.253525,0.0467368,0.00271285,1.74162e-66,359173.7182,0.0464946275,0.002714488769,9.125463879000001e-66,17.1283182420859
22,22:19493936:G:A,19493936,A,G,0.0810941,0.0193402,0.00431773,7.49272e-06,360375.6668,0.02166233871,0.00434430706,6.152307524e-07,4.98637375554204
22,22:19598245:C:T,19598245,T,C,0.471922,0.0129556,0.0023568,3.86315e-08,361660.3102,0.01474867982,0.002371524743,5.001082376e-10,6.219070605749948
22,22:19652578:A:G,19652578,G,A,0.0544535,-0.0426303,0.0051903,2.15625e-16,360891.0479,-0.04270691771,0.005193230734,1.97526652e-16,8.223574090478685
22,22:20817858:A:C,20817858,C,A,0.16453,-0.0156746,0.003178,8.13298e-07,360610.0759,-0.0155480441,0.003178135315,9.97197416e-07,4.892190721589839
22,22:21362180:A:G,21362180,G,A,0.0939524,-0.0236853,0.00403243,4.26541e-09,361673.6764,-0.02343048252,0.004032774266,6.246691751e-09,5.810015878533182
22,22:22157542:T:G,22157542,G,T,0.37975,-0.0186415,0.00242827,1.63411e-14,360430.3781,-0.01851102423,0.002428535575,2.491970253e-14,7.622298977440344
22,22:26861003:A:C,26861003,C,A,0.0252657,-0.0504358,0.00751236,1.90009e-11,360185.4681,-0.05079624518,0.007512936873,1.368815702e-11,6.761170237241257
22,22:27016839:C:A,27016839,A,C,0.554609,-0.0262381,0.00237138,1.88534e-28,360307.0051,-0.02618403284,0.00237181047,2.459024732e-28,11.03968178367979
22,22:29426842:A:C,29426842,C,A,0.0303047,-0.0409807,0.0068821,2.60819e-09,359683.7783,-0.04567935839,0.006899391439,3.573064748e-11,6.620780802751609
22,22:29428421:T:A,29428421,A,T,0.142308,-0.0325093,0.0033778,6.3465e-22,359426.7987,-0.03414893195,0.003386780411,6.5684313799999995e-24,10.083007401096015
22,22:31180778:A:T,31180778,T,A,0.0692208,0.0261877,0.00465742,1.88033e-08,358210.6424,0.02653423415,0.00465832425,1.225861873e-08,5.696089994164747
22,22:34288923:T:G,34288923,G,T,0.0242973,-0.0516756,0.00765457,1.47109e-11,360395.0855,-0.05216648787,0.007655126251,9.453804034e-12,6.8145823020469996
22,22:45069282:A:G,45069282,G,A,0.0236424,-0.077709,0.00774964,1.16302e-23,361049.2407,-0.07737221963,0.007750759676,1.8176499709999998e-23,9.982533695320319
22,22:47287145:A:G,47287145,G,A,0.703303,0.0372983,0.00257999,2.34246e-47,360252.7858,0.03714210902,0.002580756607,5.813701153999999e-47,14.391945726015534
22,22:49886542:C:T,49886542,T,C,0.0535087,-0.0505784,0.00523561,4.46614e-22,360547.8377,-0.05449205942,0.005254868303,3.4015068740000003e-25,10.369823995187572
22,22:49898213:C:A,49898213,A,C,0.0955423,-0.0276699,0.004006,4.9539e-12,360983.7568,-0.03043252152,0.004019172682,3.6798224110000004e-14,7.571837272952482
22,22:50123138:G:C,50123138,C,G,0.0350426,0.0328472,0.00639609,2.81524e-07,361897.5559,0.03408759775,0.00640062798,1.005845918e-07,5.3256645842428725
17,17:29003181:G:T,29003181,T,G,0.441601,0.027551,0.00237969,5.4248099999999995e-31,358300.1872,0.02787639228,0.002381410606,1.189864726e-31,11.705831917337148
17,17:29024461:C:G,29024461,G,C,0.104552,-0.0189743,0.00385035,8.31375e-07,360597.3554,-0.02064654858,0.003852640441,8.365399184e-08,5.359064489973774
17,17:31559879:A:G,31559879,G,A,0.523135,-0.0132842,0.00235726,1.74753e-08,361045.9835,-0.01316815499,0.002357489339,2.328023438e-08,5.585668945415325
17,17:32729178:C:T,32729178,T,C,0.151453,0.027023,0.00328842,2.08268e-16,360093.3807,0.02690691002,0.003288774223,2.804710082e-16,8.181440316524885
17,17:41170222:C:G,41170222,G,C,0.245076,-0.016419,0.002741,2.09846e-09,360047.2961,-0.0166015477,0.002741159354,1.392047058e-09,6.056396420651144
17,17:42919764:G:A,42919764,A,G,0.0815103,0.0342304,0.00430614,1.88238e-15,360483.7761,0.03431929298,0.004306567086,1.5988537940000001e-15,7.969060343113391
17,17:48881691:G:T,48881691,T,G,0.41984,-0.0197659,0.00238364,1.11453e-16,361600.8236,-0.01661931272,0.002406231155,4.957727823e-12,6.906781455915445
17,17:49080321:G:C,49080321,C,G,0.313607,0.0249572,0.00253902,8.46069e-23,360593.3637,0.0226901145,0.00256311134,8.552906538e-19,8.852566857279013
17,17:49933597:C:G,49933597,G,C,0.165435,-0.0402642,0.00317027,5.97974e-37,360537.6246,-0.04004966879,0.003171215333,1.458950034e-36,12.629123091465576
17,17:50488274:T:C,50488274,C,T,0.0617095,0.0361764,0.0048919,1.41541e-13,361172.4975,0.03635254691,0.004892407382,1.082692441e-13,7.430400633386993
17,17:52118875:A:C,52118875,C,A,0.0586087,0.084712,0.00501488,5.44451e-64,360435.7655,0.08443842613,0.005017330926,1.487218634e-63,16.829351576639453
17,17:53318500:T:A,53318500,A,T,0.868694,-0.0195084,0.0034886,2.24567e-08,360523.4379,-0.01881239318,0.003489205322,6.983377376e-08,5.391598213319474
17,17:56730889:C:T,56730889,T,C,0.0582966,-0.0257294,0.00502401,3.03627e-07,361189.4245,-0.02638492456,0.005024424948,1.510030521e-07,5.251332208773993
17,17:58171619:G:C,58171619,C,G,0.0305919,0.0414619,0.00684786,1.40799e-09,359880.1075,0.04178674563,0.006848248736,1.048708344e-09,6.101814820237861
17,17:59906571:A:C,59906571,C,A,0.61477,0.0335918,0.00248144,9.65413e-42,343046.2808,0.0334945155,0.00248214514,1.6922546729999997e-41,13.494180884200834
17,17:63861937:T:A,63861937,A,T,0.152744,-0.0744346,0.00337012,5.01741e-108,340042.2338,-0.07452268114,0.0033725963,3.412970903e-108,22.096531725424715
17,17:64743568:G:T,64743568,T,G,0.111017,0.0213532,0.00375667,1.3161e-08,359332.7809,0.02093205674,0.003756885439,2.523356634e-08,5.571651592754356
17,17:66326268:T:C,66326268,C,T,0.305378,0.0167097,0.00255711,6.38672e-11,360818.1885,0.01674198659,0.002557293087,5.879835618e-11,6.546760977499174
17,17:67414149:C:A,67414149,A,C,0.185106,0.0245721,0.00303069,5.17218e-16,361194.5886,0.02470843578,0.003030998488,3.582121638e-16,8.15191293490345
17,17:69673808:T:C,69673808,C,T,0.43706,-0.0305509,0.00237624,8.02805e-38,360115.5236,-0.02997742271,0.002379263377,2.126075166e-36,12.59945536075891
17,17:70109114:G:T,70109114,T,G,0.102353,-0.0296738,0.0038878,2.30722e-14,360363.4415,-0.02755026772,0.00389219366,1.458920711e-12,7.0783393958871
17,17:72890778:C:T,72890778,T,C,0.281138,-0.0338257,0.00261715,3.33256e-38,361411.4613,-0.03378129489,0.002617779035,4.2421434369999997e-38,12.904563157676904
17,17:77332769:G:C,77332769,C,G,0.460841,-0.0131558,0.00236702,2.73134e-08,359513.9795,-0.01288732468,0.002367516821,5.227511586e-08,5.443393079909188
17,17:77447309:C:G,77447309,G,C,0.207434,-0.0270563,0.0029018,1.12673e-20,361468.2387,-0.02690874172,0.002902636139,1.8536310150000002e-20,9.270449491912704
17,17:79419610:C:A,79419610,A,C,0.257593,0.0398027,0.00269504,2.4050099999999996e-49,360126.7747,0.039959312,0.002695889674,1.051070793e-49,14.822309824240975
17,17:80461147:T:C,80461147,C,T,0.200941,0.0216638,0.00293403,1.54354e-13,362062.0586,0.02179975888,0.002934264314,1.091094903e-13,7.42937804750196
20,20:32257005:C:G,32257005,G,C,0.648337,-0.0191221,0.00246987,9.79863e-15,359899.8792,-0.01908943159,0.002470082619,1.090296531e-14,7.728256311413688
20,20:39973256:T:A,39973256,A,T,0.253629,-0.0136031,0.0027117,5.26565e-07,359635.3426,-0.01353253331,0.002711826419,6.03194439e-07,4.990191560634693
20,20:41218719:T:G,41218719,G,T,0.528448,0.0125578,0.00236077,1.04187e-07,360459.4393,0.01251049142,0.00236087609,1.163821942e-07,5.2990885345448175
20,20:45950366:A:C,45950366,C,A,0.233455,-0.0207061,0.00278808,1.11616e-13,359841.9911,-0.02060835327,0.002788398728,1.460047265e-13,7.390748339919628
20,20:46621422:G:A,46621422,A,G,0.0168304,-0.048796,0.00915422,9.80345e-08,361018.9068,-0.04818842136,0.009154909045,1.412077078e-07,5.263670138407148
20,20:56926680:T:A,56926680,A,T,0.571158,0.0168279,0.00237788,1.47763e-12,361439.8864,0.01689977764,0.002378057349,1.189816726e-12,7.106547555342408
20,20:58081755:C:G,58081755,G,C,0.0162768,-0.0605901,0.00929998,7.27474e-11,361470.3918,-0.06056349892,0.009300589404,7.425975525e-11,6.511791488607468
20,20:64096271:G:C,64096271,C,G,0.176822,-0.0633109,0.00308574,1.70886e-93,360806.689,-0.06229137065,0.003091088157,2.5886039e-90,20.151923040090765
20,20:64174781:A:G,64174781,G,A,0.0219609,0.0624248,0.00803885,8.16087e-15,360630.8563,0.05460861058,0.008048778063,1.1632137e-11,6.784708206955563
11,11:58848272:A:G,58848272,G,A,0.0740961,-0.0496776,0.00451037,3.30223e-28,358467.773,-0.05064543527,0.004516227464,3.47697661e-29,11.214101963133537
11,11:59867280:C:A,59867280,A,C,0.190893,0.0142864,0.00300288,1.96006e-06,359321.655,0.01593845362,0.003006650648,1.151284349e-07,5.3010660319322875
11,11:60449702:G:C,60449702,C,G,0.40485,-0.0231861,0.00239781,4.08138e-22,361177.0317,-0.02297057989,0.002398287778,9.903035085e-22,9.5779080812211
11,11:60993498:A:C,60993498,C,A,0.26029,0.0184291,0.00268663,6.91876e-12,360073.5492,0.01826506425,0.002687174593,1.067267621e-11,6.797125984139581
11,11:61779715:C:G,61779715,G,C,0.0132828,0.0521896,0.0102919,3.96066e-07,360477.559,0.05142801618,0.01029292656,5.839756281e-07,4.996442545296855
11,11:63460603:A:T,63460603,T,A,0.0115791,0.0667097,0.01102,1.41866e-09,360046.4627,0.0661177203,0.01102085491,1.981361241e-09,5.999327714586526
11,11:63792087:G:T,63792087,T,G,0.230889,-0.0332218,0.0027965,1.52906e-32,360238.9263,-0.03340069323,0.002797114518,7.223971205e-33,11.94112468941109
11,11:68348344:G:C,68348344,C,G,0.441086,-0.0121023,0.00238077,3.71038e-07,358136.1736,-0.01233685283,0.002380920153,2.200515598e-07,5.18154832469092
11,11:69913480:A:T,69913480,T,A,0.199204,0.01903,0.00295199,1.14607e-10,359983.6822,0.01901152094,0.002952684343,1.204816798e-10,6.438724472892292
11,11:70105667:A:T,70105667,T,A,0.672921,-0.0133365,0.00251091,1.0883e-07,360636.4774,-0.01315077347,0.002511458855,1.638200021e-07,5.236308547845989
11,11:71166318:G:A,71166318,A,G,0.760781,0.0235386,0.00277925,2.47533e-17,355946.4021,0.0233118477,0.002779794484,5.022083444e-17,8.386176688305133
11,11:72127488:A:T,72127488,T,A,0.0774994,-0.0291152,0.00440533,3.87234e-11,360668.4681,-0.0242847987,0.004445712037,4.694179945e-08,5.462521750821171
11,11:72289207:C:A,72289207,A,C,0.539181,0.0202207,0.00237035,1.46065e-17,358430.1949,0.01856971858,0.002392211559,8.322296691e-15,7.762573719760209
11,11:74591016:T:C,74591016,C,T,0.96738,-0.0338151,0.00662996,3.39215e-07,360784.9967,-0.03307136403,0.006632049122,6.145168773e-07,4.986598172244358
11,11:75515067:G:C,75515067,C,G,0.0254793,0.0570508,0.00748024,2.41104e-14,360166.1556,0.05435985004,0.007485581671,3.815755486e-13,7.2619406786511025
11,11:75693637:G:T,75693637,T,G,0.08715,0.0383623,0.00417181,3.7477099999999995e-20,361380.9007,0.0379834032,0.004174232474,9.075368008000001e-20,9.099493963641663
11,11:79813429:A:G,79813429,G,A,0.191859,-0.0318518,0.00299459,2.03515e-26,359833.9046,-0.03231087248,0.002995539068,3.9942382549999996e-27,10.78632985467042
11,11:79966440:G:T,79966440,T,G,0.577004,0.0150108,0.00238893,3.31421e-10,359263.4251,0.01559012712,0.002389446347,6.819362716e-11,6.5245771848251515
11,11:80479862:A:C,80479862,C,A,0.867109,0.0171836,0.00347285,7.50233e-07,360090.6297,0.01716553961,0.003472994209,7.709683271e-07,4.9425765138095565
11,11:85962429:A:G,85962429,G,A,0.0206068,0.0719631,0.00831226,4.842840000000001e-18,358827.7991,0.07125824343,0.008313306383,1.020670167e-17,8.571588745449947
11,11:87608733:T:G,87608733,G,T,0.822204,0.0337355,0.00309852,1.33408e-27,356474.1978,0.03344336279,0.003099105423,3.7841657119999996e-27,10.791295624150182
11,11:89625802:A:T,89625802,T,A,0.592781,-0.0205558,0.00283053,3.81669e-13,258724.0389,-0.02076545742,0.002831084671,2.220425377e-13,7.334806207920724
11,11:91409440:T:A,91409440,A,T,0.18806,0.0146651,0.00301039,1.10809e-06,361649.8293,0.01473432784,0.003010801754,9.889629703e-07,4.893821992904286
11,11:94819736:A:T,94819736,T,A,0.043163,-0.0458684,0.00580604,2.79409e-15,359416.1815,-0.0435681788,0.005814399107,6.723873483e-14,7.493152430411586
11,11:95048086:C:G,95048086,G,C,0.264583,0.019277,0.00266926,5.13772e-13,360946.2643,0.01809299451,0.002673026361,1.299174663e-11,6.768730295361274
11,11:97434616:A:G,97434616,G,A,0.0109728,0.1459,0.0113159,5.0037e-38,359979.898,0.1393099444,0.01133402256,1.008626562e-34,12.291306432691623
11,11:97757252:C:G,97757252,G,C,0.870819,0.0208176,0.00351484,3.16835e-09,360083.0645,0.01999844932,0.003516306735,1.290296672e-08,5.687344940912841
11,11:98205149:A:C,98205149,C,A,0.691234,-0.0236501,0.00255058,1.8286099999999998e-20,360368.3106,-0.02235139981,0.002553801271,2.092184032e-18,8.75220795909769
11,11:100002255:G:C,100002255,C,G,0.305994,0.0250223,0.00255509,1.21307e-22,360893.2193,0.02483683069,0.002555531864,2.505957839e-22,9.71884993487211
11,11:102831233:T:G,102831233,G,T,0.100527,0.0208965,0.00391255,9.25472e-08,361541.1524,0.02015057466,0.00391421883,2.632153615e-07,5.148044995736735
11,11:103115651:T:A,103115651,A,T,0.115977,0.0201541,0.00367797,4.26407e-08,360823.4208,0.01945178603,0.003679553718,1.24711166e-07,5.28645252135982
11,11:104265557:G:T,104265557,T,G,0.0413871,-0.032087,0.00591233,5.73039e-08,360845.7655,-0.03250517386,0.005913031064,3.858469791e-08,5.4972100616720185
11,11:106653815:A:G,106653815,G,A,0.110695,-0.0253798,0.00375548,1.40043e-11,360427.5557,-0.0261046206,0.003757384255,3.716804151e-12,6.947551495501755
11,11:107105410:T:G,107105410,G,T,0.735306,0.0137201,0.00266611,2.66051e-07,361728.3336,0.01390076771,0.002667628384,1.879180115e-07,5.210908608325858
11,11:107883135:A:G,107883135,G,A,0.389729,-0.0156967,0.00241742,8.41727e-11,360032.851,-0.01564277275,0.002418063845,9.856785431e-11,6.469131401284402
11,11:109938481:C:A,109938481,A,C,0.0336483,-0.0349978,0.00653266,8.4502e-08,360636.4709,-0.03535060462,0.006533132093,6.268304887e-08,5.410973498894475
11,11:112531045:A:T,112531045,T,A,0.259395,0.030243,0.00268919,2.4464e-29,360113.1193,0.03051339767,0.002689782121,7.925732623e-30,11.344189342241524
11,11:113089221:C:A,113089221,A,C,0.42936,0.0156355,0.00238168,5.21367e-11,360064.3044,0.01574506133,0.002381960637,3.839915378e-11,6.61012658455615
11,11:115139431:A:T,115139431,T,A,0.305658,-0.0230977,0.00255429,1.53587e-19,361355.5947,-0.02058784033,0.002571243188,1.1757909280000001e-15,8.006959600742363
11,11:115281278:A:G,115281278,G,A,0.352454,0.0239663,0.00246915,2.85274e-22,359584.4269,0.02112082326,0.002486557753,1.996431253e-17,8.494000686096271
11,11:115665029:T:C,115665029,C,T,0.16578,0.0196122,0.00316942,6.10181e-10,360216.9771,0.01897558858,0.003170928644,2.174065366e-09,5.984237020251283
11,11:119115397:A:G,119115397,G,A,0.0526721,-0.0251575,0.00526083,1.73585e-06,362381.2768,-0.02678802881,0.005264842413,3.616744077e-07,5.088096985363653
11,11:119613617:T:G,119613617,G,T,0.276007,-0.0227209,0.00263567,6.68921e-18,360459.6055,-0.02262974088,0.00263644318,9.208067259e-18,8.583435839493418
11,11:119784623:C:G,119784623,G,C,0.0210994,0.0417422,0.00820972,3.68799e-07,359489.3612,0.04245127005,0.008216160992,2.38134378e-07,5.166801148533289
11,11:123161343:A:T,123161343,T,A,0.83115,0.0382603,0.00315253,6.878510000000001e-34,358678.5692,0.03809789649,0.003153222793,1.31148491e-33,12.08220889896377
11,11:124744368:A:G,124744368,G,A,0.217778,0.0217023,0.00285626,3.0108e-14,360058.879,0.02189141456,0.00285655676,1.808386429e-14,7.663567154184606
11,11:125709158:G:A,125709158,A,G,0.603195,-0.0154858,0.00240912,1.29488e-10,360231.0257,-0.01564247352,0.002409301685,8.440436527e-11,6.492534171784302
11,11:127316173:T:A,127316173,A,T,0.152579,0.0283802,0.00327409,4.41123e-18,361008.199,0.02849729537,0.003274458646,3.235009384e-18,8.702902815649118
11,11:129403558:G:T,129403558,T,G,0.0792836,0.0372204,0.00436396,1.48124e-17,359935.0458,0.03711358187,0.004364458396,1.838097047e-17,8.503593917635778
2,2:1989301:G:T,1989301,T,G,0.143236,0.0207613,0.00336437,6.79671e-10,360061.9424,0.02078348984,0.003364564696,6.526057932e-10,6.177170516206355
2,2:4889517:T:G,4889517,G,T,0.131426,-0.0423705,0.00349321,7.49446e-34,358945.5521,-0.04253972305,0.003493945664,4.210115811e-34,12.17526748864747
2,2:7107712:A:C,7107712,C,A,0.0394795,0.0439769,0.00604674,3.52738e-13,360711.0882,0.04403351049,0.006047277926,3.300249443e-13,7.281542378047467
2,2:11017327:G:A,11017327,A,G,0.595193,0.0224249,0.00240292,1.04125e-20,359463.1574,0.022414682,0.00240323585,1.09037643e-20,9.32687567888936
2,2:11553686:C:G,11553686,G,C,0.0329074,-0.0330833,0.00661192,5.6301e-07,359498.4265,-0.03369137999,0.006613318288,3.497102857e-07,5.094474290029816
2,2:11688744:T:A,11688744,A,T,0.0584631,0.0300085,0.00501813,2.2332e-09,360826.1488,0.03044120879,0.005019234294,1.32026823e-09,6.064910902124945
2,2:13232934:C:A,13232934,A,C,0.16848,0.0220398,0.00315265,2.73638e-12,359180.201,0.0216747319,0.003154251584,6.348904899e-12,6.871592618022444
2,2:13577707:A:T,13577707,T,A,0.30265,-0.0175585,0.00256343,7.41627e-12,360622.764,-0.01939438472,0.002590705078,7.092794118e-14,7.486141469631226
2,2:13742011:T:G,13742011,G,T,0.321886,-0.012821,0.00252105,3.66702e-07,360533.1265,-0.01544181591,0.002546889412,1.33597377e-09,6.063009974930155
2,2:13954228:G:C,13954228,C,G,0.120586,0.0233952,0.00361776,1.00246e-10,360349.4622,0.02369566425,0.003618034401,5.779974804e-11,6.54931977524887
2,2:14717784:T:G,14717784,G,T,0.0865326,0.0328984,0.00418749,3.96532e-15,360818.9909,0.03272042902,0.00418808896,5.596019236e-15,7.8127349568047375
2,2:19854343:C:G,19854343,G,C,0.21603,-0.0148101,0.00285738,2.18337e-07,361711.4662,-0.01461619568,0.002857514111,3.137345547e-07,5.115003850281949
2,2:24946733:T:A,24946733,A,T,0.0134119,0.0751352,0.0102443,2.23256e-13,360154.1548,0.07517590989,0.01024508107,2.172039138e-13,7.337756468334125
2,2:29522064:T:A,29522064,A,T,0.0116679,0.0635001,0.0109689,7.08226e-09,360480.6165,0.06351365257,0.01096944545,7.036490426e-09,5.790051362167993
2,2:32149909:C:T,32149909,T,C,0.360877,0.0256061,0.00245582,1.88827e-25,359481.0589,0.02560813393,0.002456209668,1.8891326999999999e-25,10.425874575622752
2,2:38788423:C:G,38788423,G,C,0.138567,-0.029564,0.00340825,4.17994e-18,360669.357,-0.02963421305,0.003408621274,3.502054427e-18,8.693900163107413
2,2:40318472:C:A,40318472,A,C,0.3357,-0.0146999,0.00249378,3.75923e-09,360637.0438,-0.01460728196,0.002493942676,4.710078104e-09,5.857104134978922
2,2:42402538:C:G,42402538,G,C,0.0203488,0.0649624,0.00834372,6.94641e-15,360363.8979,0.06480061418,0.008344509644,8.122197390000001e-15,7.765658731857772
2,2:45306290:A:T,45306290,T,A,0.792444,-0.0151694,0.00289917,1.67486e-07,361792.8173,-0.01542874516,0.002899305101,1.028969503e-07,5.321532099080731
2,2:49524136:A:T,49524136,T,A,0.46251,0.0199175,0.00236432,3.64525e-17,359877.2438,0.0199664352,0.002364568474,3.066381053e-17,8.4440080376374
2,2:52503536:C:G,52503536,G,C,0.0322956,-0.0343893,0.00665202,2.34523e-07,361675.2447,-0.0339584756,0.006653991363,3.334733721e-07,5.103474553458029
2,2:53106458:T:G,53106458,G,T,0.0351286,0.0384048,0.0064045,2.01761e-09,359749.2562,0.03611178233,0.006406726515,1.734988547e-08,5.63654188226263
2,2:53320467:G:C,53320467,C,G,0.433755,0.0596623,0.00237628,5.44043e-139,360031.2497,0.05968119367,0.002378497795,6.08571857e-139,25.091969307459458
2,2:56189695:G:C,56189695,C,G,0.523771,-0.0180498,0.00236045,2.06596e-14,359854.2084,-0.01871723027,0.00236124437,2.247742627e-15,7.926850142156188
2,2:58255803:C:T,58255803,T,C,0.0625142,-0.039405,0.0048584,5.04853e-16,361522.3166,-0.04032428604,0.004860028534,1.066571113e-16,8.297129483478871
2,2:65139413:G:A,65139413,A,G,0.296982,-0.0152168,0.00257469,3.42098e-09,361372.9166,-0.01515026928,0.002574825909,4.004738228e-09,5.883997526607147
2,2:67934274:C:A,67934274,A,C,0.0901801,-0.0248738,0.00410776,1.40273e-09,361263.178,-0.02498207568,0.004108415751,1.196531764e-09,6.080707794462937
2,2:68556593:A:C,68556593,C,A,0.154854,0.0240285,0.00325313,1.51333e-13,361094.9591,0.02497495295,0.003260751858,1.870044857e-14,7.659262046796325
2,2:68706071:A:C,68706071,C,A,0.0759899,0.019497,0.00444303,1.1431e-05,360852.5563,0.02216237119,0.00445364634,6.483440471e-07,4.976230598049687
2,2:71454692:G:C,71454692,C,G,0.22172,-0.0199613,0.00283658,1.96623e-12,360208.1468,-0.01991799526,0.002836810719,2.198709066e-12,7.02126339504994
2,2:72639174:A:T,72639174,T,A,0.10746,0.0318299,0.00380374,5.87843e-17,360382.3357,0.03172065776,0.003804167094,7.530400285e-17,8.338397598262807
2,2:77464671:C:A,77464671,A,C,0.294833,-0.0221267,0.00257952,9.70192e-18,361501.2343,-0.02209566036,0.002579805528,1.082119052e-17,8.564855032747259
2,2:79724245:A:T,79724245,T,A,0.0563334,0.0505647,0.00510416,3.92448e-23,361071.2499,0.05056478957,0.005105041578,3.9647261189999996e-23,9.904873211592871
2,2:81278275:C:T,81278275,T,C,0.237115,0.0209172,0.00276818,4.15656e-14,360801.6907,0.02055161759,0.00276859977,1.144026379e-13,7.423108898835169
2,2:83669858:A:T,83669858,T,A,0.0109867,-0.064702,0.0112968,1.02038e-08,360681.8342,-0.06437730573,0.01129792741,1.211131726e-08,5.6981518285396735
2,2:86238408:G:T,86238408,T,G,0.0151808,-0.0749504,0.00963196,7.19007e-15,360570.8498,-0.07394928703,0.009632942971,1.632293629e-14,7.676707653374938
2,2:90282136:A:T,90282136,T,A,0.0301521,0.0454017,0.0104225,1.3243e-05,157444.7765,0.06553640725,0.01077154332,1.170619527e-09,6.08421702471508
2,2:91439910:T:A,91439910,A,T,0.318882,-0.0238099,0.00390799,1.11189e-09,150757.7163,-0.02991507551,0.004039134479,1.29863666e-13,7.406308372630938
7,7:3572915:A:T,3572915,T,A,0.3603,0.0139194,0.00245717,1.47302e-08,359623.0573,0.01407432171,0.002457331022,1.01931635e-08,5.7274830228387525
7,7:4846091:A:C,4846091,C,A,0.359033,-0.0150881,0.00245538,8.00983e-10,360698.5276,-0.01516661314,0.002455582994,6.558811117e-10,6.176379775009958
7,7:5357036:G:C,5357036,C,G,0.00998918,0.0706345,0.0118546,2.54952e-09,360089.8621,0.07020901911,0.01185535336,3.177859549e-09,5.922136352922678
7,7:8861138:G:C,8861138,C,G,0.257158,0.015647,0.00269358,6.28994e-09,361077.5312,0.01554954607,0.002693733442,7.81091474e-09,5.7724887799050455
7,7:9616711:A:G,9616711,G,A,0.166565,-0.0273511,0.0031582,4.7221600000000005e-18,361386.9204,-0.0273461528,0.003158541247,4.807769884e-18,8.657842548668164
7,7:13756466:G:A,13756466,A,G,0.846944,0.0175209,0.00327657,8.93203e-08,359599.2802,0.01747440869,0.003276712324,9.665174748e-08,5.332909014322125
7,7:16576694:T:C,16576694,C,T,0.348428,0.0167683,0.00247244,1.18655e-11,360591.031,0.01675532341,0.002472611639,1.232355727e-11,6.776366796031246
7,7:20389940:A:C,20389940,C,A,0.491617,-0.0131573,0.00235613,2.34817e-08,360697.6748,-0.01318635458,0.002356242259,2.189125047e-08,5.596349241947791
7,7:23533215:A:T,23533215,T,A,0.0680402,0.0270274,0.00467878,7.6289e-09,360519.776,0.02678611055,0.004679067567,1.036359238e-08,5.724668465767423
7,7:24823111:T:G,24823111,G,T,0.0147257,-0.0576367,0.00977001,3.65248e-09,361353.571,-0.05788286392,0.009770571669,3.138128874e-09,5.9242044253818165
7,7:26194666:T:G,26194666,G,T,0.0386595,0.0358823,0.00611902,4.52058e-09,359632.1922,0.03596631526,0.006119335467,4.165411673e-09,5.877487098714734
7,7:27499159:C:A,27499159,A,C,0.18964,0.0166368,0.00300376,3.04999e-08,360929.1718,0.01666569067,0.003003931751,2.890233655e-08,5.547959158676638
7,7:29253772:G:C,29253772,C,G,0.129791,-0.0182044,0.00350172,2.008e-07,361354.8041,-0.01792035436,0.00350190465,3.099133715e-07,5.117316475193007
7,7:30609170:T:A,30609170,A,T,0.0769541,0.0349709,0.00441275,2.28853e-15,361783.0367,0.03491070542,0.004413202802,2.563270082e-15,7.910514650307702
7,7:32583408:T:G,32583408,G,T,0.442751,0.0218203,0.00237235,3.6742499999999994e-20,360353.6959,0.02181967281,0.002372652437,3.7041579530000004e-20,9.196320737810618
7,7:35170860:T:A,35170860,A,T,0.562584,-0.0142454,0.0023749,1.9956e-09,360563.0901,-0.01418756348,0.002375053253,2.321071577e-09,5.9735769975175375
7,7:36650098:T:A,36650098,A,T,0.0306945,0.0708463,0.00682773,3.20609e-25,360739.5666,0.0709655819,0.006828955002,2.7001935990000004e-25,10.391865502000858
7,7:38602066:A:G,38602066,G,A,0.796552,-0.0292658,0.00293081,1.77551e-23,359446.2503,-0.02937883429,0.002934351126,1.349438939e-23,10.012037765244594
7,7:38659944:T:A,38659944,A,T,0.509954,0.0190278,0.00235538,6.58036e-16,360934.9698,0.01904997741,0.002358459756,6.621870829e-16,8.077295939240102
7,7:38691222:T:G,38691222,G,T,0.0451372,0.0320037,0.00566684,1.62877e-08,361577.5829,0.02819815062,0.005676791925,6.790248668e-07,4.967268660282982
7,7:45609373:C:T,45609373,T,C,0.0720553,-0.0414022,0.00455562,1.0122000000000001e-19,360590.9518,-0.04154481064,0.004556174733,7.627445155e-20,9.118353240294834
7,7:52042530:T:A,52042530,A,T,0.307928,0.0138965,0.002555,5.36342e-08,359732.2054,0.01350296557,0.002555188289,1.260288665e-07,5.284528591544434
7,7:53515102:G:A,53515102,A,G,0.632192,-0.0390885,0.00244676,1.97829e-57,359282.4428,-0.03899423338,0.002447702858,3.864371696e-57,15.930950626850965
7,7:57587944:G:C,57587944,C,G,0.134614,0.0271969,0.00345469,3.48688e-15,359918.5781,0.02722040765,0.003454993242,3.3114777660000002e-15,7.878570446708851
13,13:19111807:C:T,19111807,T,C,0.623598,0.0156631,0.0024331,1.21593e-10,360085.8362,0.01603033455,0.002442344014,5.255784723e-11,6.5635039364278525
13,13:19342061:G:C,19342061,C,G,0.338353,-0.0198616,0.00275239,5.35907e-13,295012.1246,-0.02286929305,0.002819563626,5.023234478e-16,8.110933493082308
13,13:19586014:T:G,19586014,G,T,0.471012,0.0104691,0.00254489,3.89327e-05,310093.9142,0.01646752449,0.002613098391,2.939899973e-10,6.3019152079069185
13,13:23836067:A:C,23836067,C,A,0.266221,-0.0185355,0.00266457,3.49994e-12,360755.0858,-0.01859966411,0.002664769587,2.955174063e-12,6.979839533120581
13,13:24802782:G:C,24802782,C,G,0.0575432,0.0442708,0.00506192,2.2225600000000003e-18,360042.9412,0.04414316803,0.005062546286,2.792888911e-18,8.719558407213741
13,13:26796570:C:T,26796570,T,C,0.617342,-0.0195051,0.00242353,8.42583e-16,360596.1973,-0.01946929408,0.002423781669,9.542023263e-16,8.032610498301446
13,13:27180831:G:T,27180831,T,G,0.326319,-0.0261841,0.00251309,2.04623e-25,360320.5249,-0.025926908,0.002513542763,6.035265495e-25,10.314886375378526
13,13:32818732:G:T,32818732,T,G,0.0145578,-0.0992822,0.00983716,6.002840000000001e-24,360365.707,-0.1024457897,0.009847789133,2.404428185e-25,10.402922759251977
13,13:32975377:C:T,32975377,T,C,0.193071,-0.0194545,0.0029822,6.87528e-11,361123.2832,-0.02078109812,0.002985218261,3.370681879e-12,6.961332908716252
13,13:39006933:A:G,39006933,G,A,0.539776,-0.0242302,0.00236463,1.23134e-24,360161.0582,-0.02395943576,0.002365699165,4.1570774940000004e-24,10.127845549626342
13,13:39290680:C:A,39290680,A,C,0.421588,-0.0149681,0.00238766,3.63885e-10,359927.187,-0.01447822987,0.002388537686,1.348197328e-09,6.061545503284975
13,13:40905067:C:A,40905067,A,C,0.880657,-0.0230751,0.00362954,2.05212e-10,361390.7905,-0.02306350934,0.003629805783,2.098908419e-10,6.353923796148186
13,13:44472017:G:A,44472017,A,G,0.718207,-0.0174115,0.00262194,3.12695e-11,359628.4069,-0.01753810166,0.002622170487,2.256375134e-11,6.68839106646539
13,13:47189673:T:C,47189673,C,T,0.196196,0.0213367,0.00296573,6.28529e-13,360717.0943,0.02150970796,0.002965961397,4.100938427e-13,7.252187429599239
13,13:49819623:T:G,49819623,G,T,0.677348,-0.0271336,0.00251958,4.8624599999999994e-27,360570.662,-0.02724787062,0.002520007219,2.999907237e-27,10.812616096716031
13,13:53977777:A:C,53977777,C,A,0.12256,0.0380368,0.00358708,2.8859e-26,361534.0537,0.03817483567,0.003587674877,1.929857633e-26,10.640550489882084
13,13:57218486:C:T,57218486,T,C,0.0338522,-0.0373182,0.00651514,1.0175e-08,360425.1324,-0.03842155815,0.006516803471,3.72943778e-09,5.895767506412808
13,13:58528989:A:C,58528989,C,A,0.300955,0.0213545,0.00256623,8.72737e-17,361119.9218,0.02178093065,0.002567039953,2.160104175e-17,8.484842873031825
13,13:64280232:C:G,64280232,G,C,0.0111754,0.0653736,0.0112148,5.5736e-09,360019.6278,0.05742570899,0.01128333676,3.591487175e-07,5.089426134437203
13,13:64405949:G:C,64405949,C,G,0.362332,0.0176526,0.00245118,5.96005e-13,360427.8641,0.01633690315,0.002466191926,3.487941592e-11,6.624343781912129
13,13:68225369:C:G,68225369,G,C,0.0597297,-0.0282125,0.00497322,1.40522e-08,360226.2684,-0.02844664116,0.004973519447,1.067625689e-08,5.719619971961476
13,13:74449665:G:T,74449665,T,G,0.195692,0.0286805,0.00296386,3.80976e-22,361833.9867,0.02869743496,0.002964246231,3.624672664e-22,9.681191346347367
13,13:79243287:A:G,79243287,G,A,0.249072,0.0133233,0.0027257,1.01896e-06,360101.0952,0.0133677613,0.002725792775,9.382143009e-07,4.904173722450343
13,13:86550843:G:C,86550843,C,G,0.549297,0.0119207,0.00237185,5.0136e-07,359277.4217,0.01182287216,0.002371961183,6.214505318e-07,4.984429022167518
13,13:91038414:A:G,91038414,G,A,0.0423264,-0.0362966,0.00584929,5.4654e-10,360787.1542,-0.0361946359,0.00584965761,6.113383702e-10,6.187479389926208
13,13:91236333:G:C,91236333,C,G,0.174923,-0.0164854,0.00309709,1.02208e-07,361451.0375,-0.01638970196,0.003097256452,1.211952671e-07,5.291683854404963
13,13:96678045:C:A,96678045,A,C,0.992097,-0.0700846,0.0133015,1.37296e-07,360704.6903,-0.07103636301,0.01330212012,9.282942371e-08,5.340228652964533
13,13:99443517:A:C,99443517,C,A,0.140125,0.0191159,0.00339748,1.84035e-08,359773.8502,0.01935882078,0.003397691293,1.214774365e-08,5.697639694307567
13,13:104731934:G:T,104731934,T,G,0.573418,-0.0313379,0.00238258,1.6719199999999997e-39,360209.5383,-0.03129032671,0.002383235206,2.235702697e-39,13.129348975386023
13,13:105328874:C:A,105328874,A,C,0.198893,0.0202582,0.00295337,6.92927e-12,360022.858,0.02016996753,0.002953575639,8.550867717e-12,6.828999827757585
13,13:107343538:G:A,107343538,A,G,0.251142,-0.0190157,0.00271677,2.57501e-12,360453.2776,-0.01881623798,0.002716981904,4.34687137e-12,6.92541895560597
13,13:110654870:T:A,110654870,A,T,0.0899193,-0.0251928,0.00411652,9.37055e-10,360822.9977,-0.0248614976,0.004116778048,1.550080768e-09,6.039066792070107
17,17:344630:C:A,344630,A,C,0.269085,0.0304547,0.00265498,1.8725600000000002e-30,361057.3729,0.02908504544,0.002656160259,6.6422596830000005e-28,10.950034110874782
17,17:824293:A:G,824293,G,A,0.293557,-0.0614884,0.00258914,1.41742e-124,359626.8719,-0.06090977387,0.002591827173,4.011302361e-122,23.500708112222576
17,17:4986208:A:G,4986208,G,A,0.0799759,-0.057618,0.0043389,3.1155500000000004e-40,361313.1732,-0.06010621251,0.004356603939,2.672519362e-43,13.796574889889252
17,17:5436917:T:G,5436917,G,T,0.147302,0.0151617,0.0033232,5.0592e-06,360970.275,0.01932910042,0.003336044478,6.872225232e-09,5.794017600025535
17,17:7009115:C:A,7009115,A,C,0.684342,-0.0174182,0.00293388,2.9068e-09,269266.4255,-0.01724580701,0.002934119759,4.160647758e-09,5.877676586683591
17,17:11207670:G:C,11207670,C,G,0.012492,0.0618788,0.0105903,5.13257e-09,361895.5426,0.06239153883,0.01059102059,3.839014083e-09,5.890984565633821
17,17:14552215:T:C,14552215,C,T,0.702968,-0.0166478,0.00257755,1.05702e-10,360919.3307,-0.01690520552,0.002577746845,5.448576509e-11,6.558132561694591
17,17:14851584:C:A,14851584,A,C,0.134972,-0.0202841,0.00345261,4.23201e-09,359751.6306,-0.02049886281,0.003452795407,2.904813193e-09,5.936888924389143
17,17:15606564:A:T,15606564,T,A,0.466232,0.0182481,0.00245619,1.09302e-13,333474.7999,0.01841675828,0.002456460335,6.515826184000001e-14,7.497274846084579
17,17:16517826:C:T,16517826,T,C,0.46936,-0.0128331,0.0023606,5.44167e-08,360767.0697,-0.01283135431,0.002360719488,5.468668318e-08,5.435357472679108
17,17:16610856:A:C,16610856,C,A,0.610526,0.0170274,0.00241576,1.81208e-12,360797.3394,0.0171311127,0.002415982857,1.333941956e-12,7.090742655878041
17,17:20510931:A:C,20510931,C,A,0.146898,-0.0459152,0.00347442,7.322920000000001e-40,330828.3831,-0.04617370182,0.00347536867,2.791543206e-40,13.285986669149551
17,17:22128877:G:T,22128877,T,G,0.21009,0.045797,0.00289029,1.5875800000000001e-56,360948.7271,0.04579990915,0.002891301506,1.632928938e-56,15.84058565146405
1,1:603215:T:C,603215,C,T,0.844996,0.0232336,0.00326072,1.0405e-12,359152.9251,0.02324652287,0.003260961888,1.012978581e-12,7.128731849196025
1,1:4713577:C:A,4713577,A,C,0.0988721,-0.0605251,0.00394841,5.0898e-53,359896.1697,-0.06064154408,0.003949711668,3.3604599829999997e-53,15.353410369498395
1,1:7308824:C:G,7308824,G,C,0.285869,0.0138944,0.00260479,9.60412e-08,361111.038,0.01392251364,0.002604908215,9.055527708e-08,5.344723303427411
1,1:12242284:A:C,12242284,C,A,0.0705652,0.0277303,0.00460158,1.67947e-09,360162.1891,0.02787910344,0.004601898712,1.376753694e-09,6.058174067869402
1,1:13063921:A:C,13063921,C,A,0.493791,-0.0141716,0.00235391,1.74081e-09,361134.5466,-0.01430837843,0.002354074003,1.21588749e-09,6.0781345071419155
1,1:28104990:A:C,28104990,C,A,0.167853,0.0156908,0.00316716,7.26582e-07,356998.4673,0.01573928108,0.003167268996,6.717630482e-07,4.969354071244791
1,1:33069343:C:A,33069343,A,C,0.0999764,-0.0231861,0.00392665,3.53381e-09,360518.5269,-0.02325300819,0.003926843954,3.189186548e-09,5.921551368577759
1,1:36088758:G:T,36088758,T,G,0.0534782,-0.0438776,0.00526755,8.12589e-17,356086.9251,-0.04386132047,0.005268086282,8.372250766e-17,8.325854612492849
1,1:37308805:G:C,37308805,C,G,0.181616,0.0153753,0.00305639,4.89352e-07,360251.7359,0.01541136555,0.00305649541,4.60285168e-07,5.042168720286088
1,1:44453924:A:G,44453924,G,A,0.0234787,-0.0425145,0.00778196,4.67914e-08,360243.0651,-0.04290009441,0.007782437678,3.539255057e-08,5.512423765534715
1,1:46530433:T:C,46530433,C,T,0.239608,-0.0317949,0.00275738,9.33778e-31,360971.8443,-0.03183777937,0.002757934343,7.90948931e-31,11.54406719319061
1,1:49339787:G:A,49339787,A,G,0.692614,0.0130363,0.00286383,5.31439e-06,286460.3012,0.01763927387,0.002910153808,1.350376602e-09,6.0612857717381505
1,1:50099864:A:C,50099864,C,A,0.383886,-0.0259378,0.00323164,1.00848e-15,202450.4898,-0.02952045938,0.003284330545,2.511456895e-19,8.988272944981547
1,1:56972783:A:G,56972783,G,A,0.228013,0.0174965,0.00281097,4.8408e-10,359613.9782,0.01767489141,0.00281114645,3.227608566e-10,6.287431738036985
1,1:59113061:T:G,59113061,G,T,0.0992966,-0.0526801,0.00393786,8.33321e-41,360506.4968,-0.05253653601,0.003938856397,1.391097231e-40,13.338017615979616
1,1:61025419:A:T,61025419,T,A,0.0157552,0.0513797,0.0094687,5.75824e-08,359767.61,0.04864521143,0.009470441969,2.798573567e-07,5.136530226280087
1,1:61615023:A:T,61615023,T,A,0.353489,-0.0428921,0.00246022,4.83738e-68,361327.0439,-0.04270206311,0.002461608087,2.070143532e-67,17.347222466286933
1,1:62497419:T:C,62497419,C,T,0.0223674,-0.0737277,0.00796069,2.0269299999999998e-20,360885.5961,-0.07375864178,0.007961704483,1.9658699370000003e-20,9.264177279813765
1,1:64738073:C:T,64738073,T,C,0.247906,-0.0176814,0.00272875,9.20353e-11,360269.9967,-0.01752611411,0.002728934908,1.342061663e-10,6.422327648278228
1,1:71816803:A:G,71816803,G,A,0.0186978,0.0512996,0.00871328,3.92387e-09,359059.8311,0.0472212895,0.008717360959,6.063279834e-08,5.416924883814485
1,1:72129745:C:T,72129745,T,C,0.182007,-0.0489397,0.00315728,3.5792300000000003e-54,336815.3515,-0.048766821,0.003159978228,9.873980211e-54,15.432644620107174
1,1:73143950:C:G,73143950,G,C,0.299754,-0.0157536,0.00301743,1.7818e-07,261716.1714,-0.01616163809,0.003017995427,8.551369227e-08,5.355090317703122
1,1:80014888:G:T,80014888,T,G,0.155126,-0.0424226,0.0032515,6.738609999999999e-39,360841.4979,-0.04244813464,0.003252440334,6.258322247e-39,13.051164750436895
1,1:80800314:C:G,80800314,G,C,0.358592,-0.016819,0.00245585,7.47308e-12,360553.9265,-0.01650261536,0.002456118686,1.829994744e-11,6.718981234117772
1,1:83383668:G:A,83383668,A,G,0.121506,0.0197715,0.00360417,4.12064e-08,360729.8459,0.02032648245,0.003606478248,1.739414846e-08,5.636102882714517
1,1:83485686:T:C,83485686,C,T,0.0115181,0.0564035,0.0110295,3.15798e-07,361137.5919,0.0600828879,0.0110379723,5.230529117e-08,5.443290331504093
1,1:83903725:G:C,83903725,C,G,0.51943,0.0129557,0.00235778,3.91287e-08,360444.7815,0.01322928682,0.002358312968,2.027478919e-08,5.6096400263699016
1,1:84131770:T:A,84131770,A,T,0.766651,-0.0159533,0.0027838,1.00062e-08,360783.0455,-0.01610014816,0.002784121834,7.344724131e-09,5.7828461252604795
1,1:84411486:A:T,84411486,T,A,0.0288604,-0.0781117,0.00702817,1.08299e-28,361200.4995,-0.07776422311,0.00702942395,1.9033773520000001e-28,11.062673650520113
1,1:86521978:C:G,86521978,G,C,0.345608,0.0308632,0.00247518,1.1196499999999999e-35,360863.49,0.03081165526,0.002475725291,1.4794283609999998e-35,12.445506523688053
1,1:91116305:T:C,91116305,C,T,0.632942,-0.014659,0.00244126,1.91886e-09,361239.5865,-0.01449776223,0.002441462551,2.882624619e-09,5.9381464704678155
1,1:93459281:T:G,93459281,G,T,0.0501928,0.037057,0.00540547,7.11993e-12,359058.0964,0.03672694736,0.005406028199,1.092916381e-11,6.793702512834414
1,1:97617319:C:T,97617319,T,C,0.487683,0.0450246,0.00235538,2.05372e-81,360518.0814,0.04489724732,0.002356613459,6.372938996000001e-81,19.05159590281369
1,1:99885353:T:G,99885353,G,T,0.205733,0.0191755,0.00291279,4.60999e-11,360764.9747,0.01804329529,0.002920885037,6.519124699e-10,6.177338396218434
1,1:100321304:A:T,100321304,T,A,0.234614,-0.0189676,0.00277985,8.91484e-12,360439.2766,-0.01921308685,0.002793451805,6.07405688e-12,6.877901675486398
1,1:100434051:T:A,100434051,A,T,0.174403,0.0281807,0.00310356,1.0899e-19,360598.3435,0.0297672966,0.003111958386,1.1170946500000001e-21,9.56545458124259
1,1:101702765:A:C,101702765,C,A,0.141629,-0.0360144,0.00337712,1.5103e-26,360668.5157,-0.03585871619,0.00337790858,2.5201736260000002e-26,10.615656208789405
1,1:107890443:A:C,107890443,C,A,0.805563,-0.0251407,0.00297892,3.19797e-17,359818.3469,-0.02467422079,0.002982129508,1.2950855069999999e-16,8.274027242548582
1,1:107901532:C:G,107901532,G,C,0.138221,0.0180884,0.00341179,1.14778e-07,360742.2452,0.01680950952,0.003415264299,8.571824862e-07,4.921876624576868
1,1:110172910:T:C,110172910,C,T,0.100351,0.0309655,0.00392601,3.09683e-15,359412.0182,0.03089662904,0.003926444591,3.57897407e-15,7.868856499546615
1,1:110696878:G:A,110696878,A,G,0.225621,-0.039541,0.00281791,1.0198300000000001e-44,360363.5137,-0.03950328096,0.002818699964,1.267031891e-44,14.01471652340788
1,1:112522417:A:G,112522417,G,A,0.777158,0.0162373,0.00282546,9.10198e-09,361777.0559,0.01588511234,0.002825823093,1.894043331e-08,5.621410759700377
1,1:113226733:G:C,113226733,C,G,0.280158,0.0143346,0.00262287,4.62594e-08,360525.2137,0.01421840568,0.002623205489,5.951877704e-08,5.42024089977802
1,1:118346529:T:A,118346529,A,T,0.444937,-0.0160098,0.00236927,1.40826e-11,360778.3684,-0.01522865635,0.002373050062,1.386808676e-10,6.41733463354133
1,1:118816268:G:T,118816268,T,G,0.0473931,-0.0321557,0.00554736,6.77402e-09,360017.2366,-0.03008066256,0.005556126654,6.164500646e-08,5.413962717776448
1,1:120326158:C:T,120326158,T,C,0.0647479,-0.0394339,0.0047833,1.66972e-16,360972.3868,-0.03933154759,0.004783783628,2.0038906209999998e-16,8.221849198987226
8,8:47956975:T:C,47956975,C,T,0.225389,-0.0158018,0.0028451,2.79365e-08,354063.42,-0.0158018,0.002845219918,2.79515379e-08,5.553806192636109
8,8:60347111:T:A,60347111,A,T,0.171184,0.0213976,0.00312828,7.92837e-12,360364.0078,0.02119182353,0.003128521898,1.254869064e-11,6.773749464099165
8,8:64008217:G:A,64008217,A,G,0.192393,-0.0477213,0.00299314,3.30584e-57,359235.8926,-0.04782711725,0.002994267704,1.974135857e-57,15.972892866629271
8,8:67683688:A:T,67683688,T,A,0.14254,-0.0332512,0.00337258,6.29143e-23,359863.5705,-0.03350158354,0.003373065607,3.01867921e-23,9.93208773362587
8,8:69053936:A:T,69053936,T,A,0.568995,-0.0274415,0.00237932,9.07201e-31,360307.7061,-0.02744092254,0.002379764099,9.212973648e-31,11.53094231126982
8,8:71536174:A:G,71536174,G,A,0.413064,0.0204535,0.00239244,1.24386e-17,360538.8634,0.0206588785,0.002392699913,5.917645296e-18,8.634128495494286
8,8:76309387:T:C,76309387,C,T,0.0508199,0.0379372,0.00535757,1.43335e-12,361369.8575,0.03797019362,0.005357958021,1.373564642e-12,7.086691137030094
8,8:80254672:A:T,80254672,T,A,0.508591,0.057611,0.00235516,4.86218e-132,360377.116,0.05762783495,0.002357147609,5.269099584e-132,24.4481231170958
8,8:81384360:T:G,81384360,G,T,0.676249,0.0187754,0.00251684,8.67773e-14,360773.2804,0.01836884669,0.002517096519,2.928741191e-13,7.297633027317376
8,8:84956645:G:T,84956645,T,G,0.187805,-0.0210246,0.00301228,2.96447e-12,361504.4598,-0.0211998372,0.003012548115,1.961722464e-12,7.037177960558482
8,8:93002734:T:A,93002734,A,T,0.0438483,0.0291128,0.00575061,4.13872e-07,360904.3261,0.03108840364,0.005758971323,6.729166498e-08,5.398256371904494
8,8:93234810:C:A,93234810,A,C,0.616137,0.0141304,0.00242136,5.35975e-09,360841.9859,0.0148861611,0.002424908817,8.311893191e-10,6.138853962524068
8,8:96096457:A:C,96096457,C,A,0.118863,-0.0366222,0.00363697,7.59733e-24,361109.4313,-0.03664753591,0.003637477012,7.126976098e-24,10.07498763266411
8,8:98541359:A:C,98541359,C,A,0.208863,-0.0165186,0.00295107,2.17637e-08,347711.4594,-0.01656945318,0.002951205154,1.971654862e-08,5.614470128429438
8,8:116615160:G:A,116615160,A,G,0.190956,0.0054415,0.0029973,0.0694533,360545.8275,0.01739135299,0.003152483775,3.453958339e-08,5.516714511877226
8,8:116638432:G:C,116638432,C,G,0.526578,0.0262931,0.0023619,8.84004e-29,359705.0774,0.03049569863,0.002484594034,1.250553707e-34,12.273916065436387
8,8:123555959:G:C,123555959,C,G,0.358804,-0.0120698,0.00245522,8.83739e-07,360804.816,-0.01211898787,0.002455326967,7.98253705e-07,4.935793901537839
8,8:124213350:G:T,124213350,T,G,0.687995,-0.026626,0.0025409,1.08814e-25,360974.2685,-0.02662752986,0.002541331197,1.09269394e-25,10.477788133806945
8,8:129119517:T:C,129119517,C,T,0.395218,-0.0257344,0.00241416,1.58377e-26,359108.1434,-0.02561699618,0.002414562116,2.69544562e-26,10.609375509642097
8,8:130340607:C:G,130340607,G,C,0.0118469,0.0542865,0.0108894,6.19045e-07,360465.3447,0.05362595688,0.0108898681,8.462394307e-07,4.92438993636663
8,8:133817614:A:C,133817614,C,A,0.833899,-0.0451911,0.0031671,3.51985e-46,359977.6225,-0.04518047412,0.003168044304,3.812092271e-46,14.261313853141115
8,8:135104849:A:C,135104849,C,A,0.253421,-0.0134337,0.00270532,6.84989e-07,361364.1201,-0.01411256116,0.002709836447,1.909883083e-07,5.207901449411718
8,8:135310253:A:T,135310253,T,A,0.652834,-0.0121122,0.00247503,9.89688e-07,360413.1098,-0.01281684081,0.002479167253,2.343234421e-07,5.169816919165317
8,8:136255102:A:T,136255102,T,A,0.447655,-0.0135731,0.00237019,1.02553e-08,360222.3024,-0.01368668679,0.002370308047,7.730908162e-09,5.774222809276907
8,8:138088296:C:A,138088296,A,C,0.209187,-0.0316472,0.00289665,8.798710000000001e-28,360400.9849,-0.03159952256,0.002897133927,1.065248214e-27,10.907166653742344
8,8:139148762:G:T,139148762,T,G,0.151865,-0.0229724,0.00328442,2.6694e-12,360106.7577,-0.02294671273,0.003284665713,2.828107316e-12,6.9860115868661605
8,8:143158040:C:G,143158040,G,C,0.338053,0.0144642,0.00248851,6.16388e-09,361079.5515,0.01418295306,0.002489314864,1.215536094e-08,5.697532789086339
8,8:143459593:C:A,143459593,A,C,0.209121,0.016854,0.00289439,5.78548e-09,361133.4827,0.01653514783,0.002895327286,1.123293617e-08,5.71097710091487
3,3:95731124:T:A,95731124,A,T,0.0229918,-0.0649144,0.00786289,1.51395e-16,360249.8842,-0.06502711326,0.007863636813,1.346987621e-16,8.269343410227002
3,3:100974761:T:G,100974761,G,T,0.112405,0.0207698,0.00373133,2.60345e-08,360210.5593,0.02094544236,0.003731535836,1.987464312e-08,5.613088894371267
3,3:102939475:T:C,102939475,C,T,0.0564569,0.0417632,0.00510178,2.70933e-16,360843.3623,0.04194539197,0.005102337182,2.0211761029999999e-16,8.220819297865054
3,3:106036830:A:T,106036830,T,A,0.303717,-0.0231489,0.00256419,1.7607600000000001e-19,359805.612,-0.02323932291,0.002564488432,1.2811284070000001e-19,9.061972212475942
3,3:109947294:T:C,109947294,C,T,0.266755,-0.0133111,0.00267006,6.18899e-07,358829.2163,-0.01332648802,0.002670192228,6.011893123e-07,4.990834697313785
3,3:115454080:A:G,115454080,G,A,0.226252,0.0256433,0.00281522,8.370479999999999e-20,360582.8153,0.0256457075,0.00281558529,8.354276872e-20,9.108481846060505
3,3:115818149:G:C,115818149,C,G,0.192754,0.0212835,0.00298466,9.98507e-13,360961.9135,0.02104265803,0.002984946191,1.794408974e-12,7.049593755976689
3,3:116978936:T:C,116978936,C,T,0.443794,0.0129152,0.0023704,5.08234e-08,360765.9003,0.01288670045,0.002370544588,5.443581889e-08,5.4361772038518605
3,3:118054677:G:C,118054677,C,G,0.476152,0.0131871,0.00235987,2.298e-08,360210.9267,0.01350530137,0.002360053555,1.049953704e-08,5.7224554677531465
3,3:120318240:T:C,120318240,C,T,0.271858,-0.0392543,0.00264584,8.8367e-50,360887.1569,-0.03939509725,0.002646746487,4.165236825e-50,14.884348555291007
3,3:127975543:T:A,127975543,A,T,0.208469,0.0196039,0.00289972,1.37605e-11,360616.0147,0.01926693564,0.002900642613,3.088275867e-11,6.642299038719942
3,3:128585819:C:G,128585819,G,C,0.213248,-0.0146027,0.00287448,3.77359e-07,360951.7349,-0.01464511743,0.002877881278,3.60233959e-07,5.088853922486235
3,3:129705811:C:A,129705811,A,C,0.0459821,0.0302731,0.00563079,7.60548e-08,359751.5829,0.03121986833,0.005636048788,3.036512654e-08,5.5393183246518065
3,3:130125329:T:A,130125329,A,T,0.0279794,-0.0967143,0.00713794,8.1872e-42,360945.0588,-0.09679612287,0.007139952417,7.205113578e-42,13.55697030130502
3,3:131540425:A:C,131540425,C,A,0.120173,0.0207917,0.00363425,1.05955e-08,358301.0993,0.02103490212,0.003634524712,7.143111955e-09,5.787524858628613
3,3:133778620:A:C,133778620,C,A,0.210772,0.0224019,0.00289055,9.20988e-15,359975.3487,0.02236426023,0.002890838036,1.023879999e-14,7.736255006850891
3,3:136842287:A:G,136842287,G,A,0.198933,0.0156903,0.0029545,1.09294e-07,359702.8518,0.01554777766,0.002954776623,1.425641915e-07,5.261913045803868
3,3:137050971:T:A,137050971,A,T,0.221176,-0.018664,0.00283433,4.55549e-11,361569.1376,-0.01846093478,0.002834649546,7.386167839e-11,6.512598640650445
3,3:141755058:C:G,141755058,G,C,0.221198,-0.0197533,0.00283591,3.28034e-12,361135.4353,-0.01914131512,0.002837650026,1.52520604e-11,6.7454812766259
3,3:142722503:C:G,142722503,G,C,0.207024,0.0179721,0.00291191,6.75317e-10,359450.372,0.01743865195,0.002913645098,2.161681987e-09,5.985166814575439
3,3:144197794:C:A,144197794,A,C,0.514895,-0.0126071,0.00235666,8.82327e-08,360693.9411,-0.01288027376,0.002356841344,4.627564426e-08,5.465057625873012
3,3:145863694:C:A,145863694,A,C,0.407891,-0.0320835,0.00239584,6.94766e-41,360781.5887,-0.03217290124,0.002396534131,4.329709136e-41,13.424762378232954
3,3:147824987:G:C,147824987,C,G,0.0169219,0.0485277,0.00914411,1.11514e-07,359722.4663,0.0485922764,0.009144505705,1.073494312e-07,5.31382208810159
3,3:155416904:A:G,155416904,G,A,0.0203585,-0.0471829,0.00833301,1.49589e-08,361298.6135,-0.04783345677,0.008333535215,9.474603435e-09,5.73987575931783
3,3:157055977:A:C,157055977,C,A,0.333672,0.0138904,0.00249643,2.63662e-08,361108.526,0.01404037893,0.00249658641,1.867688595e-08,5.623830552694549
3,3:158885415:T:A,158885415,A,T,0.0798066,0.0290962,0.00444005,5.64235e-11,345600.241,0.02918849667,0.004440337181,4.915052006e-11,6.5734865349632114
3,3:175168139:G:C,175168139,C,G,0.536608,-0.0120694,0.00236296,3.26198e-07,360389.1752,-0.01226319957,0.002363163324,2.110687531e-07,5.18931528999982
3,3:175533207:C:G,175533207,G,C,0.768667,-0.0251277,0.00279707,2.63335e-19,359618.1841,-0.02535966632,0.002797526433,1.245678134e-19,9.065031887046338
3,3:182828035:C:T,182828035,T,C,0.0718361,0.0591423,0.00455914,1.79307e-38,360899.1486,0.05914042055,0.00456021714,1.839516005e-38,12.968772919001834
3,3:184223863:C:T,184223863,T,C,0.269747,-0.0187404,0.00265713,1.75584e-12,359754.2793,-0.01883177357,0.002657344276,1.37358167e-12,7.086689421495192
3,3:186708450:G:A,186708450,A,G,0.11794,-0.0189523,0.00365456,2.15053e-07,360130.3442,-0.01910099017,0.003654734729,1.728717389e-07,5.226368419692766
3,3:187871745:A:G,187871745,G,A,0.641049,0.0159779,0.00245591,7.73375e-11,360511.6589,0.01607310868,0.002456074437,5.980389453e-11,6.544227014402984
3,3:190811683:A:G,190811683,G,A,0.528711,-0.0178264,0.00235855,4.09649e-14,360958.3036,-0.01780310276,0.002358737042,4.42920839e-14,7.547726788953359
3,3:196856107:T:C,196856107,C,T,0.0674367,0.0357725,0.00469355,2.51096e-14,361138.8491,0.03592576606,0.004693965908,1.954202729e-14,7.6536060900594
4,4:11816170:G:T,11816170,T,G,0.0951691,0.0243923,0.00401501,1.23885e-09,360653.508,0.02459847548,0.004015252497,8.99694901e-10,6.1262586844485565
4,4:13515652:T:G,13515652,G,T,0.205749,-0.0276422,0.00291665,2.6227999999999997e-21,360079.8321,-0.02768962363,0.002917019254,2.256934231e-21,9.49243773143775
4,4:14790703:T:A,14790703,A,T,0.0160784,-0.0407128,0.00936321,1.37317e-05,360990.4014,-0.04594432457,0.009371681451,9.464229043e-07,4.902463321040169
4,4:15136645:G:C,15136645,C,G,0.0898735,0.0515691,0.00411496,5.06982e-36,361341.5289,0.05242864973,0.00411952838,4.193824775e-37,12.726857274375664
4,4:22880356:T:C,22880356,C,T,0.338532,-0.0278,0.00249312,7.1834e-29,359605.3857,-0.02755417361,0.002493646212,2.1981992590000003e-28,11.049752558082606
4,4:23769071:C:A,23769071,A,C,0.43195,-0.0129757,0.00237757,4.83087e-08,360951.4151,-0.01280280828,0.002377731314,7.266090979e-08,5.384463839382316
4,4:25820247:A:G,25820247,G,A,0.376747,0.0121324,0.00243223,6.09715e-07,360427.4095,0.01201422585,0.002432327114,7.836508542e-07,4.939395602198595
4,4:31272058:T:G,31272058,G,T,0.258825,-0.014546,0.00269046,6.43025e-08,360542.0969,-0.01456306822,0.002690574097,6.210752188e-08,5.412624850673272
4,4:41576854:C:A,41576854,A,C,0.495431,0.0389447,0.00235819,3.0332900000000003e-61,359899.2473,0.03901018107,0.002359107497,2.020270582e-61,16.535991310106883
4,4:43024025:G:C,43024025,C,G,0.727259,0.016029,0.00264338,1.33059e-09,361217.1079,0.01620945774,0.002643548172,8.694216849e-10,6.131705074145325
4,4:48487892:A:T,48487892,T,A,0.0484031,0.0295826,0.00591676,5.7416e-07,310486.2553,0.02946686927,0.005917004096,6.357378673e-07,4.98003192019423
2,2:96818128:C:T,96818128,T,C,0.835573,-0.011829,0.00358893,0.000980903,282551.0118,-0.02329623951,0.003657822769,1.904117324e-10,6.3688814306246115
2,2:97178358:A:G,97178358,G,A,0.32075,0.0488832,0.00323626,1.56038e-51,218910.1964,0.05287204173,0.003299977476,8.980387404e-58,16.021940184297183
2,2:100538351:T:A,100538351,A,T,0.59302,0.0126438,0.00239769,1.34067e-07,360361.8063,0.01255254059,0.002397987032,1.653284754e-07,5.2346157099651895
2,2:101324007:G:T,101324007,T,G,0.174085,-0.0178402,0.00310654,9.32096e-09,360338.2681,-0.01818848539,0.003106808485,4.787483234e-09,5.854395427917726
2,2:105578503:C:G,105578503,G,C,0.274633,0.0195017,0.00263659,1.40076e-13,361026.6102,0.01939483587,0.002636825707,1.903951052e-13,7.355372718990258
2,2:108418049:A:G,108418049,G,A,0.0572047,0.0715199,0.00506559,2.9925399999999995e-45,361120.2787,0.07176775735,0.005067070338,1.539900643e-45,14.16356051183752
2,2:115490156:C:A,115490156,A,C,0.620124,0.0201708,0.00242603,9.25905e-17,360582.5922,0.0208517828,0.002426719012,8.503622488e-18,8.59258228780877
2,2:116476472:A:C,116476472,C,A,0.0221774,-0.0771268,0.00800034,5.42862e-22,360164.6613,-0.08792863989,0.008032261021,6.87341124e-28,10.946935073463669
2,2:116786240:A:G,116786240,G,A,0.0874483,0.0506034,0.00416999,6.984560000000001e-34,360200.528,0.05495562585,0.004186875491,2.346387193e-39,13.125689065302087
2,2:118480811:A:T,118480811,T,A,0.481489,-0.021133,0.00235735,3.12444e-19,360339.1165,-0.02108513921,0.002357649496,3.777584976e-19,8.943288324143666
2,2:126115147:A:G,126115147,G,A,0.0132912,-0.0679253,0.0102773,3.86848e-11,360941.5822,-0.06799699129,0.01027802873,3.69642822e-11,6.615761939984381
2,2:134676448:C:G,134676448,G,C,0.452593,-0.0152237,0.00236545,1.22943e-10,360665.9476,-0.01526138241,0.002365598815,1.108344859e-10,6.451382336357825
2,2:136964023:T:A,136964023,A,T,0.676718,0.0235935,0.00251801,7.2976e-21,360404.9964,0.02347537932,0.002518325261,1.1435955670000001e-20,9.321821801000471
2,2:139486117:C:A,139486117,A,C,0.109669,-0.0597131,0.00377025,1.77847e-56,360016.6402,-0.05979554869,0.003771593698,1.315202888e-56,15.854186181748148
2,2:143102471:T:A,143102471,A,T,0.0895072,-0.034814,0.00412559,3.2247e-17,360419.5361,-0.03580931407,0.004127395134,4.099025927e-18,8.676008210363898
2,2:143383343:A:C,143383343,C,A,0.0338633,-0.0481963,0.00650786,1.30583e-13,360819.8868,-0.04968135917,0.006510598764,2.3322296620000002e-14,7.6308433326763065
2,2:146205221:G:C,146205221,C,G,0.657278,-0.0194427,0.00248319,4.90356e-15,359928.1337,-0.01951321635,0.002483468089,3.926754328e-15,7.857244647688324
2,2:148166450:T:C,148166450,C,T,0.262516,0.0274332,0.00267681,1.2119600000000001e-24,360355.1244,0.02731052707,0.002677236189,1.9621069690000002e-24,10.201015204490052
2,2:150169931:G:A,150169931,A,G,0.16635,0.0214577,0.00316246,1.16169e-11,360486.1934,0.02141868741,0.003162682113,1.267356271e-11,6.772317496583002
2,2:155580267:T:A,155580267,A,T,0.0195399,0.11483,0.00849764,1.33787e-41,361270.3806,0.1146852433,0.008499852069,1.7285569229999998e-41,13.492616385439353
2,2:159143189:T:A,159143189,A,T,0.146004,0.0211029,0.00333666,2.54251e-10,360170.3926,0.02099798459,0.003336855654,3.118987674e-10,6.292745856366013
2,2:163477862:C:T,163477862,T,C,0.0464011,-0.0310891,0.00560402,2.89749e-08,359807.5101,-0.02838360489,0.005612126372,4.246790227e-07,5.057549137099153
2,2:164132096:A:G,164132096,G,A,0.0318724,-0.0664434,0.0067085,4.0127e-23,359984.8247,-0.06441746517,0.006718835496,9.016319209e-22,9.587593744235942
2,2:172369829:G:A,172369829,A,G,0.181527,-0.0154831,0.00305373,3.97556e-07,360880.1066,-0.0152735012,0.003053865503,5.692532271e-07,5.001366689199606
2,2:175030667:G:C,175030667,C,G,0.159878,-0.0201294,0.003215,3.82728e-10,360130.9521,-0.0200414836,0.003215225212,4.566919378e-10,6.233306309368415
2,2:176931594:C:G,176931594,G,C,0.697791,0.023607,0.00256426,3.39704e-20,360530.3108,0.02350645468,0.002564601958,4.9211751660000007e-20,9.165732174021837
2,2:179123868:A:G,179123868,G,A,0.448658,0.020764,0.00236785,1.80828e-18,360465.1085,0.02073503479,0.002368145011,2.02637512e-18,8.755812964867463
2,2:182093825:A:T,182093825,T,A,0.124229,-0.0183456,0.00357485,2.87045e-07,359616.6087,-0.01826435249,0.003575017546,3.240660044e-07,5.108884713149321
2,2:183613020:T:A,183613020,A,T,0.678491,0.0386537,0.0025224,5.47762e-53,360041.39,0.03863264047,0.002523233021,6.479229871999999e-53,15.310770011518487
2,2:186512438:G:A,186512438,A,G,0.449904,0.0166466,0.00238278,2.82955e-12,355807.3795,0.01660009526,0.002382959447,3.256907616e-12,6.966167754511519
2,2:194874446:T:C,194874446,C,T,0.196305,-0.0171669,0.00296833,7.32872e-09,359677.579,-0.01699733375,0.002968571379,1.029703819e-08,5.725762186565904
2,2:196939786:G:A,196939786,A,G,0.228733,0.015637,0.00290192,7.10931e-08,336557.2191,0.01545469406,0.002902136076,1.00796337e-07,5.325282362810888
2,2:202482137:A:C,202482137,C,A,0.95833,-0.0334486,0.00589746,1.41501e-08,359992.4083,-0.03475144758,0.005899969002,3.859460985e-09,5.890106807039119
2,2:203628530:A:G,203628530,G,A,0.3579,0.0194887,0.00245567,2.09067e-15,360761.8002,0.01981745432,0.002456836085,7.249023555999999e-16,8.066250101499953
2,2:213562210:T:A,213562210,A,T,0.198959,0.0233895,0.00294943,2.19478e-15,360603.9537,0.02346402694,0.002949705226,1.795627484e-15,7.954702298106855
2,2:216745495:G:T,216745495,T,G,0.225549,-0.0360643,0.00281557,1.48987e-37,360940.7044,-0.03606214041,0.002816266705,1.538346753e-37,12.804945052247811
2,2:217739198:C:G,217739198,G,C,0.645893,-0.0119927,0.00246423,1.13519e-06,360010.0281,-0.01221289769,0.002464508034,7.2140288e-07,4.9555114130336
2,2:218112753:T:C,218112753,C,T,0.122422,-0.0274147,0.00359428,2.40288e-14,360214.8349,-0.02755336174,0.003594839696,1.792520458e-14,7.664698309262244
2,2:219964417:C:T,219964417,T,C,0.0621077,0.0296008,0.00488615,1.37868e-09,359521.1157,0.03002018631,0.004886457072,8.069798609e-10,6.14354856037094
2,2:221916445:T:G,221916445,G,T,0.653127,-0.0167133,0.00247833,1.54546e-11,359301.7836,-0.01658548372,0.002478506405,2.205547864e-11,6.691725180351107
2,2:222406290:A:C,222406290,C,A,0.357631,-0.0151252,0.00246057,7.90362e-10,359471.0436,-0.01506387037,0.002460720325,9.256361575e-10,6.121732005444382
2,2:225985314:T:C,225985314,C,T,0.257158,0.0136109,0.00269473,4.39871e-07,360448.3123,0.01349014818,0.002694848963,5.560121701e-07,5.005901393814032
2,2:231246737:C:G,231246737,G,C,0.116919,-0.0264416,0.00367094,5.90413e-13,359333.606,-0.02645902394,0.003671252745,5.716308444e-13,7.207083188711378
2,2:232023991:G:A,232023991,A,G,0.563438,0.0271751,0.00237013,1.9869800000000002e-30,361748.3331,0.02781969135,0.002371161837,8.683967658999999e-32,11.73251480177226
2,2:232719232:T:A,232719232,A,T,0.491773,-0.0278442,0.00235369,2.76842e-32,361003.5464,-0.02837769751,0.002354766113,1.91205643e-33,12.05117457455105
2,2:233829449:T:C,233829449,C,T,0.294692,-0.0130365,0.00258533,4.59767e-07,359907.529,-0.01291121301,0.002585438607,5.919681215e-07,4.993819220863828
2,2:240855612:G:A,240855612,A,G,0.221307,-0.0389503,0.00283568,6.352239999999999e-43,360659.8041,-0.03872244519,0.00283648379,1.975868047e-42,13.651565831793455
2,2:241292620:A:C,241292620,C,A,0.306641,-0.0155633,0.00255284,1.08531e-09,360844.7868,-0.01557284535,0.002553123012,1.063821124e-09,6.099528019921353
2,2:242031729:A:G,242031729,G,A,0.169694,0.017389,0.00313611,2.94556e-08,360808.2797,0.01732822156,0.003136421612,3.297896132e-08,5.524838080984375
7,7:62629865:C:A,62629865,A,C,0.015547,-0.055485,0.00962952,8.32056e-09,352500.4067,-0.05617996978,0.009631444499,5.444790463e-09,5.832974460459485
7,7:64945728:T:A,64945728,A,T,0.272229,0.0145125,0.00270073,7.72538e-08,346197.3339,0.01524586354,0.002702613323,1.689121685e-08,5.641156065595256
7,7:66098031:A:C,66098031,C,A,0.253761,-0.0269505,0.00288081,8.39373e-21,318273.1945,-0.02776056674,0.002883238651,6.075036041e-22,9.628258392822161
7,7:72550589:T:A,72550589,A,T,0.457353,0.0163269,0.0023643,5.00679e-12,360595.1061,0.01633824308,0.002364458097,4.848883656e-12,6.909931328759766
7,7:77641253:T:G,77641253,G,T,0.377877,-0.0132536,0.00243069,4.96639e-08,360188.3413,-0.01318743485,0.002430795273,5.790510739e-08,5.425152416774508
7,7:80219094:C:T,80219094,T,C,0.688884,-0.0222525,0.00254369,2.1785e-18,360713.5197,-0.02235770438,0.002543983519,1.516202987e-18,8.788462744754124
7,7:81138488:G:T,81138488,T,G,0.138322,-0.0167109,0.00341497,9.91415e-07,359925.3378,-0.01681788454,0.003415351042,8.47045283e-07,4.924203788478385
7,7:81816742:A:C,81816742,C,A,0.545413,0.0126049,0.00237138,1.06476e-07,358816.4697,0.01248319033,0.002371659549,1.413513856e-07,5.263483258068589
7,7:82596003:G:C,82596003,C,G,0.428064,0.0142331,0.00237971,2.21947e-09,360831.2116,0.01429685234,0.002379962156,1.887821651e-09,6.007176334277812
7,7:82884502:C:A,82884502,A,C,0.574503,-0.0129019,0.00238435,6.26824e-08,359987.3383,-0.01320403842,0.002384574233,3.072175539e-08,5.537272959369431
7,7:86943063:G:T,86943063,T,G,0.798446,-0.0547067,0.0029355,1.77676e-77,360439.1419,-0.05476890172,0.00293695777,1.306623831e-77,18.648174747163626
7,7:89494701:G:T,89494701,T,G,0.491778,-0.0162136,0.00235374,5.64964e-12,361289.0429,-0.01614397356,0.002353942473,6.969932694e-12,6.858270219078544
7,7:92911916:G:A,92911916,A,G,0.0732373,-0.0316979,0.00452867,2.57542e-12,359376.7223,-0.03179241654,0.004529063329,2.224327465e-12,7.0196449531695215
7,7:95241192:G:C,95241192,C,G,0.866282,0.0421022,0.00346347,5.408460000000001e-34,359915.9298,0.04214870764,0.003464204753,4.663403366e-34,12.16692160112627
7,7:100799965:A:C,100799965,C,A,0.258159,0.0138137,0.00269183,2.87254e-07,360517.4403,0.01322299587,0.002693374514,9.133073643e-07,4.909453104745611
7,7:101460360:T:A,101460360,A,T,0.0464941,-0.0298187,0.00559693,9.95296e-08,360243.5091,-0.02930121042,0.005600068264,1.674180783e-07,5.232295221892674
7,7:101735238:A:G,101735238,G,A,0.066786,-0.035256,0.0047196,8.02958e-14,360335.4974,-0.034995948,0.004720103322,1.223302617e-13,7.414233463256378
7,7:107712741:G:C,107712741,C,G,0.247288,0.013278,0.00272947,1.14684e-06,360773.2606,0.0134052888,0.002729693277,9.065286428e-07,4.910913952476281
7,7:108687285:C:G,108687285,G,C,0.3483,-0.0138539,0.00247469,2.16689e-08,359890.799,-0.01314734724,0.002475539053,1.090835129e-07,5.3109027805751206
7,7:109176189:T:G,109176189,G,T,0.0418907,0.0690478,0.00588261,8.287000000000001e-32,360091.1481,0.04866546343,0.006361033663,2.0010747680000002e-14,7.650559014185176
7,7:109199867:G:C,109199867,C,G,0.231412,0.0359461,0.0027935,6.968499999999999e-38,360308.9098,0.02635688958,0.003024332186,2.908990743e-18,8.714945303300093
7,7:109955887:A:T,109955887,T,A,0.0170413,0.047463,0.00910325,1.85057e-07,360402.3988,0.04526846535,0.009120450039,6.926878966e-07,4.963402590489208
7,7:116543605:T:G,116543605,G,T,0.227723,-0.0151091,0.00280779,7.40721e-08,360833.8456,-0.01519736267,0.002807923438,6.221554854e-08,5.4123137633783305
7,7:125875150:G:A,125875150,A,G,0.0241724,0.0433999,0.00766398,1.49006e-08,361086.4545,0.04308621381,0.00766437251,1.891715899e-08,5.621623134024837
7,7:129768977:G:T,129768977,T,G,0.653672,-0.0330072,0.00247238,1.20558e-40,361375.9812,-0.03296590365,0.002473005802,1.542807042e-40,13.330297738622127
7,7:131632196:G:T,131632196,T,G,0.277134,-0.0179104,0.00263308,1.03299e-11,360180.2212,-0.01784263924,0.002633303534,1.2375186e-11,6.7757624632421125
7,7:135558402:A:G,135558402,G,A,0.295283,0.0223348,0.00258163,5.107320000000001e-18,360678.3342,0.02251766406,0.002581933866,2.751722855e-18,8.721239670977694
7,7:137304582:T:C,137304582,C,T,0.0926677,-0.0233342,0.00406004,9.0771e-09,360957.6407,-0.02343348395,0.004060288713,7.862323112e-09,5.771383664164574
7,7:137917699:C:A,137917699,A,C,0.182197,0.0205578,0.0030545,1.69523e-11,359854.1532,0.02049337908,0.003054722756,1.962952083e-11,6.708752550373838
7,7:141448757:C:T,141448757,T,C,0.48383,-0.0125623,0.00236101,1.03423e-07,359365.1412,-0.01245729123,0.002361266416,1.322631175e-07,5.275682212557247
7,7:142714584:C:T,142714584,T,C,0.16786,0.0180851,0.00334544,6.45258e-08,320008.672,0.01746367832,0.003346480923,1.803583036e-07,5.218520207294186
7,7:143343177:A:T,143343177,T,A,0.0715697,-0.0301861,0.00456704,3.86005e-11,360953.0098,-0.02940387651,0.004568370592,1.223375449e-10,6.436403509271168
7,7:144950974:A:C,144950974,C,A,0.00589223,0.115714,0.0153817,5.37145e-14,360961.965,0.1141204052,0.01538489063,1.191773845e-13,7.417693628414178
7,7:145612089:T:G,145612089,G,T,0.711843,-0.015442,0.00260512,3.07792e-09,359368.5332,-0.01521887495,0.002605616773,5.195211919e-09,5.840795587325611
7,7:148431814:C:T,148431814,T,C,0.422517,0.0120672,0.00238487,4.19749e-07,360502.0237,0.01202138757,0.002384979296,4.644194603e-07,5.040457831295153
7,7:153472305:A:G,153472305,G,A,0.334216,0.0228999,0.00249547,4.4707099999999997e-20,360981.3474,0.02294539819,0.002495780192,3.7963557430000003e-20,9.193677497541419
6,6:69233559:C:G,69233559,G,C,0.152834,0.0305089,0.00327421,1.19264e-20,360356.8264,0.03051540083,0.003274729525,1.180530661e-20,9.318449232841603
6,6:71778677:T:G,71778677,G,T,0.536523,0.0156163,0.00236069,3.71675e-11,360987.2311,0.01349248996,0.002370075831,1.249349779e-08,5.692851588764208
6,6:72171210:A:T,72171210,T,A,0.21665,0.0227773,0.00286287,1.78088e-15,359620.7208,0.0192261783,0.002893505646,3.040482754e-11,6.6445967805794295
6,6:72291575:A:C,72291575,C,A,0.431107,-0.0195955,0.00237736,1.69154e-16,360870.6933,-0.01621187666,0.002406835811,1.630714138e-11,6.735763439245253
6,6:73889236:C:A,73889236,A,C,0.528611,0.0168258,0.0023615,1.04226e-12,359986.4533,0.01499792793,0.002379936188,2.94171913e-10,6.3018193536540315
6,6:74360911:G:C,74360911,C,G,0.165224,0.0219004,0.00317005,4.90449e-12,360916.0514,0.01932729554,0.003194661416,1.449601497e-09,6.049872904590775
6,6:77037177:C:T,77037177,T,C,0.538794,-0.0134523,0.00236469,1.28021e-08,360025.9236,-0.0134122085,0.002365046715,1.419563835e-08,5.671012084004437
6,6:83001382:A:G,83001382,G,A,0.333805,-0.019594,0.00249581,4.14634e-15,361116.6976,-0.02083001853,0.002507920139,9.923725489999999e-17,8.30569450999572
6,6:83005615:G:C,83005615,C,G,0.0180443,-0.0403306,0.00884823,5.16497e-06,360636.0836,-0.04728832666,0.008890634326,1.044008959e-07,5.318892322644381
6,6:90766522:G:T,90766522,T,G,0.193664,0.0146111,0.00297868,9.33594e-07,361074.9417,0.01472128347,0.002978809496,7.732429195e-07,4.942002330047628
6,6:94440226:C:G,94440226,G,C,0.224043,-0.0398096,0.00282694,5.0219299999999994e-45,359912.9685,-0.0399082752,0.002827775074,3.16031504e-45,14.112959537318563
6,6:96415116:T:A,96415116,A,T,0.590478,-0.0210511,0.00239823,1.6747100000000002e-18,359652.67,-0.02186178693,0.002400444616,8.438705704000001e-20,9.1073906826601
6,6:96959726:T:A,96959726,A,T,0.558688,0.0140244,0.00237563,3.56309e-09,359520.9162,0.01366673771,0.002388703371,1.056471679e-08,5.721404288167683
6,6:97108124:G:T,97108124,T,G,0.0187963,0.0474704,0.00865993,4.21743e-08,361695.0351,0.04428385039,0.008702760577,3.609388809e-07,5.088483131092347
6,6:101130679:T:G,101130679,G,T,0.480355,-0.0312144,0.00236118,6.888240000000001e-40,359335.8201,-0.03110869592,0.002361828341,1.2811903239999999e-39,13.171446620387554
6,6:102950546:T:G,102950546,G,T,0.457815,0.012195,0.00236379,2.48289e-07,360704.5274,0.01179162302,0.002363966275,6.098630513e-07,4.988067361493979
6,6:113439997:G:T,113439997,T,G,0.365068,-0.0225269,0.00244928,3.6874799999999994e-20,359715.3476,-0.02249640187,0.00244961086,4.1666910760000005e-20,9.183663510538159
6,6:118672205:A:G,118672205,G,A,0.0335678,0.0548063,0.00654256,5.45385e-17,360217.3649,0.05422324137,0.006543348306,1.163625227e-16,8.286772892752685
6,6:120198751:G:C,120198751,C,G,0.0861581,-0.0292235,0.00419457,3.24381e-12,361109.148,-0.02935418446,0.004195114956,2.610724134e-12,6.997230056357959
6,6:121616919:A:G,121616919,G,A,0.819762,-0.021439,0.00306402,2.61925e-12,360630.6615,-0.01620618948,0.003146725073,2.602414599e-07,5.150176486358712
6,6:121779368:G:C,121779368,C,G,0.42982,-0.0230175,0.00238032,4.07272e-22,360210.9605,-0.02021864659,0.0024443267,1.32103323e-16,8.271662945055585
6,6:122729256:A:G,122729256,G,A,0.138684,-0.0272979,0.0034093,1.1798e-15,360281.8245,-0.02799819346,0.003410564533,2.2256536919999997e-16,8.209254857691327
6,6:123274976:C:A,123274976,A,C,0.0185452,-0.0500966,0.00874704,1.02141e-08,359232.1837,-0.05158730985,0.008748449013,3.707583297e-09,5.89673778441669
6,6:125808790:T:C,125808790,C,T,0.565082,-0.014914,0.00237589,3.45091e-10,360595.2219,-0.01496514625,0.002376067821,3.009617454e-10,6.298282447048046
6,6:130033983:T:G,130033983,G,T,0.238418,-0.0138763,0.00276444,5.18144e-07,360527.6178,-0.01389265128,0.002764558558,5.027265519e-07,5.025269311007302
6,6:135218077:C:G,135218077,G,C,0.779894,-0.0152504,0.00284204,8.05449e-08,360808.2395,-0.01516789401,0.002842161473,9.46294313e-08,5.336746048418481
6,6:143633162:G:C,143633162,C,G,0.171355,-0.0225302,0.00312699,5.8126e-13,360294.877,-0.02258084573,0.003127307212,5.178166752e-13,7.2205396525654795
6,6:145596260:G:T,145596260,T,G,0.02772,-0.0364618,0.00729792,5.84993e-07,348517.909,-0.03699539925,0.007298407926,3.999775919e-07,5.068968414084779
6,6:148584062:C:A,148584062,A,C,0.568139,-0.0272138,0.00237439,2.08792e-30,361558.4155,-0.02724989167,0.00237483093,1.7729029940000002e-30,11.474455434181163
6,6:153971963:T:C,153971963,C,T,0.822774,0.017476,0.00308518,1.47554e-08,360438.5788,0.01749541651,0.003085334562,1.423741285e-08,5.670508710944781
6,6:157014317:A:C,157014317,C,A,0.381288,-0.012304,0.00242552,3.9239e-07,360459.5521,-0.01249466025,0.002425647939,2.590170596e-07,5.151060897630123
6,6:159904086:A:C,159904086,C,A,0.021818,-0.0580277,0.00805356,5.80594e-13,361381.6927,-0.06026233196,0.0080583937,7.534375806e-14,7.4782064768069105
6,6:160160433:G:A,160160433,A,G,0.86068,0.026409,0.00340644,9.02138e-15,359508.9242,0.02691824386,0.003408586043,2.852665617e-15,7.8971877254735325
6,6:161570724:A:C,161570724,C,A,0.158735,-0.0202399,0.00322359,3.41801e-10,360500.8821,-0.02003491342,0.003223890001,5.148335024e-10,6.214515201754863
6,6:162181429:A:G,162181429,G,A,0.62729,-0.0280645,0.00243234,8.586e-31,361568.9149,-0.02799323761,0.002432819824,1.2234570050000002e-30,11.506498481245522
6,6:168971382:C:T,168971382,T,C,0.452375,0.0178062,0.0023639,4.98767e-14,361352.1838,0.01821588495,0.002364767241,1.328718925e-14,7.703035053165302
6,6:169107259:A:C,169107259,C,A,0.0845084,-0.0316333,0.00423017,7.56246e-14,361328.1866,-0.0321342228,0.00423166261,3.10757957e-14,7.593758236789109
6,6:169372648:T:A,169372648,A,T,0.0582216,-0.0649736,0.00503628,4.52415e-38,359571.5844,-0.06506660446,0.005037574903,3.644505988e-38,12.916255482623441
16,16:46416426:A:G,46416426,G,A,0.0909667,-0.0534917,0.00411631,1.3313299999999999e-38,357048.2769,-0.05349383611,0.004117313674,1.351008648e-38,12.992412127305897
16,16:49465901:G:T,49465901,T,G,0.355488,0.017885,0.00246644,4.13442e-13,359045.9347,0.01765039152,0.002467074438,8.405106572e-13,7.154381419601089
16,16:49841873:C:A,49841873,A,C,0.800996,-0.0169109,0.00295247,1.01883e-08,360170.3631,-0.01551846587,0.002954511357,1.500774374e-07,5.25246445007996
16,16:50260445:C:T,50260445,T,C,0.0927134,-0.0386193,0.00410454,5.0403499999999995e-21,353090.336,-0.0379788079,0.0041069698,2.3001155910000002e-20,9.247403742778923
16,16:51807056:C:T,51807056,T,C,0.42133,0.0183901,0.00238357,1.20954e-14,361268.3708,0.01850765847,0.002383812621,8.236347630000001e-15,7.763889790228609
16,16:52940496:C:G,52940496,G,C,0.264502,0.0137739,0.00267196,2.53796e-07,360336.5217,0.013901644,0.002672112243,1.966332588e-07,5.202492536164021
16,16:56291366:A:C,56291366,C,A,0.773741,0.0185075,0.00281122,4.60275e-11,361715.8075,0.01865727688,0.002811442453,3.218866541e-11,6.636193765976401
16,16:57132845:T:C,57132845,C,T,0.0169705,-0.0628845,0.00912124,5.42192e-12,360565.7468,-0.06257126711,0.009122029194,6.917052751e-12,6.859358348815212
16,16:58865238:A:C,58865238,C,A,0.232155,-0.045571,0.00278869,5.26701e-60,360775.675,-0.04526843358,0.002789763527,3.2697376000000004e-59,16.226620336054026
16,16:61746516:C:G,61746516,G,C,0.131637,0.0229008,0.00348936,5.27918e-11,359573.6082,0.02297098128,0.00348959971,4.61986723e-11,6.582698071120598
16,16:66923145:C:T,66923145,T,C,0.161494,-0.0953522,0.00338262,1.24294e-174,322234.6153,-0.09771565013,0.003396770742,5.5167577269999995e-182,28.76721967773002
16,16:68293175:T:G,68293175,G,T,0.651303,0.00991609,0.00256384,0.000109896,335257.3093,0.0149076356,0.00257823594,7.377083996e-09,5.782106815251361
16,16:68735133:G:C,68735133,C,G,0.567907,-0.0151378,0.00266329,1.31799e-08,287521.821,-0.01521395726,0.002675871859,1.303484149e-08,5.685607555843727
16,16:68855655:G:C,68855655,C,G,0.0194595,-0.0452531,0.00862731,1.56088e-07,352394.2145,-0.04944486023,0.008650206579,1.090400188e-08,5.716032302631556
16,16:69317817:A:T,69317817,T,A,0.0412775,-0.0368587,0.00596227,6.33622e-10,355741.4312,-0.04109701634,0.005968773055,5.765073044e-12,6.885337398709323
16,16:77236880:A:C,77236880,C,A,0.0243819,-0.0642572,0.00763271,3.82205e-17,361094.2025,-0.06347137809,0.007633568548,9.192923019999999e-17,8.314771484776873
16,16:79069592:G:A,79069592,A,G,0.166332,-0.0329979,0.00316123,1.67174e-25,361075.9009,-0.03285281352,0.003161742738,2.732550529e-25,10.390729493944047
16,16:81105128:T:G,81105128,G,T,0.152228,0.0449065,0.0032798,1.16426e-42,360343.3034,0.04481465566,0.003280685891,1.756258178e-42,13.660148258308219
16,16:85266907:C:A,85266907,A,C,0.361471,-0.0385526,0.00244903,8.1319200000000005e-56,361302.1921,-0.03849223031,0.002449876984,1.253584078e-55,15.711903316529954
16,16:85833122:T:G,85833122,G,T,0.433025,0.0446133,0.00237708,1.50099e-78,360430.8634,0.04460739452,0.002378245514,1.715425696e-78,18.75642958534348
16,16:86968975:C:T,86968975,T,C,0.314609,-0.0144702,0.00253593,1.15703e-08,360900.4525,-0.0144340328,0.002536058581,1.259120471e-08,5.6915218394949205
15,15:20073706:T:A,20073706,A,T,0.0179347,0.0560306,0.00887127,2.68805e-10,360955.7364,0.05623069455,0.00887176701,2.325226129e-10,6.338161776184878
15,15:26920258:T:A,26920258,A,T,0.465154,0.0237811,0.00236256,7.882170000000001e-24,360242.2815,0.02381428326,0.002362912051,6.886445014000001e-24,10.078362099817316
15,15:28320778:A:T,28320778,T,A,0.576689,0.0275212,0.00238301,7.56843e-31,360823.2896,0.02770108035,0.002383480389,3.181653501e-31,11.62211381215606
15,15:29199868:T:C,29199868,C,T,0.337415,-0.0198015,0.00249233,1.94762e-15,360259.0155,-0.01975138654,0.002492561186,2.297434804e-15,7.924133076827908
15,15:29367228:A:G,29367228,G,A,0.189348,0.0230857,0.00300846,1.67694e-14,360125.0672,0.02323487924,0.003008737587,1.1409871850000001e-14,7.722467835145239
15,15:36650029:C:T,36650029,T,C,0.180498,-0.033735,0.00306036,2.9844200000000003e-28,361072.5265,-0.03385797979,0.00306090563,1.9300526840000001e-28,11.061425565740162
15,15:38613714:G:A,38613714,A,G,0.242164,0.0170998,0.0027528,5.24393e-10,359771.9614,0.01719015274,0.002752979817,4.259784524e-10,6.244198607577369
15,15:40858354:G:C,40858354,C,G,0.736071,-0.0204693,0.00270173,3.5626e-14,352814.7105,-0.02069646436,0.002701997668,1.8638250860000002e-14,7.6596899416717035
15,15:44474239:T:C,44474239,C,T,0.132927,0.042413,0.00349387,6.642020000000001e-34,355504.9924,0.04371375334,0.003499980163,8.495785527000001e-36,12.489714599562433
15,15:44648465:A:C,44648465,C,A,0.0213338,0.0366622,0.00818575,7.5091e-06,357654.6787,0.04277914718,0.008198539843,1.809647669e-07,5.217898308626906
15,15:47016141:C:G,47016141,G,C,0.189638,-0.0266189,0.00300728,8.67491e-19,359965.8819,-0.02660386478,0.00300762298,9.113682873e-19,8.845478624451792
15,15:48104264:A:T,48104264,T,A,0.722635,0.0247914,0.00262902,4.12739e-21,361112.613,0.02477577973,0.00262945433,4.408782726e-21,9.422403518223494
15,15:51093384:T:C,51093384,C,T,0.929178,0.0286036,0.0045907,4.64691e-10,360774.9352,0.02837212734,0.004593631264,6.557761686e-10,6.176405050694989
15,15:52239228:C:G,52239228,G,C,0.363492,-0.0128302,0.00244974,1.62981e-07,360359.7309,-0.01230736273,0.002451210582,5.142124501e-07,5.020932440638427
15,15:54730916:G:T,54730916,T,G,0.0409556,-0.0532681,0.00593389,2.7970200000000003e-19,361726.4667,-0.05311996557,0.005934616647,3.52700436e-19,8.950867213445472
15,15:60051476:T:C,60051476,C,T,0.10548,0.0222992,0.00383551,6.10945e-09,360463.158,0.02227443304,0.003835690307,6.354479988e-09,5.807151062052622
15,15:61067819:A:G,61067819,G,A,0.0158412,0.0665808,0.00943382,1.69624e-12,360594.9207,0.06702358296,0.009434529982,1.211334475e-12,7.104072284244504
15,15:62250761:A:G,62250761,G,A,0.393561,-0.0132864,0.00241005,3.53167e-08,360927.6608,-0.01317502692,0.002410184112,4.592711024e-08,5.466398543747433
15,15:65694174:G:A,65694174,A,G,0.164346,0.0164049,0.00318017,2.49088e-07,360238.093,0.0164775613,0.003180287747,2.205170628e-07,5.181154225916652
15,15:67516937:G:A,67516937,A,G,0.520157,0.0288685,0.00235881,1.9647800000000003e-34,360170.3174,0.02892854655,0.002359318583,1.459579712e-34,12.261399015140976
15,15:70382102:A:T,70382102,T,A,0.518161,-0.0228277,0.00235684,3.48969e-22,360718.3322,-0.02281041475,0.002357183405,3.777113835e-22,9.676979186946213
15,15:72543836:C:T,72543836,T,C,0.043052,-0.0328413,0.00580667,1.55251e-08,360191.5277,-0.03301918178,0.005807070617,1.300260335e-08,5.6860306956380855
15,15:79025053:A:C,79025053,C,A,0.22911,-0.038583,0.00280137,3.80629e-43,360829.7692,-0.03856674733,0.002802135928,4.235048313e-43,13.763339224420378
15,15:81457585:T:G,81457585,G,T,0.276843,-0.022804,0.00263454,4.9144e-18,360032.6775,-0.02202213871,0.002636048014,6.586359494999999e-17,8.35422518597569
15,15:81792742:C:T,81792742,T,C,0.129331,0.0274403,0.00351193,5.57928e-15,360235.9137,0.02747114921,0.003515332113,5.510860586e-15,7.814666815806487
15,15:83358419:C:A,83358419,A,C,0.460376,0.0111168,0.00236633,2.62969e-06,359688.7253,0.01173368356,0.002367719884,7.207439492e-07,4.955689074240169
15,15:85180839:T:A,85180839,A,T,0.10244,-0.0304924,0.00388972,4.54498e-15,359636.7626,-0.03096739487,0.00389063777,1.727848395e-15,7.959464925977933
15,15:89933681:G:A,89933681,A,G,0.143273,0.016949,0.00336015,4.55809e-07,361038.2998,0.01720840102,0.003360335211,3.038599778e-07,5.121037021446132
15,15:93711104:T:A,93711104,A,T,0.0267197,-0.0629252,0.0072938,6.310690000000001e-18,361610.827,-0.06004130051,0.007313794324,2.2243896549999997e-16,8.20932307502499
15,15:93846301:T:A,93846301,A,T,0.50441,0.0146835,0.00235785,4.74527e-10,360016.7219,0.01341280362,0.002364218478,1.401131268e-08,5.673250482056337
15,15:95738944:C:T,95738944,T,C,0.0139113,-0.0524222,0.010053,1.84311e-07,360911.0976,-0.0517094144,0.01005345934,2.697457598e-07,5.143444922909491
15,15:98436327:T:A,98436327,A,T,0.607428,0.0373371,0.0024115,4.71074e-54,360604.1715,0.03738908294,0.002412318368,3.510613451e-54,15.499232371636943
15,15:99935819:A:C,99935819,C,A,0.18146,0.016645,0.0030624,5.47512e-08,359192.8322,0.01652035676,0.003062537467,6.877733058e-08,5.394336212377186
15,15:101440996:T:C,101440996,C,T,0.103029,-0.0223017,0.00387015,8.29458e-09,361471.9824,-0.02239249519,0.003870367589,7.224324884e-09,5.785624924527033
18,18:22400671:A:G,22400671,G,A,0.312867,0.027704,0.00254068,1.11182e-27,360563.7671,0.02762318606,0.002541137702,1.5949810729999999e-27,10.870401095642789
18,18:23394940:G:A,23394940,A,G,0.0510863,0.0344531,0.00535845,1.28036e-10,359555.8146,0.03387166385,0.005359041615,2.60768296e-10,6.320470390674508
18,18:24429657:G:T,24429657,T,G,0.117815,-0.0188492,0.0036526,2.46441e-07,360935.2064,-0.01929785545,0.003654044892,1.283187238e-07,5.281231079631739
18,18:24942668:G:A,24942668,A,G,0.464581,0.016445,0.00236047,3.24709e-12,361089.7891,0.01665849658,0.002361378821,1.731435114e-12,7.054563389767948
18,18:27131221:G:C,27131221,C,G,0.0855823,0.0796488,0.00421065,9.19902e-80,360386.0129,0.0800166721,0.004213152449,1.981867322e-80,18.992114116115623
18,18:27806865:G:A,27806865,A,G,0.0339299,0.0395068,0.006511,1.29881e-09,360159.4154,0.03933046464,0.006513639942,1.558719011e-09,6.0381699004264675
18,18:28345569:A:G,28345569,G,A,0.491995,-0.025061,0.00245738,2.0341700000000003e-24,331525.045,-0.02490653952,0.002458446038,4.024736515e-24,10.131009237144786
18,18:31214184:G:A,31214184,A,G,0.446186,-0.0131662,0.0023733,2.89743e-08,359586.5693,-0.01325083781,0.002373471882,2.3655129e-08,5.582892264489021
18,18:33765212:C:A,33765212,A,C,0.288547,-0.0233289,0.00259783,2.71646e-19,361197.3765,-0.02314095861,0.002598198949,5.265074935000001e-19,8.90653836147018
18,18:36521364:A:G,36521364,G,A,0.373501,-0.0245664,0.00243774,6.993620000000001e-24,359845.6932,-0.02423297762,0.002438144457,2.8133900349999997e-23,9.939106581821374
18,18:39425245:T:G,39425245,G,T,0.14952,0.0199246,0.00330246,1.60853e-09,360863.9047,0.01953931292,0.003302856004,3.300978439e-09,5.91588397930048
18,18:40635163:G:C,40635163,C,G,0.217409,-0.017377,0.00285834,1.20745e-09,360031.9608,-0.01706585786,0.00285868238,2.374958138e-09,5.969833507701543
18,18:44649209:C:T,44649209,T,C,0.659616,-0.0167793,0.00248525,1.46485e-11,360886.3354,-0.01686777909,0.002485418407,1.147306274e-11,6.786695971387806
18,18:47594628:C:T,47594628,T,C,0.179085,-0.0168719,0.00311525,6.10196e-08,350789.2568,-0.01679873044,0.003115418286,6.962860321e-08,5.392126802198528
18,18:48590355:C:G,48590355,G,C,0.261489,-0.0144146,0.00268136,7.62611e-08,360470.9853,-0.01465354201,0.002681522468,4.638597845e-08,5.464635178287083
18,18:51509455:C:A,51509455,A,C,0.0939232,-0.0602399,0.00403746,2.51901e-50,360581.4483,-0.0603868282,0.004039177278,1.550974698e-50,14.950279238523681
18,18:52522800:G:T,52522800,T,G,0.0299426,-0.0459169,0.00692703,3.39214e-11,359080.2861,-0.04420094208,0.006930136379,1.793255847e-10,6.378076802924054
18,18:52851517:A:C,52851517,C,A,0.0885957,0.0415267,0.00415844,1.7654999999999998e-23,358360.6784,0.03936210079,0.004182829827,4.942535072e-21,9.410399757580194
18,18:53246779:C:G,53246779,G,C,0.0536155,0.0362442,0.0052366,4.48194e-12,359675.7496,0.03103728631,0.005268100208,3.825852273e-09,5.891551998739049
18,18:55088159:C:A,55088159,A,C,0.0842462,0.0253266,0.00424634,2.45854e-09,359769.4304,0.02555173488,0.004248011355,1.79900665e-09,6.014987424627541
18,18:55319038:C:T,55319038,T,C,0.163151,-0.0197475,0.00319059,6.05e-10,360081.4396,-0.02009197588,0.003191815117,3.077106226e-10,6.294843261123636
18,18:56240895:C:A,56240895,A,C,0.316443,0.014672,0.00253655,7.28933e-09,359607.1279,0.01502238963,0.002537522998,3.217461288e-09,5.9200998934158235
18,18:64375753:A:T,64375753,T,A,0.440911,0.0125397,0.00236957,1.21083e-07,361593.9628,0.01253916857,0.002369658704,1.212837247e-07,5.291550445147986
18,18:76764395:C:G,76764395,G,C,0.0361733,-0.032441,0.00630944,2.72454e-07,360599.5867,-0.03215814512,0.00630972344,3.458054321e-07,5.096601368633045
18,18:77322572:G:A,77322572,A,G,0.567552,0.0144994,0.00237773,1.07509e-09,360675.2785,0.0163529884,0.002384619868,6.998197628e-12,6.857691919557554
18,18:77344368:T:A,77344368,A,T,0.240369,-0.0278835,0.00275376,4.2847e-24,361384.2875,-0.02928416898,0.002761971487,2.897080833e-26,10.602632618705234
9,9:73516296:C:T,73516296,T,C,0.181624,0.0381566,0.00307859,2.8578e-35,355105.7889,0.0405494489,0.00308105023,1.472857344e-39,13.16091782768501
9,9:73610195:G:A,73610195,A,G,0.227129,-0.0468462,0.00281257,2.8877400000000003e-62,360126.1726,-0.0483690202,0.002815117569,3.6293788270000003e-66,17.18188282174726
9,9:74638056:A:G,74638056,G,A,0.0274647,0.100051,0.00720698,8.29772e-44,360542.4801,0.1040712479,0.007211276829,3.2674905689999996e-47,14.431736621381617
9,9:77023921:A:T,77023921,T,A,0.877551,-0.0337451,0.00359815,6.731719999999999e-21,359652.4841,-0.03352949795,0.003599018026,1.2047873800000001e-20,9.316290640329235
9,9:77870544:T:A,77870544,A,T,0.604212,-0.0124248,0.00241189,2.58562e-07,359729.7847,-0.01185949039,0.002412295201,8.820949291e-07,4.916268284695725
9,9:80575977:T:A,80575977,A,T,0.0085019,0.0992498,0.0128239,1.00097e-14,360956.7821,0.09849339269,0.01282513368,1.594408543e-14,7.67971665227898
9,9:87200761:G:T,87200761,T,G,0.553445,-0.0183309,0.00236867,1.00552e-14,360865.0137,-0.0187807736,0.002368903558,2.226229551e-15,7.928044827564062
9,9:87759795:C:G,87759795,G,C,0.0958365,0.121287,0.00399608,4.32094e-202,360762.6455,0.1214978619,0.004001261848,1.598175376e-202,30.364886507172674
9,9:89837745:C:A,89837745,A,C,0.5062,-0.0133492,0.00235805,1.50482e-08,360045.5897,-0.01339581828,0.00235821003,1.342994852e-08,5.6805026310569975
9,9:90706816:A:C,90706816,C,A,0.289517,0.0191063,0.00259936,1.98075e-13,360039.0495,0.01913263064,0.002599594648,1.841148955e-13,7.359851527129317
9,9:91711940:A:G,91711940,G,A,0.126697,0.0219922,0.00356341,6.76359e-10,356177.1843,0.02231336026,0.003563710609,3.818506337e-10,6.261271665451329
9,9:95971228:T:G,95971228,G,T,0.907828,-0.0251125,0.00407269,7.00857e-10,360549.0098,-0.0252711781,0.0040729316,5.481337031e-10,6.204665479773831
9,9:100075192:A:G,100075192,G,A,0.0110561,0.0635914,0.0112658,1.65636e-08,360611.3038,0.06303210055,0.01126698473,2.213768328e-08,5.594407204810333
9,9:101708833:G:T,101708833,T,G,0.923438,-0.0259481,0.00442936,4.68311e-09,360770.5787,-0.02576257381,0.004429853804,6.039101834e-09,5.8156713403808755
9,9:115050856:A:G,115050856,G,A,0.153425,-0.0223072,0.00326826,8.78181e-12,360682.0551,-0.0223212792,0.003268467279,8.534168311e-12,6.8292803001011775
9,9:120690069:C:G,120690069,G,C,0.288987,-0.0165569,0.00259821,1.86266e-10,360763.1453,-0.01652338084,0.002598380494,2.029293817e-10,6.359107481815941
9,9:126148325:T:C,126148325,C,T,0.309233,0.0136386,0.00255947,9.89816e-08,357621.3358,0.01373399844,0.002559619755,8.06626331e-08,5.365640116338296
9,9:126425831:C:T,126425831,T,C,0.10047,0.0228073,0.00391897,5.89929e-09,360527.7232,0.02285552873,0.003919179315,5.4861241e-09,5.831712941156917
9,9:127979434:G:T,127979434,T,G,0.232321,0.0225738,0.00279188,6.20875e-16,359943.9682,0.02247328601,0.002792207946,8.376579242999999e-16,8.048571755622387
9,9:130533068:T:C,130533068,C,T,0.398019,0.0174624,0.0024059,3.93187e-13,360803.0954,0.01756058543,0.002406091416,2.912387405e-13,7.298386633702201
9,9:135753844:G:T,135753844,T,G,0.417367,-0.0126877,0.00238755,1.0725e-07,361013.3692,-0.01254936335,0.002387654516,1.472721546e-07,5.255937685249267
9,9:137182153:G:T,137182153,T,G,0.0440578,-0.0292446,0.00573454,3.4033e-07,361320.4313,-0.02880403553,0.005734831642,5.09641354e-07,5.0226471024971024
9,9:137801191:G:C,137801191,C,G,0.151594,-0.046271,0.00328585,5.0456199999999997e-45,360209.5023,-0.02911227565,0.003691749389,3.126093136e-15,7.8857670395350885
9,9:137815163:T:G,137815163,G,T,0.433916,-0.0367567,0.0023766,6.11536e-54,360486.1511,-0.02708443394,0.002670373638,3.575906305e-24,10.142563405578377
19,19:29693210:T:A,29693210,A,T,0.158437,0.0159912,0.00322877,7.32193e-07,360139.4195,0.0158015178,0.003228911864,9.892776942e-07,4.893759404267221
19,19:30930335:C:T,30930335,T,C,0.0997891,0.0247047,0.00393514,3.43432e-10,359850.7318,0.02450281171,0.003935406094,4.777396683e-10,6.226247336293319
19,19:32890330:C:G,32890330,G,C,0.434588,0.0230993,0.00237654,2.50076e-22,360637.5451,0.02297912787,0.002376886925,4.134011011e-22,9.6677412914794
19,19:34808025:A:G,34808025,G,A,0.00729904,-0.0787734,0.0138499,1.28913e-08,360164.7745,-0.07864676466,0.01385052302,1.360778761e-08,5.678252333607543
19,19:46748138:G:T,46748138,T,G,0.0183662,0.0650301,0.00876743,1.19845e-13,361192.0026,0.06493063985,0.008768115929,1.308418338e-13,7.405312655053514
19,19:48849203:A:G,48849203,G,A,0.00896251,-0.0642813,0.0125061,2.74868e-07,360348.1777,-0.06447462163,0.01250655481,2.532706146e-07,5.155266387066671
19,19:50766995:A:T,50766995,T,A,0.652947,0.0308514,0.00247373,1.08442e-35,360871.2017,0.03082443035,0.002474267375,1.264987035e-35,12.458002987652053
19,19:54655212:T:A,54655212,A,T,0.633677,-0.0191546,0.00244168,4.34579e-15,361688.0698,-0.01916782498,0.002441888367,4.173961739e-15,7.849591012855667
19,19:12312938:G:C,12312938,C,G,0.0215489,0.0568721,0.00810444,2.26422e-12,361578.216,0.0568793514,0.00810498137,2.253464448e-12,7.0178262976069
19,19:12584411:G:A,12584411,A,G,0.417187,0.0137232,0.00238997,9.36374e-09,360567.8929,0.01377962963,0.002390084545,8.149750724e-09,5.765331464456626
19,19:15638015:C:A,15638015,A,C,0.191849,0.0545171,0.00298724,2.23552e-74,361642.597,0.05440098716,0.002988629405,4.916687999e-74,18.20265405573094
19,19:16969642:T:C,16969642,C,T,0.807506,0.0199241,0.00298584,2.51206e-11,361345.062,0.01982747901,0.002986032653,3.135248312e-11,6.640074411135383
19,19:23427102:G:C,23427102,C,G,0.0926469,0.0176687,0.00407062,1.42175e-05,359517.9346,0.02281687602,0.004076249298,2.174431432e-08,5.597517313574279
19,19:24179525:G:A,24179525,A,G,0.0413802,0.142791,0.00595514,5.96038e-127,355424.037,0.1441811947,0.005968069322,6.039534123999999e-129,24.158766750330315
