Chr,SNP,bp,A1,A2,freq,b,se,p,n,bJ,bJ_se,pJ,z
8,8:47878246:A:T,47878246,T,A,0.250977,-0.015227,0.00273552,2.60239e-08,355693.383,-0.01581028273,0.002738505506,7.772225118e-09,5.773325156863861
8,8:48430484:G:A,48430484,A,G,0.00991287,-0.0565672,0.0119948,2.40649e-06,354353.2187,-0.0597016102,0.01200769975,6.628486822e-07,4.971943956210264
8,8:53330155:T:C,53330155,C,T,0.73639,0.0137645,0.00267667,2.71386e-07,359775.116,0.0135972549,0.002676823664,3.781847192e-07,5.0796229437397855
8,8:58938979:G:T,58938979,T,G,0.00789423,-0.0742939,0.0133046,2.35088e-08,360922.1619,-0.074238642,0.01330528693,2.41024094e-08,5.579634801607393
8,8:60368698:A:T,60368698,T,A,0.131381,0.0195049,0.00348923,2.27198e-08,360133.6494,0.01912763603,0.003489497756,4.217660998e-08,5.481486840652377
8,8:64008217:G:A,64008217,A,G,0.192393,-0.0350662,0.0029936,1.09875e-31,359235.9072,-0.03508471275,0.002994236243,1.037892019e-31,11.717416363529068
8,8:69069219:T:A,69069219,A,T,0.433222,0.0262548,0.00237746,2.3891e-28,360433.8929,0.02631215181,0.002377880342,1.846765094e-28,11.065380938331504
8,8:71533801:A:G,71533801,G,A,0.412642,0.0167811,0.0023929,2.33838e-12,360527.012,0.01689183176,0.002393095232,1.682239675e-12,7.0585706469703915
8,8:75530273:C:A,75530273,A,C,0.278799,-0.011797,0.00263199,7.39202e-06,359237.9274,-0.01355390411,0.002645512917,3.001451069e-07,5.123355861505326
8,8:76309387:T:C,76309387,C,T,0.0508199,0.0314587,0.00535764,4.31608e-09,361369.5399,0.03400608133,0.005385256956,2.707513131e-10,6.31466271857502
8,8:79038286:G:T,79038286,T,G,0.702855,-0.0126956,0.00257957,8.5877e-07,360051.3563,-0.01412585605,0.002591937459,5.039201796e-08,5.449921641029843
8,8:79582674:A:T,79582674,T,A,0.519586,0.0136808,0.0023562,6.39224e-09,361064.2721,0.01595084442,0.002368274207,1.636836905e-11,6.735218570912721
8,8:80256588:A:T,80256588,T,A,0.508818,0.0418992,0.00235597,1.0039100000000001e-70,360410.2162,0.0422790307,0.002357801038,6.688690333000001e-72,17.931551483183288
8,8:96080569:G:T,96080569,T,G,0.752407,0.0176739,0.002729,9.40947e-11,360639.8376,0.0176739,0.002729154905,9.42105474e-11,6.475960733346501
8,8:116638432:G:C,116638432,C,G,0.526578,0.0163245,0.00236213,4.82261e-12,359704.6652,0.01629728403,0.002362285282,5.238893222e-12,6.898948299843829
8,8:123554920:A:T,123554920,T,A,0.358971,-0.0127942,0.00245495,1.87325e-07,360800.7472,-0.01283540584,0.002455061254,1.71223125e-07,5.228140772083563
8,8:124213711:C:G,124213711,G,C,0.309605,0.0201843,0.00254673,2.27753e-15,360890.5154,0.02021835849,0.002546986319,2.052196928e-15,7.938149623802515
8,8:129118463:G:C,129118463,C,G,0.395136,-0.0233014,0.00241434,4.88488e-22,359094.4033,-0.02323054801,0.002414661418,6.543341619000001e-22,9.620623345711651
8,8:133817614:A:C,133817614,C,A,0.833899,-0.0319106,0.00316752,7.22918e-24,359977.7089,-0.0316736334,0.003168297013,1.569996174e-23,9.99705307615994
8,8:134136486:T:C,134136486,C,T,0.55328,0.0133041,0.00237052,1.9977e-08,360260.6944,0.0128004649,0.002370893438,6.701160583e-08,5.399004735867846
8,8:135278356:G:A,135278356,A,G,0.641945,-0.0137686,0.00245759,2.11483e-08,360427.7508,-0.01369338372,0.002457731449,2.524769419e-08,5.571554095371793
8,8:138082053:C:A,138082053,A,C,0.209554,-0.0255318,0.00289454,1.1426700000000001e-18,360496.8482,-0.02550262038,0.002894863363,1.255807824e-18,8.809611087678821
8,8:143163657:C:T,143163657,T,C,0.629904,-0.0123815,0.00243942,3.86511e-07,360686.2028,-0.01228861091,0.002439584862,4.724578295e-07,5.037172963897495
8,8:143452750:C:G,143452750,G,C,0.205362,0.0170111,0.0029133,5.25221e-09,361261.4702,0.01693347442,0.002913525405,6.172264216e-09,5.812022229474948
17,17:29003181:G:T,29003181,T,G,0.441601,0.0210207,0.00237992,1.0279300000000001e-18,358299.8219,0.02133117133,0.002381143037,3.2949939490000003e-19,8.958374611915428
17,17:29022361:G:A,29022361,A,G,0.102335,-0.0184476,0.0038859,2.06214e-06,360820.8946,-0.0194543427,0.003887589546,5.608947036e-07,5.00421725848524
17,17:32730866:G:A,32730866,A,G,0.15139,0.0216444,0.00328908,4.68896e-11,360109.1047,0.02160115936,0.0032892792,5.129057328e-11,6.567140715813969
17,17:42919764:G:A,42919764,A,G,0.0815103,0.0308974,0.00430629,7.24686e-13,360483.3308,0.03086921816,0.004306624546,7.618736746e-13,7.167845218518383
17,17:48881691:G:T,48881691,T,G,0.41984,-0.0187791,0.00238371,3.33288e-15,361599.2828,-0.01606402355,0.002406278408,2.457546326e-11,6.675879024053479
17,17:49080321:G:C,49080321,C,G,0.313607,0.0224169,0.00253913,1.06473e-18,360593.7542,0.02007176299,0.002563133325,4.842061159e-15,7.830947689777315
17,17:49933597:C:G,49933597,G,C,0.165435,-0.0260129,0.00317074,2.33177e-16,360537.6619,-0.02572457953,0.00317125358,4.987473143999999e-16,8.111801494600126
17,17:50488274:T:C,50488274,C,T,0.0617095,0.0268737,0.00489216,3.94935e-08,361171.6017,0.02697413595,0.004892453115,3.519323175e-08,5.51341736261074
17,17:52117149:C:G,52117149,G,C,0.0578471,0.0540133,0.00504615,9.85438e-27,360561.4223,0.05435556857,0.005046996574,4.776016017e-27,10.76988418221185
17,17:55398437:G:T,55398437,T,G,0.566446,0.0856686,0.00237668,5.23281e-284,359526.3672,0.08567870988,0.00238098961,1.462245451e-283,35.984495488831634
17,17:57962967:T:A,57962967,A,T,0.137353,0.0246961,0.00341547,4.81633e-13,362080.8914,0.02453032144,0.00341596391,6.916118675e-13,7.18108331536793
17,17:59893917:T:C,59893917,C,T,0.614698,0.0216148,0.00248168,3.05805e-18,343075.693,0.02083228641,0.002483769635,4.9715293709999995e-17,8.387366572343172
17,17:60802378:C:A,60802378,A,C,0.409332,-0.0134988,0.00260034,2.09104e-07,306142.1339,-0.01305621254,0.00260220941,5.238727802e-07,5.017356593142133
17,17:63861937:T:A,63861937,A,T,0.152744,-0.0584023,0.00337106,3.2668100000000004e-67,340052.2647,-0.059487497,0.003377136307,1.897412816e-69,17.614775239215714
17,17:64088116:G:T,64088116,T,G,0.1115,-0.0154562,0.0037429,3.63682e-05,360637.8034,-0.01852959185,0.003748067484,7.66252338e-07,4.9437722050364235
17,17:67414149:C:A,67414149,A,C,0.185106,0.0209122,0.00303082,5.214e-12,361194.7136,0.02089966155,0.003031041027,5.378564492e-12,6.8952090598013545
17,17:69001586:G:C,69001586,C,G,0.615609,0.0121165,0.00242193,5.65161e-07,360586.1519,0.01191095555,0.002422078598,8.758550731e-07,4.917658559815242
17,17:69771412:C:G,69771412,G,C,0.475848,-0.0184388,0.00236015,5.62053e-15,360215.3738,-0.01815700005,0.002361432363,1.4831566630000002e-14,7.68897739121906
17,17:70109813:C:A,70109813,A,C,0.110826,-0.0209877,0.00375136,2.21165e-08,360908.3805,-0.02010956492,0.003753147722,8.412350224e-08,5.358053135538159
17,17:72890778:C:T,72890778,T,C,0.281138,-0.0225359,0.00261753,7.361250000000001e-18,361412.4017,-0.02246477244,0.002617821131,9.366242457e-18,8.581477234626233
17,17:77333408:A:C,77333408,C,A,0.475979,-0.0116593,0.00236195,7.96621e-07,359694.0316,-0.01159520422,0.002362165035,9.167325231e-07,4.9087189286924655
17,17:77447309:C:G,77447309,G,C,0.207434,-0.0214786,0.00290198,1.3509e-13,361468.5418,-0.0213828339,0.002902386709,1.740822524e-13,7.367327666466378
17,17:78956995:T:G,78956995,G,T,0.510622,-0.0165161,0.00235708,2.43903e-12,360486.3092,-0.01652428876,0.002357267199,2.384296528e-12,7.009934540730017
17,17:79419610:C:A,79419610,A,C,0.257593,0.0239232,0.00269561,7.03335e-19,360126.704,0.02408819256,0.002695936058,4.071729031e-19,8.935001439859816
4,4:8912367:T:A,8912367,A,T,0.262532,-0.0189716,0.00267594,1.34637e-12,361110.8404,-0.01892555758,0.00267613499,1.52744834e-12,7.071974190659193
4,4:13515652:T:G,13515652,G,T,0.205749,-0.02287,0.00291679,4.48887e-15,360080.1449,-0.02293548781,0.002917045678,3.763187950000001e-15,7.862574104676052
4,4:15139551:A:G,15139551,G,A,0.0922723,0.0370574,0.0040666,8.08098e-20,361401.1389,0.03688500019,0.00406713462,1.200719319e-19,9.069038435221502
4,4:22881040:A:T,22881040,T,A,0.338551,-0.0216652,0.0024933,3.6602100000000005e-18,359598.9615,-0.02154332118,0.0024935868,5.646392049e-18,8.639491185949492
4,4:38269221:C:T,38269221,T,C,0.298663,-0.0128141,0.00257422,6.43225e-07,360703.0508,-0.01283704754,0.002574305928,6.144942715e-07,4.986605282757986
4,4:41586717:A:C,41586717,C,A,0.494997,0.0229764,0.00235889,2.04142e-22,359875.9006,0.02298716278,0.002359198628,1.96406674e-22,9.743631802417275
12,12:41449998:A:C,41449998,C,A,0.510917,0.0201948,0.00235968,1.14996e-17,359546.2489,0.01793980187,0.002379909881,4.7717054470000006e-14,7.538017306126728
12,12:41720088:C:T,41720088,T,C,0.881206,0.0290119,0.00363935,1.56952e-15,360816.4103,0.02542509276,0.003670511929,4.303084494e-12,6.926851962834201
12,12:43172076:T:A,43172076,A,T,0.173153,0.0164049,0.0031125,1.36012e-07,360723.989,0.01618597732,0.003112853305,1.995849136e-07,5.19972376918674
12,12:44307258:G:C,44307258,C,G,0.621998,-0.0252637,0.00243143,2.76235e-25,359869.8556,-0.02506947583,0.002431865612,6.433777588e-25,10.30874227025338
12,12:48596489:C:T,48596489,T,C,0.0485197,0.0335176,0.00547913,9.52575e-10,360990.8784,0.03359938524,0.005479504345,8.687429564e-10,6.131829290483024
12,12:51944488:G:A,51944488,A,G,0.13859,0.0255858,0.00340975,6.21706e-14,360435.5732,0.02573052256,0.003410159468,4.514035865e-14,7.545254936447447
12,12:52394657:A:G,52394657,G,A,0.461776,-0.0323685,0.00236269,1.04241e-42,360452.7853,-0.03250325599,0.002363378775,4.894426986e-43,13.752876320047344
12,12:52878379:T:G,52878379,G,T,0.491914,-0.0125495,0.00235952,1.04596e-07,359562.5612,-0.01247449693,0.002359638157,1.246009426e-07,5.286614345082402
12,12:56602234:G:A,56602234,A,G,0.0151281,-0.0918144,0.00964544,1.75965e-21,360881.9113,-0.09219097847,0.009647139607,1.2203972579999999e-21,9.556301891091728
12,12:57905016:C:A,57905016,A,C,0.250261,0.0158842,0.00271607,4.97246e-09,361456.5299,0.01626145739,0.002716358111,2.14414505e-09,5.9864924746662025
12,12:62779798:A:C,62779798,C,A,0.0566581,0.0293436,0.00509611,8.51682e-09,360440.597,0.02933156785,0.005096483865,8.65107436e-09,5.755255707063834
12,12:65771947:T:A,65771947,A,T,0.400554,0.0178551,0.00240108,1.03796e-13,361402.8024,0.0179563853,0.002401275123,7.554593423000001e-14,7.477854215041564
12,12:66147864:A:G,66147864,G,A,0.148976,0.0334363,0.00331099,5.6459e-24,359903.0014,0.03353460529,0.003311496377,4.205079804e-24,10.126722626941289
12,12:69951090:G:A,69951090,A,G,0.105758,0.0328548,0.00383554,1.07645e-17,359560.8737,0.03283822877,0.00383593194,1.121928475e-17,8.56069119151264
12,12:71684351:C:G,71684351,G,C,0.420453,0.0120597,0.00238544,4.29346e-07,360834.8628,0.01223971962,0.002385801934,2.893838818e-07,5.1302329189913385
12,12:72323465:G:A,72323465,A,G,0.164877,-0.0237695,0.00317616,7.24186e-14,360163.396,-0.02573795923,0.00320226406,9.174554696e-16,8.037425630040016
12,12:72682613:C:A,72682613,A,C,0.0126682,0.0416011,0.0105343,7.84523e-05,360474.1913,0.05420113214,0.01062154486,3.344127249e-07,5.102942448995126
12,12:75604887:C:G,75604887,G,C,0.0228336,0.12245,0.00791786,6.218200000000001e-54,357464.8551,0.1221032694,0.007920626966,1.2805646400000001e-53,15.415859113696328
12,12:82672050:A:T,82672050,T,A,0.828014,-0.0165927,0.00312069,1.05549e-07,360758.2724,-0.01646223066,0.003120839356,1.328017782e-07,5.274936894252624
12,12:83204617:T:A,83204617,A,T,0.636917,-0.0265757,0.00246735,4.76684e-27,355296.0034,-0.0265329199,0.002467809,5.823612547e-27,10.751609990886653
12,12:85344029:C:A,85344029,A,C,0.346702,-0.0289877,0.00251837,1.18248e-30,348185.2996,-0.02878590488,0.002518943688,3.0381683500000002e-30,11.427768320956606
12,12:86587115:C:G,86587115,G,C,0.220522,0.0176896,0.00288195,8.36297e-10,350434.6507,0.01773122311,0.002882240205,7.656524262e-10,6.151889450171624
12,12:91228224:A:T,91228224,T,A,0.886713,0.0328788,0.00371497,8.76187e-19,360839.7113,0.03274578265,0.00371545435,1.214072007e-18,8.813399268382883
12,12:96897674:G:C,96897674,C,G,0.13152,0.0214012,0.00348353,8.07842e-10,360949.315,0.02144101008,0.003483742849,7.527180803e-10,6.1545903384213885
12,12:99587888:T:C,99587888,C,T,0.131286,0.023589,0.00348664,1.3302e-11,360842.6174,0.02348142219,0.003486878547,1.648067932e-11,6.734224284984824
12,12:106933091:A:G,106933091,G,A,0.0330212,0.0421616,0.00659226,1.60098e-10,360540.9817,0.04252730138,0.006592849619,1.114677959e-10,6.45051894668432
12,12:108958674:C:A,108958674,A,C,0.0117817,-0.0625684,0.0108909,9.20002e-09,362288.3789,-0.06335645523,0.01089176817,5.994473572e-09,5.816911840311415
12,12:112139902:A:C,112139902,C,A,0.209981,-0.0150067,0.00292144,2.79676e-07,353377.1667,-0.01501935984,0.002921552526,2.734502416e-07,5.14088304294961
12,12:115507711:C:G,115507711,G,C,0.201114,0.016542,0.0029369,1.7776e-08,361026.2409,0.01658293386,0.002937031042,1.6407549e-08,5.646155462050442
12,12:117676845:C:G,117676845,G,C,0.240793,0.013559,0.00275231,8.37924e-07,361288.7453,0.01357268402,0.002752405074,8.172233826e-07,4.931208762914815
12,12:127899653:T:G,127899653,G,T,0.48016,-0.0155041,0.00235703,4.78149e-11,360781.6092,-0.01560466019,0.002357213388,3.5929417e-11,6.619960784814616
12,12:128303336:C:G,128303336,G,C,0.542686,-0.0190442,0.00236338,7.77764e-16,360889.2993,-0.01912527431,0.002363632064,5.894555957e-16,8.091476927095876
12,12:129963288:C:A,129963288,A,C,0.305747,-0.0148524,0.00255613,6.23456e-09,360741.3086,-0.01489261573,0.002556248492,5.678331887e-09,5.825965580657641
12,12:130845020:G:T,130845020,T,G,0.165941,-0.0194199,0.00316625,8.61153e-10,360575.4683,-0.01936250729,0.003166419005,9.658468014e-10,6.114954230449359
11,11:58848272:A:G,58848272,G,A,0.0740961,-0.026121,0.00451109,7.02787e-09,358468.1969,-0.0259217658,0.004511345235,9.143007462e-09,5.745906032394348
11,11:60440048:A:G,60440048,G,A,0.380108,-0.0150598,0.00242481,5.28037e-10,361235.6846,-0.01499400341,0.002424958697,6.281524608e-10,6.183199502964565
11,11:63801049:A:C,63801049,C,A,0.231284,-0.0249771,0.00279565,4.11707e-19,360115.7616,-0.02496016475,0.002795982567,4.371118349000001e-19,8.92715321068023
11,11:71139695:A:T,71139695,T,A,0.763114,0.0162827,0.00280288,6.27922e-09,352400.1662,0.01624268957,0.002803148531,6.854754403e-09,5.794444850271831
11,11:72127488:A:T,72127488,T,A,0.0774994,-0.0266837,0.00440554,1.38937e-09,360668.3413,-0.02620203842,0.004406940072,2.753943152e-09,5.9456307532924395
11,11:72565386:T:A,72565386,A,T,0.0231291,0.0594591,0.00782662,3.0372e-14,361577.8075,0.06512967681,0.007930910507,2.172968355e-16,8.212131098001304
11,11:72630725:A:G,72630725,G,A,0.235754,-0.010468,0.00277404,0.000160953,360977.9503,-0.01437559068,0.002810589805,3.140818758e-07,5.114794999407606
11,11:75515067:G:C,75515067,C,G,0.0254793,0.0439627,0.00748076,4.18737e-09,360166.9386,0.04358134415,0.007481281757,5.698119407e-09,5.825384682139836
11,11:79813429:A:G,79813429,G,A,0.191859,-0.028689,0.00299479,9.79705e-22,359834.4017,-0.02878250243,0.00299519369,7.285754814e-22,9.609562989564123
11,11:87606449:G:T,87606449,T,G,0.170461,-0.02246,0.00314987,1.00239e-12,356702.7876,-0.02233625427,0.003150152598,1.33598502e-12,7.090530879101242
11,11:89648438:C:A,89648438,A,C,0.593076,-0.0157668,0.00282457,2.37924e-08,259917.5216,-0.01573423882,0.002824766203,2.545887244e-08,5.57010304190474
11,11:92604158:C:A,92604158,A,C,0.0541733,0.0292279,0.00521668,2.11095e-08,358915.536,0.02882903121,0.00521708765,3.278270969e-08,5.525885924113236
11,11:93576659:A:C,93576659,C,A,0.153668,0.0172517,0.00326865,1.30723e-07,360181.0533,0.01719810807,0.003268874786,1.431411073e-07,5.261170646136826
11,11:95040438:T:G,95040438,G,T,0.21755,0.0159962,0.00285616,2.13791e-08,360410.0954,0.01602800126,0.002856311118,2.006568414e-08,5.611433978250545
11,11:96114106:C:T,96114106,T,C,0.783787,0.0191888,0.00286272,2.0451e-11,360349.3484,0.0192697348,0.002862955231,1.688317486e-11,6.730714679484977
11,11:97434616:A:G,97434616,G,A,0.0109728,0.0940859,0.0113179,9.35905e-17,359976.9747,0.09152914285,0.0113312146,6.604794177999999e-16,8.07761092531069
11,11:98214232:T:A,98214232,A,T,0.691236,-0.0143254,0.00255104,1.96104e-08,360321.3044,-0.01319828277,0.002553899639,2.367464356e-07,5.167894058345963
11,11:99992536:A:T,99992536,T,A,0.306693,0.0185463,0.00255405,3.83516e-13,360797.7194,0.01855311429,0.002554249506,3.768477945e-13,7.263626457171957
11,11:101941593:T:A,101941593,A,T,0.0381157,0.0346291,0.00615133,1.80833e-08,360755.159,0.03451384958,0.00615169279,2.017851035e-08,5.610463779352675
11,11:106660293:C:G,106660293,G,C,0.123167,-0.0176348,0.00358646,8.78953e-07,360282.4565,-0.01761573786,0.003586611138,9.03697872e-07,4.911527116324926
11,11:112518043:C:A,112518043,A,C,0.25429,0.0180976,0.00270815,2.35046e-11,359846.1984,0.01833044246,0.002708405634,1.30590371e-11,6.767982694279094
11,11:113083186:C:G,113083186,G,C,0.453489,0.0167778,0.00236749,1.37525e-12,360257.4583,0.01685852343,0.002367734792,1.078438521e-12,7.12010630876433
11,11:115280541:A:C,115280541,C,A,0.598391,-0.0174663,0.00240594,3.88811e-13,359744.1979,-0.0174384678,0.002406132082,4.245011981e-13,7.247510612761116
11,11:119613617:T:G,119613617,G,T,0.276007,-0.0155287,0.00263591,3.83687e-09,360460.8129,-0.01544171009,0.00263605448,4.687925591e-09,5.857887311190928
11,11:123161343:A:T,123161343,T,A,0.83115,0.0319678,0.00315284,3.7231400000000005e-24,358679.6161,0.0318245257,0.003153326278,5.9712071870000005e-24,10.092366883196348
11,11:125709158:G:A,125709158,A,G,0.603195,-0.0122359,0.00240927,3.80283e-07,360228.9246,-0.01224396951,0.002409353103,3.737778002e-07,5.081849353984043
11,11:127313176:T:G,127313176,G,T,0.185627,0.0160739,0.00303101,1.13896e-07,360364.7877,0.01614748151,0.003031137325,9.973709853e-08,5.327202227632494
11,11:129403558:G:T,129403558,T,G,0.0792836,0.0318219,0.00436424,3.07139e-13,359935.6432,0.03166687501,0.004364616132,4.005856331e-13,7.255363141291711
20,20:32443543:C:G,32443543,G,C,0.329521,0.0193951,0.00250936,1.08577e-14,359808.0895,0.01929058418,0.002509575509,1.5087047130000002e-14,7.6867916947782104
20,20:38360016:C:T,38360016,T,C,0.462106,0.037918,0.00236493,7.813069999999999e-58,359875.4589,0.03783244579,0.002365806638,1.468108429e-57,15.99135161019867
20,20:40991242:C:T,40991242,T,C,0.0274744,-0.0370287,0.00720579,2.76731e-07,360838.6057,-0.03622835798,0.007206174816,4.971621155e-07,5.027404816708238
20,20:45964367:T:C,45964367,C,T,0.23286,-0.0149819,0.00279054,7.93072e-08,359878.9405,-0.01496478194,0.002790658537,8.209824273e-08,5.362455399537116
20,20:51765798:G:C,51765798,C,G,0.469468,-0.0123868,0.0023615,1.56099e-07,360421.4334,-0.01237451838,0.002361592187,1.606594059e-07,5.23990486084717
20,20:56928250:C:A,56928250,A,C,0.421783,-0.0118457,0.00238385,6.7284e-07,361218.3244,-0.01198392821,0.002383960754,4.984765912e-07,5.026898278376607
20,20:58081755:C:G,58081755,G,C,0.0162768,-0.0553176,0.00930015,2.71631e-09,361470.5204,-0.05512215779,0.009300722864,3.091711776e-09,5.926653078048321
20,20:61640176:G:A,61640176,A,G,0.445513,0.0149655,0.0023689,2.66124e-10,361113.759,0.01498061592,0.002369058587,2.557923102e-10,6.323446791145145
20,20:63843430:G:A,63843430,A,G,0.151497,0.0204135,0.00328275,5.02696e-10,361374.6906,0.02098153213,0.003283533277,1.659668859e-10,6.389925229924813
20,20:64096271:G:C,64096271,C,G,0.176822,-0.0442757,0.00308669,1.1954400000000001e-46,360805.8458,-0.04331985528,0.003091453741,1.302100304e-44,14.012778100307987
20,20:64157125:A:G,64157125,G,A,0.0231,0.0535609,0.00784439,8.62872e-12,360496.1531,0.04888962921,0.007856133524,4.87377158e-10,6.223115869994473
21,21:15533734:T:G,15533734,G,T,0.383897,0.0164626,0.00261382,3.01303e-10,309716.1204,0.01647027055,0.002613983436,2.960520945e-10,6.300832026389321
21,21:17151300:T:A,17151300,A,T,0.230541,-0.0179976,0.00279658,1.23164e-10,360745.2483,-0.01800563187,0.002796736946,1.209897623e-10,6.4380856039222225
21,21:30111192:T:A,30111192,A,T,0.375786,0.0175227,0.00243088,5.67336e-13,361056.3513,0.01740695643,0.002431067992,8.055378704e-13,7.160209622800217
21,21:37526083:A:T,37526083,T,A,0.320123,0.0327666,0.00252581,1.7828299999999998e-38,360319.0719,0.03270005954,0.002526413373,2.5646383549999997e-38,12.943273610513776
1,1:145609750:A:T,145609750,T,A,0.172372,0.0217013,0.00311674,3.3413e-12,360964.2133,0.02173018663,0.003116946774,3.132989246e-12,6.971625826678296
1,1:154709210:C:A,154709210,A,C,0.0174311,0.0448188,0.00898628,6.12011e-07,361699.5334,0.04478707923,0.008986718979,6.238092564e-07,4.983696422983474
1,1:155278995:T:G,155278995,G,T,0.552008,0.0171484,0.00238277,6.17451e-13,356272.6829,0.017133134,0.002382973595,6.488022697e-13,7.189812776754668
1,1:157130515:C:T,157130515,T,C,0.0356961,0.0351221,0.00635522,3.26923e-08,359826.2059,0.03243308343,0.00636781551,3.519166831e-07,5.093282520366235
1,1:157133047:C:G,157133047,G,C,0.0872638,-0.025692,0.00417536,7.59938e-10,360257.168,-0.02435895016,0.004183614581,5.79858884e-09,5.822465164603555
1,1:162765119:T:C,162765119,C,T,0.0689184,-0.0288349,0.00464905,5.56943e-10,360684.7975,-0.02846333428,0.004649396554,9.244189484e-10,6.121941621759976
1,1:167578256:T:G,167578256,G,T,0.0103554,-0.077522,0.0116314,2.65211e-11,360796.1808,-0.07743275013,0.01163217209,2.799015415e-11,6.65677480791122
1,1:171911743:C:A,171911743,A,C,0.651071,0.0182539,0.00247266,1.55909e-13,360135.2081,0.01819880439,0.002472868701,1.847529759e-13,7.359389676710539
1,1:178398024:C:G,178398024,G,C,0.620827,0.0124566,0.00242978,2.95138e-07,359958.0629,0.01245357373,0.002429874027,2.972328672e-07,5.125193154714929
1,1:180425596:C:G,180425596,G,C,0.174525,0.0221329,0.00310055,9.46224e-13,361181.2531,0.022191557,0.003100798157,8.262773786e-13,7.1567241324311714
1,1:182794648:C:G,182794648,G,C,0.305551,-0.0169643,0.00255779,3.30682e-11,360345.1417,-0.01688694469,0.002557962443,4.064222121e-11,6.601717212937203
1,1:184688595:C:T,184688595,T,C,0.615043,-0.0246,0.00242557,3.625e-24,359050.7198,-0.02458254826,0.002425941172,3.935528863e-24,10.133200484714804
1,1:190525673:G:C,190525673,C,G,0.193934,0.0157131,0.00298118,1.3594e-07,360073.4164,0.01724034102,0.002984879976,7.654697459e-09,5.775890876223293
1,1:190775812:A:G,190775812,G,A,0.0650642,-0.0379099,0.00477598,2.06694e-15,360496.2403,-0.0335666045,0.004878829106,5.983015236e-12,6.8800533428645165
1,1:191066699:G:C,191066699,C,G,0.440138,-0.0167353,0.00237202,1.72563e-12,360793.7913,-0.01374502932,0.002421264012,1.372385056e-08,5.676799081751684
1,1:193233917:C:T,193233917,T,C,0.220594,0.0139322,0.0028438,9.62926e-07,359783.3082,0.01403376512,0.002843984749,8.033863364e-07,4.934543029787534
1,1:197091176:C:G,197091176,G,C,0.732329,0.0160391,0.0027763,7.60378e-09,331086.5282,0.01577514597,0.002777365905,1.347776664e-08,5.679894731047331
1,1:198083729:G:A,198083729,A,G,0.198836,0.0214092,0.00294983,3.94331e-13,360870.7734,0.02104980835,0.002951035396,9.818693456e-13,7.133024693140618
1,1:201037135:A:G,201037135,G,A,0.0249036,-0.0445673,0.00755186,3.60534e-09,361215.269,-0.04454030414,0.007552321266,3.68905386e-09,5.89756481103594
1,1:201695410:A:G,201695410,G,A,0.304406,-0.0128169,0.00255774,5.41655e-07,361138.2553,-0.01293255276,0.002557879286,4.282158228e-07,5.055966804525739
1,1:207440648:A:T,207440648,T,A,0.0232124,-0.0405152,0.00782604,2.25642e-07,360237.4844,-0.04083452356,0.007826423439,1.813343061e-07,5.217520349910625
1,1:212084412:T:C,212084412,C,T,0.0154707,0.0525051,0.00954393,3.77011e-08,360575.2948,0.05267478276,0.009544364931,3.410495142e-08,5.518940562395391
1,1:214899621:T:A,214899621,A,T,0.0236619,-0.0410392,0.00775949,1.23118e-07,359646.2517,-0.04094895669,0.007759809755,1.312752194e-07,5.277056781400435
1,1:220505781:T:C,220505781,C,T,0.0467022,-0.0672695,0.00557806,1.75081e-33,361009.2263,-0.06734221917,0.005579187157,1.51661137e-33,12.070256342899018
1,1:223267306:A:C,223267306,C,A,0.544105,0.0181875,0.00236732,1.56129e-14,359826.221,0.01824412785,0.002367518728,1.2981037630000001e-14,7.706012051449335
1,1:230359549:T:G,230359549,G,T,0.881867,-0.0213522,0.00365085,4.96248e-09,360264.9273,-0.02161446051,0.003651097978,3.219628091e-09,5.919989175924547
1,1:230908587:A:G,230908587,G,A,0.792084,-0.0389948,0.00290129,3.58216e-41,360717.0281,-0.03911913447,0.002902076618,2.0593068999999998e-41,13.479704232260898
1,1:233112457:C:G,233112457,G,C,0.613817,-0.016117,0.00241934,2.7101e-11,360533.9686,-0.01621009187,0.002419509684,2.087871136e-11,6.699742504523076
1,1:235532749:T:A,235532749,A,T,0.385441,-0.0166388,0.00241971,6.14912e-12,360678.6676,-0.01666452994,0.002419879307,5.717659845e-12,6.886512848717046
1,1:243067576:C:G,243067576,G,C,0.0454452,-0.0349184,0.00564598,6.23131e-10,361752.9177,-0.03524988951,0.00564635748,4.294126433e-10,6.242943284207361
1,1:248581401:C:T,248581401,T,C,0.0832667,0.0226392,0.00425825,1.05816e-07,361422.2481,0.02268011022,0.00425841566,1.00426583e-07,5.325950313643173
11,11:7607810:G:C,7607810,C,G,0.0661214,0.0527813,0.00473505,7.49185e-29,361296.8199,0.0527679542,0.004735867591,7.8169763e-29,11.14219373452918
11,11:13248814:T:C,13248814,C,T,0.176338,-0.0172333,0.00308707,2.37387e-08,361467.9023,-0.01722509876,0.003087225619,2.412453444e-08,5.579475194164616
11,11:15708723:T:G,15708723,G,T,0.185516,0.0199067,0.00302842,4.92797e-11,361033.052,0.01979560025,0.003028625877,6.311603246e-11,6.536165592565199
11,11:17368369:C:A,17368369,A,C,0.1265,-0.0201882,0.00354695,1.25862e-08,359908.7646,-0.02021612703,0.003547121278,1.202966381e-08,5.699305280421258
11,11:24065078:C:T,24065078,T,C,0.231488,-0.0266259,0.00279118,1.4460799999999999e-21,360936.4744,-0.02664127607,0.002791547717,1.380244396e-21,9.543550306433827
11,11:30533441:C:A,30533441,A,C,0.296469,-0.016868,0.00258079,6.32842e-11,360143.6035,-0.02333159016,0.002742117559,1.760412146e-17,8.508603171816091
11,11:30581474:C:T,30581474,T,C,0.510534,0.0104104,0.00236012,1.02949e-05,359464.6641,0.01729198003,0.002507880603,5.384316107e-12,6.895057128842111
11,11:31241561:C:G,31241561,G,C,0.384611,0.0189969,0.00275578,5.45376e-12,278330.4832,0.01874039618,0.002756486942,1.056023676e-11,6.798652260765906
11,11:32527662:A:G,32527662,G,A,0.0985294,-0.0215927,0.00396031,4.97602e-08,359156.1991,-0.0214593829,0.003960577384,6.018653866e-08,5.418246083687681
11,11:36888956:G:A,36888956,A,G,0.34187,0.0135142,0.00248289,5.24483e-08,360721.2871,0.01340722506,0.002483004998,6.679095454e-08,5.399596485226246
11,11:37983761:A:G,37983761,G,A,0.185993,0.0317562,0.00302894,1.0290299999999999e-25,360127.6455,0.03182687825,0.003029415517,8.110480587e-26,10.50594679778951
11,11:43832377:G:A,43832377,A,G,0.298843,0.030296,0.0025681,4.0992900000000004e-32,361947.7601,0.03031473532,0.002568602736,3.809921476e-32,11.802033414948447
11,11:49737680:C:T,49737680,T,C,0.305212,-0.0176591,0.00293839,1.85934e-09,273253.2112,-0.01770174724,0.002938581032,1.702532121e-09,6.023909855550991
7,7:1978847:G:T,1978847,T,G,0.131728,-0.0189966,0.00348528,5.02547e-08,360212.146,-0.01888876378,0.003485437989,5.982039262e-08,5.419337208010216
7,7:9616711:A:G,9616711,G,A,0.166565,-0.019599,0.00315838,5.46151e-10,361387.3024,-0.01960641098,0.003158560983,5.387275407e-10,6.207387188509445
7,7:11839150:T:C,11839150,C,T,0.348454,0.0173144,0.00247416,2.59938e-12,360079.3776,0.0173390031,0.002474343658,2.425860602e-12,7.007516132183123
7,7:16578298:G:T,16578298,T,G,0.340441,0.0129428,0.00248546,1.91632e-07,360795.9926,0.01298989119,0.00248556311,1.730889369e-07,5.226136137014039
7,7:25555043:G:T,25555043,T,G,0.0517301,0.0277393,0.00531182,1.7693e-07,361583.555,0.02783792286,0.005312185759,1.602379537e-07,5.240389572754773
7,7:26191306:C:A,26191306,A,C,0.0386873,0.0304614,0.00611744,6.37994e-07,359584.4731,0.03062522789,0.006117835781,5.560380127e-07,5.0058924407732475
7,7:27499159:C:A,27499159,A,C,0.18964,0.0148267,0.00300381,7.97867e-07,360928.5479,0.01487893115,0.003003933345,7.302180277e-07,4.953149567970857
7,7:30477376:G:C,30477376,C,G,0.487465,0.0197816,0.00235546,4.55054e-17,360994.124,0.01864860813,0.002361838814,2.884577407e-15,7.895800517570798
7,7:30609170:T:A,30609170,A,T,0.0769541,0.0324273,0.00441284,2.01009e-13,361782.1756,0.0299546644,0.004424673392,1.288577489e-11,6.769915369156812
7,7:32578784:T:G,32578784,G,T,0.442788,0.017388,0.00237256,2.32701e-13,360319.666,0.01741966969,0.002372754974,2.111539278e-13,7.341537529530009
7,7:36650098:T:A,36650098,A,T,0.0306945,0.0424631,0.00682843,5.02226e-10,360739.6612,0.04266723997,0.006828864953,4.155500966e-10,6.248072009573976
7,7:38602066:A:G,38602066,G,A,0.796552,-0.0197942,0.00293105,1.44757e-11,359446.5362,-0.02033040071,0.002932015778,4.092988053e-12,6.933932914872603
7,7:38664641:T:G,38664641,G,T,0.509437,0.0162797,0.00235573,4.83206e-12,360835.813,0.01668595324,0.002356516512,1.433548642e-12,7.080770771191609
7,7:45609373:C:T,45609373,T,C,0.0720553,-0.0232397,0.00455601,3.38236e-07,360590.857,-0.02329226304,0.004556180803,3.183708762e-07,5.112234138000691
7,7:52909645:C:G,52909645,G,C,0.393786,-0.0152976,0.00242387,2.77186e-10,356820.72,-0.01503629426,0.002424089497,5.544521869e-10,6.202862674257113
7,7:53508600:A:C,53508600,C,A,0.632548,-0.0296774,0.00244769,7.94066e-34,359268.23,-0.02956564765,0.00244827891,1.412717908e-33,12.076094569633815
7,7:57640237:A:T,57640237,T,A,0.131104,0.0207098,0.00349384,3.07831e-09,359891.2187,0.02077109732,0.003494010773,2.768419573e-09,5.944771973947202
18,18:3914170:A:G,3914170,G,A,0.43869,0.0120956,0.00237759,3.63331e-07,359823.0606,0.01206633425,0.002377681861,3.878400109e-07,5.074831266503067
18,18:5402833:T:C,5402833,C,T,0.773708,0.0401785,0.0028276,8.24023e-46,357624.5491,0.04015768462,0.002828397799,9.422040885e-46,14.198032764060994
18,18:8588701:C:A,8588701,A,C,0.460912,-0.0120442,0.00236244,3.43029e-07,361180.3908,-0.01195632646,0.002362534338,4.174892199e-07,5.060805368069956
10,10:42507880:G:C,42507880,C,G,0.0613793,-0.0357613,0.00490731,3.16733e-13,360601.9552,-0.0360620129,0.004907713319,2.011529755e-13,7.3480275957414785
10,10:43327931:C:G,43327931,G,C,0.139131,0.0435761,0.00340554,1.7667699999999999e-37,360048.2337,0.04370436837,0.003406365273,1.110683798e-37,12.830206060523095
10,10:45831271:T:A,45831271,A,T,0.343515,0.020989,0.00247673,2.37023e-17,361640.4446,0.02074980911,0.002477012521,5.431708079e-17,8.37694962543954
10,10:48391882:T:C,48391882,C,T,0.220005,0.0303085,0.00284501,1.69986e-26,360132.4648,0.03015386647,0.002845532063,3.07966331e-26,10.596916781253642
10,10:50532092:T:C,50532092,C,T,0.414232,-0.01222,0.00239386,3.31453e-07,359826.2519,-0.01240545347,0.002393980629,2.195950299e-07,5.181935609555009
10,10:53950620:G:T,53950620,T,G,0.353022,0.0145981,0.00246459,3.16136e-09,360635.256,0.01472062562,0.002464751743,2.33705697e-09,5.972457738109814
10,10:56292029:C:G,56292029,G,C,0.147679,-0.0364771,0.00333925,8.965830000000001e-28,356390.3218,-0.03644129413,0.003339840217,1.020266496e-27,10.911089082798478
10,10:58836657:G:T,58836657,T,G,0.0790616,-0.0239133,0.00436507,4.29634e-08,360642.0232,-0.02363227293,0.004365319428,6.175586757e-08,5.413641159549069
10,10:61692812:T:C,61692812,C,T,0.247709,0.0376945,0.00272994,2.34689e-43,360103.5036,0.03771676248,0.002730708299,2.155164838e-43,13.812080365307446
10,10:63120545:A:T,63120545,T,A,0.519029,0.0225184,0.00235486,1.156e-21,361360.3426,0.02292227809,0.002355360622,2.203039538e-22,9.731961159534066
10,10:64742757:G:T,64742757,T,G,0.032179,-0.0550511,0.0066684,1.51748e-16,361242.0313,-0.05623629719,0.00666959082,3.405448741e-17,8.431746220677448
10,10:66640681:A:T,66640681,T,A,0.177086,0.0288587,0.00308785,9.16193e-21,360026.6573,0.02857965747,0.003088566905,2.175205105e-20,9.25337166040766
10,10:67766700:T:A,67766700,A,T,0.482325,0.0329944,0.00235617,1.5263700000000001e-44,360782.0146,0.03279282671,0.002357035573,5.30080128e-44,13.912741532475803
10,10:70428130:G:T,70428130,T,G,0.120883,0.026728,0.00362028,1.55286e-13,359193.901,0.02687317483,0.003620580526,1.15070117e-13,7.4223386655866905
10,10:74540982:C:T,74540982,T,C,0.596232,-0.0207043,0.00269609,1.60227e-14,285881.376,-0.02087542058,0.002696390921,9.787582186e-15,7.741985932906944
10,10:80896585:T:G,80896585,G,T,0.118855,0.0214597,0.00364084,3.76901e-09,360397.0187,0.02134428894,0.003641025007,4.568710129e-09,5.862164884603882
10,10:83519587:C:G,83519587,G,C,0.506995,-0.0133606,0.00235488,1.39956e-08,360960.5881,-0.01330453885,0.002355013414,1.609586862e-08,5.649453532157248
10,10:87403650:G:C,87403650,C,G,0.0829241,-0.0361288,0.00426436,2.41544e-17,361752.165,-0.03563972697,0.004265033038,6.473768681999999e-17,8.356260467964047
10,10:88248446:T:A,88248446,A,T,0.745322,-0.0161025,0.00270535,2.64961e-09,360135.6117,-0.01585839261,0.00270559848,4.591876266e-09,5.861325221471887
10,10:95240363:C:T,95240363,T,C,0.275517,0.0191099,0.00264246,4.77398e-13,358950.3371,0.01913556655,0.002642857586,4.470882301e-13,7.2404834264875895
10,10:96212176:T:A,96212176,A,T,0.774565,-0.0201889,0.00281897,7.97731e-13,360553.0548,-0.02039969066,0.002819397094,4.638862567e-13,7.235479778074851
10,10:99052546:A:G,99052546,G,A,0.0649186,0.0322456,0.00478646,1.62113e-11,359740.1081,0.03300048505,0.004786873725,5.426275362e-12,6.893953537493827
10,10:101807707:T:G,101807707,G,T,0.0942118,0.0406889,0.00408707,2.4023800000000002e-23,350923.4223,0.04003596322,0.004089340056,1.23898486e-22,9.79032378617133
10,10:102982733:G:C,102982733,C,G,0.0167693,-0.0528653,0.00917296,8.262e-09,360629.8873,-0.04918416428,0.009196203072,8.877827269e-08,5.34831211261012
10,10:103524863:C:G,103524863,G,C,0.165472,-0.0167063,0.00317306,1.40221e-07,359861.7014,-0.01687943522,0.003178286617,1.091091329e-07,5.310859986546015
10,10:103931741:T:A,103931741,A,T,0.585899,-0.0324736,0.00239078,5.18134e-42,360629.0342,-0.0317386833,0.002393615172,3.963368705e-40,13.259726822954812
10,10:106164942:C:G,106164942,G,C,0.458177,0.0109784,0.00236192,3.35158e-06,361280.08,0.01160042768,0.002363145816,9.159238214e-07,4.90889203766341
10,10:106267549:C:T,106267549,T,C,0.398545,0.0651156,0.00240809,7.19532e-161,359237.8564,0.06530435435,0.002411477652,1.664861461e-161,27.08063841928567
10,10:106669467:C:T,106669467,T,C,0.42555,-0.014152,0.0023778,2.6558e-09,361988.7735,-0.01242361132,0.002381040465,1.811353712e-07,5.2177237231455456
10,10:106859194:G:C,106859194,C,G,0.221552,-0.0155391,0.00284209,4.56768e-08,359148.453,-0.0158609424,0.002844894419,2.472021995e-08,5.575230593469698
10,10:109084173:C:T,109084173,T,C,0.444105,-0.0398376,0.00237227,2.90148e-63,359868.8197,-0.03971262986,0.002373264798,7.492573176e-63,16.733332872702054
10,10:113057347:G:C,113057347,C,G,0.238573,-0.0402598,0.00276342,4.57477e-48,360489.059,-0.04057355496,0.002764281163,8.945098807000001e-49,14.67779598655826
10,10:114262381:C:G,114262381,G,C,0.0202475,-0.0506071,0.00835697,1.39967e-09,361128.2824,-0.05156281428,0.008357533081,6.845373591e-10,6.169621320102555
10,10:115519718:A:T,115519718,T,A,0.0364411,0.0386211,0.00629282,8.40078e-10,359819.9635,0.03814666633,0.006293278438,1.34863342e-09,6.06149349751685
10,10:130159361:C:T,130159361,T,C,0.055544,0.0264581,0.00514226,2.67334e-07,360688.4679,0.02642434301,0.005142447005,2.769748458e-07,5.138476484892818
10,10:131083010:C:T,131083010,T,C,0.26495,0.0256141,0.00266669,7.64582e-22,361205.4463,0.02561396117,0.002667029889,7.695503522e-22,9.603927303418384
10,10:131708333:T:A,131708333,A,T,0.497403,-0.0184759,0.0023527,4.07088e-15,361539.3741,-0.01850305859,0.002352898785,3.722311857e-15,7.863941580470492
17,17:344630:C:A,344630,A,C,0.269085,0.020207,0.0026553,2.74564e-14,361056.5462,0.01932498013,0.002656191977,3.452789102e-13,7.275445561666945
17,17:824293:A:G,824293,G,A,0.293557,-0.0413477,0.00259029,2.43786e-57,359628.8259,-0.04098076212,0.002591866612,2.600743419e-56,15.811292884542933
17,17:4986208:A:G,4986208,G,A,0.0799759,-0.0500686,0.00433923,8.535600000000001e-31,361313.9661,-0.05098424894,0.004342753343,7.941621274e-32,11.74007476666399
17,17:5429556:T:A,5429556,A,T,0.139393,0.0158456,0.00339648,3.0826e-06,361824.8113,0.01741629181,0.003398721436,2.9854093e-07,5.124365776354259
17,17:14544950:C:G,14544950,G,C,0.723993,-0.01677,0.002634,1.93304e-10,361155.0447,-0.01683262039,0.00263415297,1.657281325e-10,6.390145364261059
17,17:14717088:C:A,14717088,A,C,0.689321,0.016212,0.00254703,1.95432e-10,360394.4444,0.01617433222,0.002547183932,2.154719965e-10,6.349887817995234
17,17:17584544:G:A,17584544,A,G,0.27378,-0.0199923,0.00264486,4.07397e-14,359984.8373,-0.01986069797,0.002645079298,5.978795723000001e-14,7.508545390309127
17,17:20503084:A:C,20503084,C,A,0.146953,-0.0332208,0.00347687,1.24553e-21,330354.4952,-0.03333011955,0.003477371077,9.258193017000001e-22,9.58486132539947
17,17:22130298:A:T,22130298,T,A,0.209918,0.0354641,0.00289183,1.44403e-34,360894.3832,0.03541418547,0.002892448561,1.816302782e-34,12.243669929866039
19,19:5221992:G:A,5221992,A,G,0.229637,0.0163005,0.00280135,5.93212e-09,360708.4129,0.01632204215,0.002801483051,5.669861497e-09,5.82621484865803
19,19:9054959:C:T,9054959,T,C,0.114022,-0.0222082,0.00370372,2.02203e-09,361358.2417,-0.02227319387,0.003703913426,1.816475385e-09,6.013421834768337
19,19:12312938:G:C,12312938,C,G,0.0215489,0.0415109,0.00810468,3.02709e-07,361577.6475,0.04167980821,0.00810500599,2.711394085e-07,5.142477163055125
19,19:15638015:C:A,15638015,A,C,0.191849,0.0413898,0.00298782,1.2545799999999999e-43,361641.074,0.04120163433,0.00298868938,3.1007694500000002e-43,13.785853627251154
19,19:16032785:G:C,16032785,C,G,0.202721,0.0159633,0.00293024,5.10295e-08,360842.6744,0.01565500244,0.002930435593,9.182017408e-08,5.342210037782597
19,19:23295020:C:A,23295020,A,C,0.128071,0.014219,0.00352562,5.50672e-05,360783.4081,0.01783075291,0.003531790025,4.44955443e-07,5.048644677000582
19,19:24179525:G:A,24179525,A,G,0.0413802,0.102971,0.0059574,6.54533e-67,355428.0363,0.1045102211,0.005970207476,1.305573579e-68,17.505291318622845
9,9:424851:T:G,424851,G,T,0.0180763,0.0580624,0.00883816,5.05493e-11,361064.5321,0.05796049676,0.008838698464,5.468695878e-11,6.55758277036749
9,9:3336383:A:G,3336383,G,A,0.230847,-0.01837,0.00279575,5.01512e-11,360713.2725,-0.01843666735,0.002795945949,4.279256023e-11,6.594071447122958
9,9:6654280:T:A,6654280,A,T,0.551679,0.0117054,0.00237113,7.95251e-07,360024.5206,0.01175413798,0.002371226531,7.159493764e-07,4.956986532637611
9,9:11838399:A:T,11838399,T,A,0.126456,-0.0244,0.00354485,5.86048e-12,360637.3792,-0.02771179596,0.003589801782,1.167049945e-14,7.719589448908463
9,9:11881992:G:A,11881992,A,G,0.149025,-0.0154801,0.00330812,2.87777e-06,360730.561,-0.01959063984,0.003349947739,4.973887275e-09,5.848043422267848
9,9:24122984:G:T,24122984,T,G,0.295259,0.0369197,0.00259798,8.0652e-46,356284.8595,0.03695039774,0.002598715866,7.012982742e-46,14.2187140285078
9,9:29338358:T:A,29338358,A,T,0.547994,0.0141687,0.00239422,3.26471e-09,352579.0643,0.01391039805,0.00239500439,6.319002095e-09,5.808088748430228
9,9:30224971:A:T,30224971,T,A,0.345202,0.0139074,0.00247664,1.9624e-08,361079.9728,0.01358745846,0.002477434156,4.146681033e-08,5.484488226293752
22,22:18286776:A:T,18286776,T,A,0.253525,0.028253,0.00271354,2.20796e-25,359176.4754,0.02829865977,0.002713966069,1.865915909e-25,10.427049952185678
22,22:19652578:A:G,19652578,G,A,0.0544535,-0.0271731,0.00519057,1.65006e-07,360890.6897,-0.02721559082,0.005190794581,1.579444922e-07,5.243049093026707
22,22:22157542:T:G,22157542,G,T,0.37975,-0.0124284,0.00242837,3.08951e-07,360430.5712,-0.01243241588,0.002428459809,3.064030323e-07,5.119465363982889
22,22:26884680:C:T,26884680,T,C,0.0289436,-0.0403826,0.00703239,9.34383e-09,360167.7291,-0.04094709057,0.007032881553,5.806575294e-09,5.822235204932932
22,22:27017475:G:C,27017475,C,G,0.445362,0.0160222,0.00237165,1.42336e-11,360303.4916,0.01608276689,0.002371859498,1.196301806e-11,6.7806574982882895
22,22:29427524:T:G,29427524,G,T,0.154771,-0.0186152,0.00326365,1.17266e-08,359283.2745,-0.01860955746,0.003263834382,1.185858387e-08,5.701746866394767
22,22:32220144:A:T,32220144,T,A,0.0135659,-0.0852276,0.0101923,6.18925e-17,360082.5252,-0.08566646025,0.01019335736,4.309874249e-17,8.404145682772374
22,22:40410975:C:G,40410975,G,C,0.0558007,-0.0284284,0.00513138,3.02492e-08,360860.0793,-0.02866247078,0.005131616932,2.33074678e-08,5.585465781996527
22,22:45069282:A:G,45069282,G,A,0.0236424,-0.0602141,0.00775004,7.89898e-15,361049.2827,-0.06000807791,0.007750730334,9.767408562e-15,7.742248191343151
22,22:47287145:A:G,47287145,G,A,0.703303,0.0255791,0.00258037,3.68242e-23,360254.5006,0.02547093253,0.002580741056,5.637799986e-23,9.869619608206055
22,22:49879708:C:T,49879708,T,C,0.0957074,-0.0206209,0.00400266,2.58127e-07,361046.9082,-0.02281110054,0.004015138798,1.336956995e-08,5.681273223073271
22,22:49886542:C:T,49886542,T,C,0.0535087,-0.0351623,0.00523594,1.87628e-11,360547.7463,-0.03749548326,0.005252408416,9.420266684e-13,7.138721951967871
13,13:19113357:A:T,19113357,T,A,0.5529,0.0121257,0.0023855,3.71534e-07,355709.8739,0.01223702273,0.002389845691,3.048497979e-07,5.120423789738314
13,13:19340633:T:C,19340633,C,T,0.661404,0.0150707,0.00275214,4.35327e-08,294987.7543,0.01660825547,0.002773495702,2.12172061e-09,5.988203067350561
13,13:19574460:G:A,19574460,A,G,0.328654,-0.0147468,0.00267338,3.46725e-08,317314.0876,-0.01738797041,0.002694879667,1.102196501e-10,6.452225167202614
13,13:24765818:C:T,24765818,T,C,0.0587669,0.0361074,0.0050147,6.01955e-13,359712.1249,0.03609735789,0.005015141849,6.124820413e-13,7.197674358342959
13,13:26796172:T:C,26796172,C,T,0.617083,-0.0131609,0.00242323,5.60316e-08,360632.2201,-0.01313917447,0.00242336416,5.897753935e-08,5.421873726976304
13,13:27226713:G:C,27226713,C,G,0.647124,0.0168856,0.00246462,7.33554e-12,360721.0408,0.01669376342,0.002464851721,1.263788431e-11,6.772725222281232
13,13:32818732:G:T,32818732,T,G,0.0145578,-0.0864797,0.00983755,1.4916300000000002e-18,360365.8426,-0.08844767886,0.009844023779,2.5894346970000003e-19,8.984911134477665
13,13:32966032:A:T,32966032,T,A,0.213553,-0.0157454,0.00287478,4.32698e-08,360509.7773,-0.01664486414,0.002876497043,7.186600558e-09,5.7865048672674755
13,13:39006376:C:A,39006376,A,C,0.460179,0.0185958,0.00236475,3.73822e-15,360176.982,0.01867460981,0.002364986972,2.873405587e-15,7.8962844324708605
13,13:40920893:G:T,40920893,T,G,0.118837,0.0195326,0.00363575,7.77624e-08,361498.8469,0.01949084835,0.003635922648,8.293066476e-08,5.360633389910334
13,13:44409550:G:C,44409550,C,G,0.221467,0.0160412,0.00283702,1.56666e-08,360568.8471,0.016154087,0.002837197327,1.243317226e-08,5.693677646694047
13,13:47189673:T:C,47189673,C,T,0.196196,0.0150006,0.00296585,4.24414e-07,360718.2168,0.01512173223,0.002965969607,3.425164088e-07,5.098411053947122
13,13:49819623:T:G,49819623,G,T,0.677348,-0.01908,0.0025198,3.68265e-14,360570.4565,-0.01920015178,0.002520021154,2.5556156430000003e-14,7.619043891565681
13,13:53972574:G:C,53972574,C,G,0.122488,0.0215163,0.00358839,2.02311e-09,361533.4433,0.02150599644,0.003588609883,2.061965463e-09,5.992848802506629
13,13:58530556:G:A,58530556,A,G,0.215891,-0.0168188,0.00286632,4.42186e-09,359778.883,-0.01682622294,0.002866489119,4.358576709e-09,5.869976211830163
13,13:61304364:G:T,61304364,T,G,0.208538,0.0299671,0.00289863,4.76314e-25,360751.4291,0.02998642018,0.002899069014,4.480364023e-25,10.343465448801489
13,13:64374348:C:A,64374348,A,C,0.634152,-0.0157269,0.00244626,1.28655e-10,360403.0592,-0.0157761289,0.002446450053,1.12902956e-10,6.44858000704092
13,13:66420953:G:C,66420953,C,G,0.41507,-0.0127679,0.00239337,9.57639e-08,359797.6114,-0.01290797239,0.002393509432,6.932706007e-08,5.392906423274124
13,13:74449665:G:T,74449665,T,G,0.195692,0.0236803,0.002964,1.36111e-15,361833.758,0.02370481378,0.002964260809,1.2761995400000002e-15,7.996871836657609
13,13:89363050:T:A,89363050,A,T,0.273286,-0.0208562,0.00265435,3.93307e-15,357573.4752,-0.0208562,0.002654575427,3.9438919090000004e-15,7.856698961298717
13,13:104730300:G:C,104730300,C,G,0.570805,-0.0216967,0.00238114,8.134879999999999e-20,360184.6242,-0.02151154021,0.002381427369,1.669602246e-19,9.033044841100086
13,13:106687588:C:G,106687588,G,C,0.0609978,-0.103714,0.00491696,1.0557e-98,360934.5,-0.1035498174,0.00492001637,2.4547306599999998e-98,21.04664082652229
14,14:25467115:G:T,25467115,T,G,0.423337,0.0232864,0.00238644,1.71891e-22,359816.6605,0.02327218927,0.002386754151,1.8345367620000001e-22,9.75055988076922
14,14:35102971:C:T,35102971,T,C,0.887181,0.0183161,0.00372604,8.85081e-07,360069.9528,0.01838547269,0.003726201076,8.051852789e-07,4.93410643038524
14,14:38197280:C:G,38197280,G,C,0.37666,-0.024953,0.00243276,1.1087200000000001e-24,360002.5676,-0.02485810859,0.002433174277,1.675671879e-24,10.216328861017299
14,14:41388209:C:T,41388209,T,C,0.0572366,-0.0204347,0.00506894,5.54694e-05,360890.2321,-0.02907796608,0.005147640097,1.615759491e-08,5.64879547366693
14,14:41440894:T:G,41440894,G,T,0.433917,0.0206223,0.00237524,3.8977300000000004e-18,361004.884,0.02297194213,0.002412334903,1.687365531e-21,9.522700227664034
14,14:44648842:C:T,44648842,T,C,0.0880074,0.0220329,0.00415072,1.10776e-07,361838.1259,0.0220479703,0.004151372227,1.090206598e-07,5.311007805227098
14,14:44753955:A:C,44753955,C,A,0.67634,-0.0128679,0.00251668,3.17206e-07,360880.9592,-0.01250150943,0.002517050468,6.809137461e-07,4.966729745364804
14,14:47109717:A:C,47109717,C,A,0.424587,-0.0152185,0.00238068,1.63381e-10,361333.3137,-0.01523934476,0.002380958394,1.548601894e-10,6.400508634843453
14,14:49404950:C:A,49404950,A,C,0.257665,-0.0140766,0.00269044,1.67707e-07,361385.4304,-0.01429925069,0.002690689507,1.070420069e-07,5.314344391205149
14,14:51534650:G:A,51534650,A,G,0.0196482,-0.0480926,0.00849414,1.49859e-08,360017.2509,-0.04802414717,0.008494538458,1.57183597e-08,5.653532255748603
14,14:57297541:G:A,57297541,A,G,0.0435112,-0.0296246,0.00577158,2.85558e-07,360913.7567,-0.02958954269,0.005771787944,2.950499892e-07,5.1265817415831245
14,14:64277721:G:A,64277721,A,G,0.230282,-0.0491852,0.00280219,6.08849e-69,359208.3396,-0.04918665357,0.002803391367,6.448468078e-69,17.545410943687195
14,14:71049712:T:A,71049712,A,T,0.403919,0.0146419,0.00240067,1.06781e-09,360575.5165,0.01417632011,0.002401047118,3.543104036e-09,5.904224037805825
14,14:72048707:C:A,72048707,A,C,0.256779,-0.0324234,0.00269487,2.46263e-33,360892.8243,-0.03223517427,0.002695694262,5.894860875e-33,11.95802310536654
14,14:82067599:A:C,82067599,C,A,0.268681,0.0260107,0.00265819,1.31302e-22,360308.3129,0.02592250671,0.002658565928,1.834533881e-22,9.750560043286615
14,14:82920236:A:C,82920236,C,A,0.0125142,-0.0620157,0.0106048,4.98341e-09,360018.952,-0.06211292701,0.01060533478,4.719773329e-09,5.856762497223119
14,14:87444645:A:T,87444645,T,A,0.500136,-0.0200528,0.00235827,1.85145e-17,359824.9238,-0.01839820465,0.002374399133,9.293105469e-15,7.748572847040371
14,14:87563005:A:G,87563005,G,A,0.0695233,0.0310314,0.00463095,2.07473e-11,360641.2461,0.02664182144,0.004662468337,1.102845886e-08,5.7141023840479965
14,14:90893842:T:A,90893842,A,T,0.125019,0.0184533,0.00356138,2.20219e-07,360630.0591,0.01811138916,0.003561641745,3.673863799e-07,5.085123787485258
14,14:91650602:G:C,91650602,C,G,0.227757,-0.0140532,0.0028067,5.53074e-07,361125.0994,-0.01402823343,0.002806888195,5.799155067e-07,4.99778846018482
14,14:96393045:A:G,96393045,G,A,0.47008,-0.0142015,0.00235804,1.71814e-09,361224.7499,-0.01426490738,0.002358174334,1.456284759e-09,6.049131811134367
14,14:100793938:T:C,100793938,C,T,0.554016,0.0184373,0.00237296,7.88507e-15,359592.1535,0.01835442482,0.002373179577,1.041314145e-14,7.734107017389018
14,14:102819814:A:T,102819814,T,A,0.0483573,-0.0375157,0.00549266,8.49631e-12,360369.4057,-0.03745104495,0.005493025012,9.236338685e-12,6.817927256508913
14,14:105968834:G:A,105968834,A,G,0.735009,-0.018454,0.00267268,5.03964e-12,359608.7503,-0.01840627372,0.002672868132,5.724683267e-12,6.8863381248170015
20,20:3728793:A:T,3728793,T,A,0.484558,0.0380048,0.0023608,2.74853e-58,359524.1623,0.03797702417,0.00236165037,3.4834094e-58,16.08071400086203
20,20:4858081:T:C,4858081,C,T,0.27087,-0.0198084,0.00264925,7.62164e-14,361248.4686,-0.01974114922,0.00264945462,9.261870589e-14,7.451023720496862
20,20:15646852:T:G,15646852,G,T,0.636759,-0.0167365,0.00245134,8.65517e-12,360289.611,-0.01673600066,0.002451495172,8.679669169e-12,6.826854423843834
20,20:24481419:A:G,24481419,G,A,0.160131,0.0266133,0.00321451,1.24529e-16,360317.9064,0.02661275999,0.003214811276,1.2508070769999998e-16,8.278171782174624
15,15:20073706:T:A,20073706,A,T,0.0179347,0.0502385,0.00887118,1.4877e-08,360955.7541,0.05031577439,0.008871565434,1.414882439e-08,5.671577892799657
15,15:26920258:T:A,26920258,A,T,0.465154,0.0180025,0.00236265,2.55052e-14,360242.9924,0.01803933617,0.002362858149,2.2662729320000002e-14,7.634540472789084
15,15:28320778:A:T,28320778,T,A,0.576689,0.0216122,0.00238313,1.20856e-19,360822.9493,0.02173590137,0.002383435861,7.542555596e-20,9.119566305795379
15,15:29361558:G:C,29361558,C,G,0.191624,0.0144503,0.00299419,1.3929e-06,360279.6424,0.01469312495,0.002994348048,9.250221815e-07,4.90695293748965
15,15:30678176:A:T,30678176,T,A,0.437655,0.0138554,0.00237324,5.28186e-09,360936.4633,0.01386458489,0.002373379454,5.166894835e-09,5.841705955039417
15,15:36650029:C:T,36650029,T,C,0.180498,-0.0255067,0.00306051,7.83368e-17,361074.0415,-0.02562175535,0.003060835188,5.720993921e-17,8.370837949867427
15,15:38613714:G:A,38613714,A,G,0.242164,0.0154065,0.00275277,2.18596e-08,359771.9889,0.01549068259,0.002752928788,1.833891399e-08,5.6269826729713435
15,15:40858354:G:C,40858354,C,G,0.736071,-0.0217816,0.00270165,7.50795e-16,352813.2213,-0.02196936179,0.002701947719,4.259910691e-16,8.130935190015792
15,15:44474239:T:C,44474239,C,T,0.132927,0.029893,0.00349416,1.18187e-17,355505.2303,0.03106975558,0.00349986353,6.842953369e-19,8.877419166112457
15,15:44648465:A:C,44648465,C,A,0.0213338,0.0385036,0.00818555,2.55396e-06,357655.1017,0.04292586119,0.008198360266,1.641756028e-07,5.235908132510458
15,15:46996164:T:C,46996164,C,T,0.192317,-0.0162035,0.00299195,6.10924e-08,359821.5286,-0.01627171288,0.002992093753,5.381057567e-08,5.438236306494504
15,15:48119864:T:G,48119864,G,T,0.714461,0.0134305,0.00260641,2.56671e-07,361017.664,0.01336471716,0.002606521754,2.937484737e-07,5.127414394102156
15,15:53722285:A:C,53722285,C,A,0.0625669,0.0288591,0.00486595,3.01662e-09,360269.2675,0.02869270858,0.004866238659,3.717865385e-09,5.896280595883533
15,15:54768154:G:A,54768154,A,G,0.0468756,-0.0353301,0.00556905,2.2412e-10,361062.8048,-0.03510091799,0.005569425598,2.930138634e-10,6.302430541958378
15,15:67475468:A:G,67475468,G,A,0.489595,0.0199032,0.00235962,3.32595e-17,359557.0969,0.01986960352,0.002359854697,3.769926234e-17,8.419841927242183
15,15:70384188:A:C,70384188,C,A,0.521137,-0.0171695,0.00235795,3.30762e-13,360573.3217,-0.01712811682,0.002358124632,3.773441452e-13,7.263448499527823
15,15:79025053:A:C,79025053,C,A,0.22911,-0.026046,0.00280172,1.4601099999999998e-20,360827.7204,-0.0260889435,0.002802057078,1.2706488790000001e-20,9.310639567207275
15,15:81444091:T:A,81444091,A,T,0.275397,-0.019717,0.00263932,8.00819e-14,359897.6856,-0.01931738453,0.002640121926,2.538533128e-13,7.316853187635699
15,15:81783243:G:T,81783243,T,G,0.121037,0.0197038,0.00361224,4.90771e-08,360422.6133,0.01979808047,0.003614073495,4.300351609e-08,5.478051427949724
15,15:83355319:A:G,83355319,G,A,0.504621,0.0113923,0.00235804,1.35724e-06,359961.8005,0.01161339249,0.002358623491,8.487919383e-07,4.923800909434765
15,15:85265574:G:C,85265574,C,G,0.893299,0.025617,0.00381798,1.955e-11,360083.2289,0.02569237075,0.003818431049,1.714032833e-11,6.728515041990483
15,15:89132029:T:G,89132029,G,T,0.477194,0.0131982,0.00235472,2.08404e-08,361691.2599,0.01306473547,0.002354838267,2.888907947e-08,5.548039393229378
15,15:93711104:T:A,93711104,A,T,0.0267197,-0.0381248,0.00729412,1.72573e-07,361611.0476,-0.03820527413,0.00729440118,1.626638456e-07,5.237616246656727
15,15:98436105:T:C,98436105,C,T,0.392637,-0.0256698,0.00241179,1.8877e-26,360607.6004,-0.02566801978,0.002412167326,1.919311002e-26,10.641061050505249
9,9:73516296:C:T,73516296,T,C,0.181624,0.0276225,0.00307888,2.93581e-19,355106.8147,0.0294379158,0.003081027469,1.240891716e-21,9.554577522009103
9,9:73610195:G:A,73610195,A,G,0.227129,-0.0367294,0.00281297,5.90368e-39,360125.3617,-0.0379674332,0.002815096739,1.8633691759999998e-41,13.48707938665265
9,9:74638056:A:G,74638056,G,A,0.0274647,0.0730322,0.00720783,4.00011e-24,360542.205,0.07598481813,0.007211218714,5.831223487e-26,10.537028641563957
9,9:75085683:G:A,75085683,A,G,0.21572,-0.0151869,0.00286558,1.1602e-07,360204.0345,-0.01539452144,0.00286574422,7.790677954e-08,5.371910491020723
9,9:76992019:G:C,76992019,C,G,0.117585,0.0228626,0.00366608,4.48658e-10,358833.7797,0.02285867316,0.003666281225,4.522429756e-10,6.234838998200417
9,9:80466787:C:G,80466787,G,C,0.678772,0.0181303,0.00290099,4.11774e-10,272695.1872,0.01743439501,0.002904192696,1.934884688e-09,6.003181205576587
9,9:80595353:G:A,80595353,A,G,0.00790671,0.0752166,0.0132894,1.5158e-08,361219.7409,0.071415435,0.01330368595,7.957313837e-08,5.368093870255559
9,9:87211814:G:C,87211814,C,G,0.384538,0.011786,0.00241913,1.10518e-06,361311.3528,0.01193292165,0.002419221656,8.116473462e-07,4.93254581299102
9,9:87760538:G:A,87760538,A,G,0.0958503,0.0835919,0.00399847,5.3959e-97,360762.7867,0.08361748381,0.004000900617,5.392171615e-97,20.89966530403322
9,9:100187396:T:A,100187396,A,T,0.026241,0.0367376,0.00736452,6.08895e-07,361092.4216,0.0374114982,0.007365594805,3.789817475e-07,5.079222953535793
9,9:100929412:G:T,100929412,T,G,0.191798,-0.0180042,0.00299334,1.8032e-09,360287.6396,-0.01823264757,0.002993823994,1.128495844e-09,6.090086660585432
9,9:121571937:G:C,121571937,C,G,0.0787661,0.0687388,0.0043723,1.1259800000000001e-55,360530.7164,0.06881774151,0.004373800282,8.832550257e-56,15.734084108324176
9,9:127972262:A:C,127972262,C,A,0.228278,0.0217122,0.00280894,1.081e-14,359987.2535,0.02179129013,0.002809181848,8.684816856e-15,7.757166075067135
9,9:128475583:C:T,128475583,T,C,0.191733,-0.0308969,0.0029945,5.89596e-25,360031.3461,-0.03084425931,0.002994945322,7.136641396e-25,10.298772095579512
9,9:132311292:A:G,132311292,G,A,0.21288,-0.0155657,0.00287638,6.25266e-08,360965.3359,-0.01552409806,0.0028765064,6.781782395e-08,5.3968585155937765
9,9:136737943:A:C,136737943,C,A,0.418795,-0.0159804,0.00238949,2.26935e-11,360059.152,-0.01592160909,0.00238966027,2.688270795e-11,6.662708205798643
9,9:137800606:C:T,137800606,T,C,0.285739,-0.0165026,0.00260639,2.42938e-10,360923.8366,-0.01314204699,0.002625519099,5.571598538e-07,5.005504242953519
9,9:137812142:T:C,137812142,C,T,0.434629,-0.0267002,0.00237553,2.6331e-29,360781.0748,-0.02514371626,0.002393248338,8.096965731e-26,10.506104135023534
6,6:65811055:G:T,65811055,T,G,0.168294,0.0170768,0.00315075,5.96713e-08,360023.5214,0.01703182318,0.003150889138,6.466311505e-08,5.405402232212715
6,6:69233606:C:T,69233606,T,C,0.184646,0.0181045,0.00303622,2.48117e-09,360443.5377,0.01813351211,0.003036398079,2.342949709e-09,5.97204702354839
6,6:71778338:A:T,71778338,T,A,0.536032,0.0143602,0.00236049,1.17668e-09,360998.225,0.01434421341,0.002360636421,1.228968769e-09,6.076417902560184
6,6:75730742:G:C,75730742,C,G,0.485484,-0.0181719,0.00235994,1.36232e-14,359571.5573,-0.01811173917,0.002360150112,1.6674317080000002e-14,7.673977632995573
6,6:83001382:A:G,83001382,G,A,0.333805,-0.0160852,0.00249586,1.15916e-10,361117.1101,-0.01596698275,0.002496061315,1.585929885e-10,6.396871204263666
6,6:83937891:T:G,83937891,G,T,0.225163,0.0204975,0.00282376,3.90937e-13,359588.7469,0.0203230617,0.002824038989,6.179942268e-13,7.196452237083473
6,6:94451354:T:A,94451354,A,T,0.225346,-0.0268797,0.00282133,1.6234199999999999e-21,359962.9249,-0.02703835419,0.002821797942,9.522074734000001e-22,9.581959709998257
6,6:96618951:C:T,96618951,T,C,0.663059,-0.0120275,0.00249485,1.42942e-06,359757.369,-0.01263457092,0.002495656969,4.135266164e-07,5.062623219834023
6,6:96949158:A:G,96949158,G,A,0.460948,-0.0163149,0.00236685,5.46835e-12,359377.7504,-0.01657404525,0.002367606536,2.553463104e-12,7.000337681953416
6,6:101141353:A:T,101141353,T,A,0.500064,0.024858,0.00236034,6.23416e-26,359095.048,0.0248804334,0.002360716058,5.688545549e-26,10.539358732146177
6,6:109281020:A:C,109281020,C,A,0.149306,-0.0171439,0.00330924,2.21281e-07,359660.7954,-0.01714675616,0.003309384327,2.204007748e-07,5.181252603424202
6,6:113433401:G:A,113433401,A,G,0.364498,-0.0222532,0.00244982,1.0555000000000001e-19,359792.9574,-0.01635765647,0.002536942871,1.134982985e-10,6.447782745518514
6,6:113491928:C:G,113491928,G,C,0.0439718,-0.0626135,0.00573716,1.00157e-27,361452.0589,-0.05288362733,0.005941464819,5.54592732e-19,8.9007726109705
6,6:118672205:A:G,118672205,G,A,0.0335678,0.0444129,0.00654273,1.13778e-11,360217.5329,0.04401417292,0.006543554184,1.739832749e-11,6.72634040803413
6,6:119951451:C:G,119951451,G,C,0.13271,-0.0215075,0.00346882,5.64381e-10,361205.9756,-0.02248402468,0.003478938219,1.027161766e-10,6.462898523809629
6,6:120203786:C:G,120203786,G,C,0.913781,0.0206849,0.00419318,8.10179e-07,361136.4159,0.02238605569,0.004205315635,1.019149458e-07,5.323275975692607
6,6:121118412:A:G,121118412,G,A,0.234539,0.0302169,0.00277751,1.4636199999999999e-27,361111.1884,0.03024907183,0.00277810259,1.309306598e-27,10.888392652914954
6,6:121603380:G:T,121603380,T,G,0.615321,-0.0192137,0.00242106,2.09272e-15,360533.3837,-0.01759248117,0.002426576894,4.17026981e-13,7.2499170388952034
6,6:121771932:A:C,121771932,C,A,0.328314,0.0145248,0.00250751,6.93981e-09,360787.2908,0.01428346741,0.002512462751,1.307771203e-08,5.6850464367342175
6,6:122732529:C:T,122732529,T,C,0.138769,-0.0231131,0.00340835,1.19262e-11,360310.3658,-0.02307686426,0.0034133328,1.372307803e-11,6.760801132547051
6,6:125813949:C:T,125813949,T,C,0.572216,-0.0168304,0.00238144,1.58233e-12,360336.8263,-0.01694843462,0.002381636947,1.108656806e-12,7.116296478919211
6,6:134285565:G:C,134285565,C,G,0.0180235,-0.0501817,0.00885164,1.43572e-08,360749.9363,-0.05021141883,0.008852056239,1.409022365e-08,5.672288728666311
6,6:143631797:C:G,143631797,G,C,0.171796,-0.0173999,0.00312388,2.54985e-08,360293.3232,-0.01731360812,0.003124021141,2.98881628e-08,5.542090574476045
6,6:148587295:C:T,148587295,T,C,0.428845,0.0182314,0.00237627,1.69394e-14,361672.9923,0.0182543099,0.002376478094,1.575501373e-14,7.681244757141869
6,6:153366596:G:T,153366596,T,G,0.0511848,-0.0275376,0.00534293,2.55079e-07,360843.6617,-0.02771451504,0.005343164234,2.13811341e-07,5.186910569517036
6,6:159603436:C:G,159603436,G,C,0.178103,-0.0203365,0.00307785,3.91765e-11,360741.891,-0.02031822662,0.003078039068,4.083123476e-11,6.601029477251586
6,6:162104738:C:A,162104738,A,C,0.191956,0.0176887,0.00298933,3.27604e-09,360915.9791,0.01537991832,0.00300413825,3.06221056e-07,5.119577409594915
6,6:162181429:A:G,162181429,G,A,0.62729,-0.02098,0.00243252,6.446190000000001e-18,361568.9037,-0.0197616511,0.002444687965,6.293059086999999e-16,8.083506518182576
6,6:169137643:C:T,169137643,T,C,0.092497,-0.0202245,0.00406062,6.34034e-07,361445.1828,-0.02006081742,0.004060776407,7.806517204e-07,4.940143314815117
6,6:169379867:T:A,169379867,A,T,0.0588598,-0.0419676,0.00501156,5.58161e-17,359524.914,-0.0420793402,0.005012098609,4.6370603129999996e-17,8.39555313705122
16,16:46416426:A:G,46416426,G,A,0.0909667,-0.0263594,0.00411718,1.53248e-10,357048.7437,-0.03035506447,0.004135825652,2.143266213e-13,7.339541611315485
16,16:47649048:C:T,47649048,T,C,0.258519,-0.0258723,0.00269602,8.31964e-22,359161.0574,-0.02785991563,0.002708448833,8.123879612e-25,10.286299408928135
16,16:49467386:A:T,49467386,T,A,0.355579,0.0131744,0.00246653,9.2355e-08,359026.2451,0.0131563455,0.002466700937,9.629538414e-08,5.333579479643259
16,16:49920565:G:C,49920565,C,G,0.374174,-0.0130732,0.00245285,9.83766e-08,355251.0712,-0.01309859434,0.002453078511,9.312332967e-08,5.339655572075573
16,16:50260445:C:T,50260445,T,C,0.0927134,-0.0293702,0.00410489,8.38667e-13,353090.7214,-0.02946444218,0.004105285398,7.115510746e-13,7.177197033452143
16,16:51798017:A:C,51798017,C,A,0.420014,0.0196009,0.00238501,2.07003e-16,361157.297,0.01965223084,0.002385264799,1.7363515969999998e-16,8.239014321696699
16,16:52083279:T:G,52083279,G,T,0.525102,0.0119895,0.00236376,3.93461e-07,359217.4482,0.01207301308,0.002363875145,3.267994066e-07,5.107297272250816
16,16:58864754:A:C,58864754,C,A,0.232121,-0.0309063,0.00278944,1.5903200000000002e-28,360786.4952,-0.03065539014,0.002789957286,4.376373334e-28,10.987763251369001
16,16:60713900:G:A,60713900,A,G,0.15764,0.0175551,0.00322963,5.46354e-08,361355.0089,0.01695291475,0.003230962765,1.54582108e-07,5.247016441552832
16,16:61160067:C:T,61160067,T,C,0.436831,-0.0131439,0.00237545,3.14587e-08,360544.1367,-0.01222066115,0.002379207641,2.799892729e-07,5.136441620061189
16,16:61790639:A:G,61790639,G,A,0.135711,0.0180532,0.00344339,1.58193e-07,359881.6159,0.01694715219,0.003448542456,8.910286588e-07,4.914294200007378
16,16:66923145:C:T,66923145,T,C,0.161494,-0.0685563,0.00338454,3.55542e-91,322273.8059,-0.06936010365,0.003388679473,4.137816118e-93,20.46818065935149
16,16:68733890:G:C,68733890,C,G,0.567908,-0.0126508,0.00266343,2.03689e-06,287520.4482,-0.01427589318,0.002665051516,8.475360997e-08,5.356704399255598
16,16:68960047:C:A,68960047,A,C,0.629353,0.0157537,0.0024586,1.48029e-10,354942.9291,0.01631458312,0.002459112319,3.259613887e-11,6.6343383317417315
16,16:69317817:A:T,69317817,T,A,0.0412775,-0.035363,0.00596249,3.01522e-09,355741.6669,-0.03741567985,0.005964298315,3.535330751e-10,6.273274386007971
16,16:77236880:A:C,77236880,C,A,0.0243819,-0.0443917,0.00763336,6.05075e-09,361093.5522,-0.04371142962,0.007633810903,1.028080979e-08,5.726029918139826
16,16:79069134:C:G,79069134,G,C,0.162301,-0.0192168,0.00319139,1.73035e-09,361432.1434,-0.01912795918,0.003191577587,2.056736797e-09,5.9932615324510365
16,16:81104117:G:A,81104117,A,G,0.15222,0.0315452,0.00328039,6.8659499999999995e-22,360347.9169,0.0315094802,0.003280841674,7.683781654e-22,9.604084357287398
16,16:85266862:G:C,85266862,C,G,0.638583,0.0276696,0.00244967,1.40087e-29,361280.7775,0.02759856016,0.002450105792,1.9706245200000002e-29,11.264232038515992
16,16:85833122:T:G,85833122,G,T,0.433025,0.0338716,0.00237765,4.89615e-46,360430.9686,0.03386822206,0.002378322994,5.1446894919999996e-46,14.24037952180687
10,10:3240542:G:T,3240542,T,G,0.736524,0.0327099,0.00267931,2.84964e-34,359208.3561,0.0327099,0.002679862065,2.893969275e-34,12.205814779500601
10,10:14144123:T:A,14144123,A,T,0.720533,-0.0138857,0.00262389,1.21038e-07,361069.7781,-0.01394081922,0.002623992647,1.079374472e-07,5.312827090403047
10,10:16889229:G:T,16889229,T,G,0.581252,-0.0126008,0.00238825,1.32005e-07,360570.4857,-0.01262197796,0.002388375997,1.258742617e-07,5.284753311812822
10,10:22196148:C:T,22196148,T,C,0.377091,0.0135178,0.0024328,2.75424e-08,360063.9643,0.01391304983,0.002433510208,1.082451407e-08,5.717276132338295
10,10:22624554:T:C,22624554,C,T,0.494474,0.0131256,0.00235381,2.45823e-08,361437.6189,0.01369488492,0.002354628535,6.021657319e-09,5.8161551669125595
10,10:23947589:A:C,23947589,C,A,0.152298,0.0537297,0.00327662,2.0822e-60,360900.483,0.05385043001,0.003278036519,1.2127221279999999e-60,16.427647983137067
10,10:24475096:T:A,24475096,A,T,0.313881,-0.0292,0.00253791,1.25259e-30,360764.8736,-0.02920072162,0.002538410228,1.266033792e-30,11.503547101213462
10,10:28235936:G:A,28235936,A,G,0.0623963,0.0295995,0.00486511,1.17311e-09,361486.8742,0.0293635344,0.004865398145,1.587894676e-09,6.035176058546386
10,10:31064574:C:A,31064574,A,C,0.781162,-0.0193693,0.00285809,1.22894e-11,358450.5084,-0.01929577263,0.002858340482,1.471429351e-11,6.750690742237475
10,10:32591048:C:A,32591048,A,C,0.275941,0.0204603,0.00282397,4.32534e-13,314136.0268,0.02050363651,0.002824236209,3.874130515e-13,7.259887273118663
10,10:33574069:T:C,33574069,C,T,0.131126,-0.0286578,0.00349476,2.407e-16,359698.7895,-0.02875735277,0.003495111048,1.9055652779999997e-16,8.227879565216035
10,10:35946748:T:C,35946748,C,T,0.296082,0.0271413,0.00258229,7.78852e-26,360100.0382,0.0271614055,0.002582689991,7.23550034e-26,10.516711488661203
3,3:583511:A:C,583511,C,A,0.227495,-0.0146612,0.00280687,1.75841e-07,361361.7935,-0.01469801955,0.00280699495,1.639060232e-07,5.236211611282023
3,3:2206187:C:T,2206187,T,C,0.209125,-0.0171747,0.00289825,3.10873e-09,360134.6779,-0.01710962946,0.002898406511,3.566995666e-09,5.903115865585357
3,3:3480857:G:C,3480857,C,G,0.0807056,-0.0266348,0.00432465,7.33618e-10,360567.7471,-0.02670510887,0.004324902864,6.627649812e-10,6.174730325688998
3,3:5737304:G:T,5737304,T,G,0.189256,-0.0150643,0.00300655,5.4313e-07,360738.3308,-0.01505991855,0.003006682691,5.47660716e-07,5.008815394813473
3,3:14572205:G:C,14572205,C,G,0.0266378,-0.0525405,0.00732471,7.34862e-13,359647.4224,-0.05227216034,0.007325389987,9.625999322e-13,7.135751193146681
3,3:18062684:T:C,18062684,C,T,0.287726,0.0141788,0.00260164,5.04208e-08,360691.9191,0.01453097002,0.002602219309,2.349565363e-08,5.584068172018934
3,3:18277061:C:A,18277061,A,C,0.0277491,-0.0496612,0.00716906,4.30101e-12,360813.9628,-0.05029427559,0.007171000258,2.323211507e-12,7.01356488362854
3,3:19166423:C:A,19166423,A,C,0.294951,-0.0144738,0.00258481,2.15045e-08,360104.4934,-0.01453147784,0.002584944385,1.892162152e-08,5.621582392380949
3,3:30817274:C:G,30817274,G,C,0.0317919,-0.0331047,0.00670443,7.90721e-07,361621.7773,-0.03304693504,0.006704653526,8.267064161e-07,4.9289549283713425
3,3:36631688:T:G,36631688,G,T,0.232695,0.0169257,0.00279751,1.4474e-09,358055.2221,0.01694103395,0.002797658487,1.400403215e-09,6.055433151944968
3,3:41758053:C:T,41758053,T,C,0.171901,-0.0180029,0.00312712,8.56726e-09,359420.61,-0.01803815048,0.003127270383,8.02094507e-09,5.7680175587171165
3,3:46665710:T:A,46665710,A,T,0.0308735,0.0397882,0.00680936,5.12613e-09,360639.0385,0.0446015875,0.006840160749,7.005159926e-11,6.52054668547381
3,3:47869595:G:T,47869595,T,G,0.481649,0.0136392,0.00296798,4.3198e-06,227497.4978,0.01517942483,0.002979692866,3.500473392e-07,5.094291765170135
3,3:52173814:C:G,52173814,G,C,0.424519,-0.0171885,0.0024139,1.07617e-12,351449.9496,-0.01766079511,0.002415529616,2.644613366e-13,7.311355237798913
3,3:60780209:A:G,60780209,G,A,0.88654,0.019772,0.0037169,1.04123e-07,360044.1664,0.0198836822,0.003717059529,8.829301967e-08,5.349304213416594
3,3:65450442:C:T,65450442,T,C,0.0472266,-0.0359283,0.00556039,1.03823e-10,359629.7015,-0.03669507574,0.005562282179,4.192048091e-11,6.597125884504681
3,3:65623127:G:A,65623127,A,G,0.0135908,-0.0576248,0.0101739,1.48014e-08,360559.6074,-0.06250183246,0.01017905739,8.239806275e-10,6.140237751425037
3,3:66083438:G:T,66083438,T,G,0.402897,0.0389373,0.00240371,5.396399999999999e-59,359723.3824,0.0391588537,0.002405007098,1.3199328450000002e-59,16.282219596176844
3,3:66741663:T:G,66741663,G,T,0.873248,0.0178025,0.00354081,4.96384e-07,360549.3043,0.01774766996,0.003540968394,5.384061154e-07,5.012094993582143
3,3:69172183:T:C,69172183,C,T,0.204139,0.0179439,0.00292108,8.11133e-10,360908.625,0.01793959851,0.002921320789,8.204467841e-10,6.140920428030405
3,3:69974953:C:A,69974953,A,C,0.943513,-0.0279347,0.00509532,4.19815e-08,361590.7796,-0.0276139836,0.00509560742,5.987499915e-08,5.419174069732397
3,3:80059283:C:T,80059283,T,C,0.456386,-0.0198076,0.00236459,5.45983e-17,360639.7885,-0.01993783722,0.002364932001,3.438458045e-17,8.430617544846694
3,3:82947625:A:G,82947625,G,A,0.271511,0.0171094,0.00265368,1.13894e-10,359198.8965,0.01530997245,0.002661895074,8.843877927e-09,5.751531155205857
3,3:84120479:T:G,84120479,G,T,0.538768,0.0247285,0.0023635,1.2926199999999999e-25,360353.2399,0.02485548561,0.002381330083,1.6689414940000001e-25,10.437648181342022
3,3:84822069:A:C,84822069,C,A,0.098084,-0.0177781,0.00396295,7.25655e-06,360136.4373,-0.02175567371,0.003980776305,4.624277013e-08,5.465183683562947
3,3:88840298:T:A,88840298,A,T,0.438661,0.0214263,0.00246743,3.8481800000000006e-18,333695.864,0.02111833759,0.002467806104,1.1530618339999999e-17,8.557535195236717
16,16:2272965:G:C,2272965,C,G,0.287616,-0.0132465,0.00260539,3.69224e-07,359873.7989,-0.01335679117,0.00260550072,2.953635254e-07,5.12638168451552
16,16:6262592:G:A,6262592,A,G,0.184733,0.0294189,0.00303903,3.67728e-22,359771.4353,0.02939746834,0.00303946085,3.9680266970000003e-22,9.6719351854787
16,16:9985812:T:A,9985812,A,T,0.0108174,0.0637413,0.0113757,2.10505e-08,361460.4294,0.06283276051,0.01137775843,3.343620841e-08,5.522419982509683
16,16:10283753:A:G,10283753,G,A,0.11227,-0.0192453,0.00372482,2.38296e-07,361965.2421,-0.01904761767,0.003725495017,3.174603967e-07,5.112774968986088
16,16:12098235:T:A,12098235,A,T,0.595614,-0.0119307,0.00240682,7.16095e-07,358736.9653,-0.01190646832,0.002406949457,7.548032724e-07,4.946704753343726
16,16:13080004:T:A,13080004,A,T,0.0116207,0.0557594,0.0109839,3.84697e-07,361205.2428,0.05530928475,0.01098435034,4.771496761e-07,5.035280470670057
16,16:14179951:T:C,14179951,C,T,0.965884,-0.0356886,0.0064906,3.83281e-08,360549.5174,-0.0360963529,0.006491502126,2.689184906e-08,5.560554737466014
16,16:15042566:A:C,15042566,C,A,0.198257,-0.0150681,0.00295626,3.45191e-07,360307.9373,-0.01537986201,0.002956667138,1.974139483e-07,5.201756333113478
16,16:18770186:A:T,18770186,T,A,0.408889,0.0223931,0.00239353,8.35073e-21,361407.127,0.02235723588,0.002393838957,9.679891143e-21,9.339490367396506
16,16:27250589:C:A,27250589,A,C,0.0844419,0.0262883,0.0042434,5.83081e-10,359530.6324,0.02628655211,0.004243649302,5.853453468e-10,6.194327155547784
16,16:28493757:A:T,28493757,T,A,0.413204,-0.0120838,0.00238961,4.26564e-07,361507.7942,-0.01217653199,0.002389720278,3.48043133e-07,5.095379614969313
16,16:31278696:C:T,31278696,T,C,0.224376,0.0209522,0.00283322,1.41512e-13,358261.0399,0.02096832126,0.002833461775,1.359298813e-13,7.400248503440636
19,19:32891542:A:G,32891542,G,A,0.434618,0.0133148,0.00237677,2.11975e-08,360621.7602,0.01327798039,0.002376879345,2.319475589e-08,5.586308122005241
19,19:38043726:C:A,38043726,A,C,0.659007,-0.0127539,0.00250144,3.423e-07,356013.4087,-0.01310429974,0.002501639428,1.62075836e-07,5.238284779704072
19,19:39149117:G:C,39149117,C,G,0.731598,-0.0352847,0.00265773,3.2501100000000002e-40,360762.6881,-0.03539200643,0.002658491955,1.949990831e-40,13.312813064352493
19,19:46748138:G:T,46748138,T,G,0.0183662,0.0471884,0.0087677,7.36806e-08,361192.4943,0.04727740373,0.00876808149,6.968182299e-08,5.391989545708476
19,19:50767650:T:A,50767650,A,T,0.650728,0.0229162,0.00247057,1.77402e-20,360788.4073,0.02288075268,0.002470866614,2.040236039e-20,9.260213623170515
19,19:54654508:A:T,54654508,T,A,0.366311,0.0190757,0.00244167,5.6184e-15,361693.2253,0.01908960629,0.002441876642,5.384145151e-15,7.8175965000282766
12,12:2931116:T:G,2931116,G,T,0.610321,-0.0137786,0.00241682,1.19116e-08,360360.75,-0.01368760827,0.002416958919,1.486164906e-08,5.663153048403137
12,12:5373699:A:T,5373699,T,A,0.480998,-0.0334527,0.00236008,1.3579599999999999e-45,359850.7566,-0.03305565081,0.002361084166,1.554324648e-44,14.000200114001355
12,12:5555238:T:G,5555238,G,T,0.312312,0.0209368,0.00254861,2.12886e-16,358807.9239,0.02032356946,0.002549208591,1.554942778e-15,7.97250155666057
12,12:6094755:G:A,6094755,A,G,0.159565,0.0150119,0.00322516,3.24715e-06,358888.9371,0.01594746298,0.003227477628,7.766166096e-07,4.941153686596523
12,12:6298301:T:A,6298301,A,T,0.0189975,-0.0645061,0.00865691,9.25584e-14,358402.4243,-0.06618694596,0.008663504568,2.1765622570000002e-14,7.639742720800513
12,12:10100208:A:T,10100208,T,A,0.0670468,0.0237014,0.00470737,4.78205e-07,361164.8781,0.02370909753,0.004707563418,4.744081451e-07,5.036384096143046
12,12:11388436:T:A,11388436,A,T,0.0167346,-0.0652165,0.00915995,1.08323e-12,362574.7527,-0.06461683116,0.009160705304,1.742266931e-12,7.053696087329128
12,12:11908673:G:T,11908673,T,G,0.0282069,-0.0384687,0.0071055,6.16977e-08,361723.6695,-0.03808820949,0.007105904888,8.318570149e-08,5.3600787078252266
12,12:13152992:T:G,13152992,G,T,0.47051,0.0131842,0.00235943,2.30035e-08,360954.28,0.01331149995,0.002359556389,1.685490706e-08,5.6415265225517786
12,12:22865275:G:T,22865275,T,G,0.142645,-0.0263272,0.00336926,5.55766e-15,360554.3584,-0.01894154774,0.003499770711,6.224628612e-08,5.412225343924823
12,12:22914845:G:C,22914845,C,G,0.468355,0.022825,0.00236028,4.0499399999999998e-22,360822.8934,0.01926282042,0.002451824558,3.949377326e-15,7.856524789731713
12,12:25595196:C:T,25595196,T,C,0.519704,-0.0178835,0.00236232,3.73115e-14,359350.9886,-0.01810005938,0.00236266385,1.846784693e-14,7.660869480015109
12,12:26648313:T:A,26648313,A,T,0.022527,-0.0647214,0.00795588,4.13079e-16,359141.8263,-0.06358691735,0.007962763789,1.399158075e-15,7.985533545254835
12,12:26980438:G:T,26980438,T,G,0.516323,-0.0120079,0.0023581,3.54092e-07,360493.9639,-0.01157527051,0.002360086781,9.362016559e-07,4.904595289964467
12,12:31017001:G:T,31017001,T,G,0.112671,-0.0194464,0.00372595,1.79812e-07,360684.028,-0.01939116723,0.003726115771,1.949141933e-07,5.204123656307082
12,12:33226886:C:T,33226886,T,C,0.383765,-0.0184715,0.00245197,4.9572e-14,352061.5344,-0.01851798682,0.002452191538,4.29920076e-14,7.551607014802446
5,5:53361915:G:T,53361915,T,G,0.0539138,0.0283518,0.00521739,5.51134e-08,360279.7018,0.0283518,0.00521759657,5.514129475e-08,5.433881217075394
5,5:64124920:G:C,64124920,C,G,0.50709,-0.0214642,0.00235442,7.79429e-20,360987.4558,-0.02144485425,0.002354703036,8.450147156000001e-20,9.107243640552218
5,5:66970737:A:G,66970737,G,A,0.336376,-0.0147241,0.00249241,3.47513e-09,360731.9181,-0.01485181701,0.002492554516,2.546068141e-09,5.958472288034001
5,5:67911281:G:A,67911281,A,G,0.283246,-0.0252197,0.00261012,4.3884e-22,361614.3608,-0.02540514504,0.002610932029,2.239373547e-22,9.730297364244406
5,5:68148193:C:T,68148193,T,C,0.129456,-0.0169868,0.00350448,1.25297e-06,361430.1069,-0.01734305907,0.003505242625,7.507681069e-07,4.947748537093063
5,5:71319899:G:T,71319899,T,G,0.132938,-0.0180293,0.00347037,2.04592e-07,360353.9284,-0.01964452419,0.00347941991,1.643008622e-08,5.645919348090412
5,5:71715856:A:T,71715856,T,A,0.2205,-0.0177578,0.00283984,4.02859e-10,360871.9523,-0.01911514277,0.002847325238,1.901823762e-11,6.713368221828686
5,5:76066159:C:A,76066159,A,C,0.660332,0.0194015,0.00248697,6.14427e-15,360563.0944,0.01955536947,0.002487222947,3.770508305e-15,7.862330754702546
5,5:78116839:T:G,78116839,G,T,0.434495,-0.0351258,0.00237349,1.5326899999999999e-49,361204.6554,-0.0352184764,0.0023742416,8.887918376e-50,14.833568917333434
5,5:85748501:A:T,85748501,T,A,0.415998,0.0203113,0.00238743,1.78255e-17,361209.1585,0.02025143582,0.002387706548,2.222268529e-17,8.481543025864333
5,5:87006475:A:T,87006475,T,A,0.83162,0.0247699,0.00314428,3.34149e-15,361310.1762,0.02481156973,0.003144782374,3.027747461e-15,7.889757312026959
5,5:89109311:C:A,89109311,A,C,0.301756,0.0150268,0.00256836,4.89835e-09,359912.076,0.01302657442,0.002596483607,5.248286822e-07,5.017006225219738
5,5:89454193:G:A,89454193,A,G,0.171574,-0.0186582,0.00312111,2.25989e-09,361282.0086,-0.01611976887,0.003155275171,3.241574426e-07,5.108831400239228
5,5:90190827:G:T,90190827,T,G,0.101976,0.019691,0.00389129,4.18841e-07,360751.9635,0.019674471,0.003892280331,4.309740529e-07,5.054741520877366
5,5:91581043:C:G,91581043,G,C,0.129028,-0.0218113,0.00350827,5.07018e-10,361652.9783,-0.01979077037,0.003514369533,1.787674236e-08,5.631385710627261
5,5:91818414:G:A,91818414,A,G,0.788938,-0.0343103,0.00288502,1.31227e-32,360821.0456,-0.03337625605,0.002890037297,7.492063133e-31,11.548728483416523
5,5:106778829:T:C,106778829,C,T,0.241146,0.0246475,0.00274895,3.08419e-19,361696.3694,0.02472007936,0.002749264527,2.438245164e-19,8.991524503091222
5,5:109957333:A:C,109957333,C,A,0.333512,-0.0323236,0.0024999,3.1105899999999997e-38,359966.3571,-0.03230707624,0.002500512681,3.463261653e-38,12.920180923489585
5,5:111340433:G:T,111340433,T,G,0.0857557,-0.0214729,0.00420131,3.20619e-07,361481.8886,-0.02145066613,0.004201515392,3.299918871e-07,5.105459370884057
5,5:113962917:A:T,113962917,T,A,0.611529,0.0138503,0.00241733,1.0076e-08,360350.8374,0.01390723765,0.002417460004,8.776146712e-09,5.752830502671679
5,5:116929815:A:C,116929815,C,A,0.471946,0.0203247,0.0023554,6.21572e-18,361762.2707,0.02029697981,0.002355668442,6.9195025189999995e-18,8.616229452378937
5,5:120122837:A:G,120122837,G,A,0.334042,0.0154623,0.00249545,5.7905e-10,361094.4439,0.01543442388,0.00249560748,6.224592692e-10,6.184636006941283
5,5:120996872:T:C,120996872,C,T,0.0455895,-0.0278599,0.00565291,8.29323e-07,359781.7632,-0.02804274097,0.005653160855,7.029681607e-07,4.9605418436302395
5,5:126912195:T:C,126912195,C,T,0.185863,-0.0163514,0.00304937,8.22548e-08,355522.3059,-0.01672616586,0.003049595616,4.141341988e-08,5.484715997178296
5,5:129474779:T:G,129474779,G,T,0.0233566,-0.0488333,0.00780125,3.86205e-10,360322.5013,-0.04377010911,0.007810035619,2.090478183e-08,5.604341803962776
5,5:129948657:T:A,129948657,A,T,0.704105,-0.0355157,0.00258212,4.91067e-43,359961.9143,-0.03439067187,0.002586005018,2.353245534e-40,13.298764554060119
5,5:131635962:C:A,131635962,A,C,0.587831,0.0203203,0.00262908,1.08617e-14,298669.326,0.01804826776,0.002638317039,7.873785331e-12,6.8408259861145515
5,5:132292566:C:T,132292566,T,C,0.037612,-0.0428835,0.00619472,4.44172e-12,360109.7365,-0.03792108119,0.006215681715,1.054910805e-09,6.100872426991702
5,5:134593332:A:G,134593332,G,A,0.0716626,-0.0369157,0.00457539,7.14822e-16,359152.8283,-0.0370801245,0.00457595398,5.350767796999999e-16,8.103255553282464
5,5:136068103:C:T,136068103,T,C,0.0610464,0.0328147,0.00492815,2.76793e-11,359324.6703,0.03309595277,0.004928655447,1.880579934e-11,6.715006379710519
5,5:141081332:G:A,141081332,A,G,0.149101,-0.0265624,0.00344646,1.28971e-14,331917.367,-0.0215756764,0.003507889296,7.71830876e-10,6.150614965130873
5,5:141180559:G:C,141180559,C,G,0.478744,0.0225112,0.00243399,2.28406e-20,338306.9631,0.01964797405,0.002477391058,2.175398051e-15,7.930913444832495
5,5:141960134:A:G,141960134,G,A,0.335328,-0.0136157,0.00249341,4.74601e-08,361004.1318,-0.01400705239,0.002493650122,1.942024338e-08,5.617088085623585
5,5:147451786:C:G,147451786,G,C,0.686048,-0.0136779,0.00254251,7.46638e-08,359281.2624,-0.01356788667,0.00254266808,9.49761962e-08,5.3360825098335285
5,5:148416173:A:G,148416173,G,A,0.204298,-0.0142858,0.00291985,9.95274e-07,360950.9526,-0.01698031346,0.002930599314,6.867065538e-09,5.794143668457844
5,5:148478431:G:T,148478431,T,G,0.450685,-0.0232172,0.00236985,1.16839e-22,359716.6194,-0.023485729,0.002382752439,6.421528076e-23,9.85655438458246
5,5:148720533:A:C,148720533,C,A,0.610999,0.0176458,0.00241524,2.75756e-13,360775.1267,0.01638944668,0.002419958268,1.264748306e-11,6.772615419333338
5,5:149736241:A:C,149736241,C,A,0.1972,0.0202093,0.00296322,9.11418e-12,359844.1482,0.02025600796,0.002963449498,8.184484274e-12,6.835280295368812
5,5:151638913:A:C,151638913,C,A,0.0292114,-0.106356,0.00697921,2.02557e-52,361946.6065,-0.1054270339,0.006984976241,1.789794291e-51,15.093399070016964
5,5:151970697:A:T,151970697,T,A,0.103944,0.0231993,0.00385942,1.84467e-09,360570.7217,0.02158511433,0.003861603285,2.274926245e-08,5.589676809589724
5,5:157529131:T:A,157529131,A,T,0.390399,-0.0120172,0.00241297,6.35339e-07,361014.4553,-0.01195956308,0.002413093368,7.191745103e-07,4.9561128626830655
5,5:159313619:G:A,159313619,A,G,0.354864,0.0173984,0.00246057,1.54248e-12,360884.149,0.01740832427,0.002460754439,1.501130011e-12,7.074384991081998
5,5:162476730:C:T,162476730,T,C,0.473336,-0.0120806,0.00236073,3.10041e-07,360068.6014,-0.01217734098,0.00236085573,2.495750194e-07,5.158019960838522
5,5:163319473:A:C,163319473,C,A,0.454384,-0.0143127,0.00236179,1.36143e-09,361722.7806,-0.01434864548,0.002361954028,1.240614238e-09,6.074904638237099
5,5:163833254:C:A,163833254,A,C,0.101922,0.0254591,0.00389236,6.12821e-11,360705.8101,0.02571844007,0.003892638284,3.923364588e-11,6.60694320756981
5,5:167681697:C:G,167681697,G,C,0.0643261,0.0349261,0.00479923,3.40923e-13,360822.853,0.03482151587,0.004799632044,4.015472303e-13,7.255038626040143
5,5:169697895:T:G,169697895,G,T,0.130785,0.0339943,0.00348967,2.02041e-22,361280.6589,0.0339384644,0.0034902047,2.384265976e-22,9.723918026928335
5,5:170460536:G:C,170460536,C,G,0.263896,0.0184303,0.00266971,5.0827e-12,361289.3779,0.01842364579,0.002669932325,5.185019375e-12,6.90041676992693
5,5:171129896:A:G,171129896,G,A,0.755778,-0.0152979,0.00274065,2.3814e-08,360818.6342,-0.01548934876,0.002740801986,1.591528815e-08,5.651392854762767
5,5:172588391:C:A,172588391,A,C,0.179633,0.0156641,0.00307144,3.40007e-07,359834.564,0.01559316107,0.003071607706,3.843556337e-07,5.076547060205871
5,5:175059003:T:A,175059003,A,T,0.114468,-0.0287967,0.00369876,6.9616e-15,360694.0729,-0.02904781993,0.003699121984,4.0741658050000005e-15,7.852625584028321
5,5:176781313:G:C,176781313,C,G,0.717882,-0.0142063,0.00261963,5.8639e-08,359926.1398,-0.01438969965,0.002619765004,3.957352564e-08,5.49274443624868
1,1:4713577:C:A,4713577,A,C,0.0988721,-0.0427147,0.00394917,2.9152299999999998e-27,359895.1736,-0.04274347343,0.00394980876,2.718196549e-27,10.82165644647565
1,1:13061526:A:T,13061526,T,A,0.552052,-0.0155031,0.00236694,5.76752e-11,361040.0099,-0.01553153939,0.002367078803,5.327644772e-11,6.561479647536685
1,1:35969219:G:T,35969219,T,G,0.0508519,-0.0326534,0.00539386,1.41594e-09,356208.1494,-0.0326534,0.005394129897,1.417264148e-09,6.0535064270811345
1,1:46530433:T:C,46530433,C,T,0.239608,-0.0224773,0.00275771,3.62959e-16,360971.621,-0.02245475947,0.002757977217,3.8960687339999997e-16,8.141749442885263
1,1:47736466:A:T,47736466,T,A,0.116059,0.0184096,0.00368339,5.79508e-07,359386.1447,0.01822091509,0.003683666029,7.559543302e-07,4.946407993166093
1,1:50081200:A:C,50081200,C,A,0.381889,-0.0177727,0.00325522,4.77162e-08,199968.2032,-0.01694986601,0.00325802765,1.966327778e-07,5.202492989892212
1,1:51557651:A:T,51557651,T,A,0.124021,0.0196466,0.0035891,4.40394e-08,357431.3047,0.01891988727,0.003591950169,1.384431502e-07,5.267302267522075
1,1:55445438:A:T,55445438,T,A,0.0747981,-0.0236068,0.00448182,1.38568e-07,359848.4539,-0.02361110691,0.004482003142,1.379324594e-07,5.267980892013394
1,1:59113061:T:G,59113061,G,T,0.0992966,-0.0406536,0.00393837,5.62351e-25,360505.1479,-0.0404595086,0.003938978743,9.464841244000001e-25,10.271573227426273
1,1:61615023:A:T,61615023,T,A,0.353489,-0.0326363,0.00246073,3.88465e-40,361324.903,-0.03264674818,0.002461335635,3.752096366e-40,13.263834365279482
1,1:62534188:A:T,62534188,T,A,0.0223577,-0.0491595,0.00796304,6.68855e-10,360892.8341,-0.04915617324,0.007963492165,6.713751525e-10,6.172690601247047
1,1:64744942:G:C,64744942,C,G,0.247897,-0.0142912,0.00272896,1.63424e-07,360257.5017,-0.01422635968,0.002729072641,1.859196077e-07,5.212891539151962
1,1:72121349:A:C,72121349,C,A,0.182136,-0.0371549,0.00315637,5.55325e-32,336944.0899,-0.03717120164,0.003157024538,5.306483665e-32,11.774125032157098
1,1:80015269:T:C,80015269,C,T,0.844879,0.0320894,0.00325194,5.78168e-23,360845.826,0.03215536351,0.003252385078,4.7543086889999997e-23,9.886702447230942
1,1:84411486:A:T,84411486,T,A,0.0288604,-0.0390099,0.00702927,2.86445e-08,361199.8255,-0.03881486165,0.007029575653,3.358295132e-08,5.52165074622037
1,1:86521978:C:G,86521978,G,C,0.345608,0.0209194,0.00247553,2.91209e-17,360865.1428,0.02092572804,0.002475775782,2.8588813309999996e-17,8.452190296124321
1,1:93051988:T:A,93051988,A,T,0.150812,0.0153985,0.00328912,2.84695e-06,361046.7778,0.01665627059,0.003296791097,4.365956e-07,5.052267523155108
1,1:93459281:T:G,93459281,G,T,0.0501928,0.0297242,0.00540575,3.83027e-08,359057.2208,0.03149965087,0.005418432223,6.12072985e-09,5.813425281263317
1,1:97614864:T:A,97614864,A,T,0.512319,-0.0318117,0.00235603,1.55234e-41,360521.8007,-0.03184080665,0.002356650249,1.345979229e-41,13.51104461237345
1,1:100435619:G:T,100435619,T,G,0.822836,-0.0207748,0.00308436,1.63563e-11,360674.5619,-0.02037105557,0.003084606532,3.99934635e-11,6.6041018063953185
1,1:101645375:T:A,101645375,A,T,0.142208,-0.0303946,0.00337095,1.94882e-19,360811.6359,-0.03017208005,0.003371370249,3.570942166e-19,8.949500595180698
1,1:105138419:G:A,105138419,A,G,0.494924,-0.0372328,0.00235539,2.88772e-56,360468.3795,-0.03715602559,0.002356234605,5.065681201e-56,15.769238560181488
1,1:107879623:A:C,107879623,C,A,0.194191,0.0168184,0.00298036,1.67153e-08,359875.2125,0.01693955646,0.002980497906,1.319925068e-08,5.683465311584084
1,1:110696878:G:A,110696878,A,G,0.225621,-0.0303514,0.0028183,4.8462599999999996e-27,360364.2869,-0.03035894616,0.002818763402,4.7541519689999996e-27,10.770306631077794
1,1:112522417:A:G,112522417,G,A,0.777158,0.0148858,0.00282555,1.3778e-07,361778.988,0.01475825506,0.002825667591,1.761169998e-07,5.222926825153228
1,1:118344948:A:T,118344948,T,A,0.551279,0.0150697,0.00236693,1.93287e-10,360928.833,0.01503533743,0.002367082724,2.127506351e-10,6.351842830652166
1,1:120315338:G:C,120315338,C,G,0.931777,0.0262733,0.00467099,1.85868e-08,360653.5842,0.02615111617,0.004671235837,2.164274342e-08,5.598329239312179
5,5:7851850:A:T,7851850,T,A,0.455472,0.0180133,0.00235965,2.28313e-14,362303.9631,0.01807380581,0.002359844281,1.875357779e-14,7.658897646560434
5,5:9681582:A:T,9681582,T,A,0.857457,-0.02975,0.00337097,1.0960600000000002e-18,360211.9423,-0.02979995453,0.003371335966,9.639574537e-19,8.839212356921179
5,5:11997492:C:T,11997492,T,C,0.259418,-0.0194397,0.00268808,4.77452e-13,360412.1041,-0.01946381262,0.002688275702,4.478283663e-13,7.2402591019661715
5,5:16195787:G:C,16195787,C,G,0.19378,0.0273141,0.00298291,5.37018e-20,359895.1833,0.0273451671,0.002983277455,4.902169384e-20,9.166149482398714
5,5:22839172:C:T,22839172,T,C,0.219611,0.0364193,0.00284244,1.41938e-37,361222.5454,0.03576408194,0.002844390687,2.9517487270000002e-36,12.573547685785964
5,5:23376637:A:C,23376637,C,A,0.470761,-0.015957,0.00235743,1.30063e-11,361355.7989,-0.01509401202,0.00235863969,1.559310269e-10,6.399456468062742
5,5:25245307:C:T,25245307,T,C,0.131681,-0.0201323,0.00348111,7.33089e-09,361111.9687,-0.01995325976,0.003481325389,9.953904883e-09,5.7315124357655955
5,5:28345889:T:G,28345889,G,T,0.0115583,-0.0559658,0.0110171,3.7781e-07,360835.5832,-0.05631577263,0.01101757921,3.197004552e-07,5.111447039008853
5,5:37654878:A:G,37654878,G,A,0.138583,0.0283462,0.0034128,9.94402e-17,359825.2982,0.02842124737,0.00341313462,8.290128025999999e-17,8.327022087983156
5,5:45009780:A:C,45009780,C,A,0.276431,0.0201708,0.00314101,1.34885e-10,253538.8761,0.02022432925,0.003141265821,1.208399232e-10,6.438273741367652
7,7:64887479:C:G,64887479,G,C,0.269755,0.0124473,0.0027113,4.41442e-06,345506.0998,0.01366126598,0.002717506785,4.978690371e-07,5.027132243204316
7,7:66072051:C:A,66072051,A,C,0.733426,0.0179421,0.00283315,2.40818e-10,318792.2086,0.01890026771,0.002839727387,2.8202633e-11,6.655662721894932
7,7:76922565:T:C,76922565,C,T,0.295465,0.0309183,0.00258279,5.12094e-33,360176.8848,0.03091575735,0.002583311431,5.2594852459999995e-33,11.967491406188106
7,7:81742118:T:A,81742118,A,T,0.0105192,0.0632345,0.0115459,4.33429e-08,360573.336,0.06273487976,0.011546402,5.532628595e-08,5.433283871460564
7,7:86356712:G:T,86356712,T,G,0.155257,0.0173419,0.00325006,9.5137e-08,361145.8376,0.01688078815,0.003250628959,2.068391743e-07,5.193083665627923
7,7:86932583:T:A,86932583,A,T,0.798477,-0.0337422,0.00293593,1.45099e-30,360610.1375,-0.03343296808,0.002936867501,5.0306371680000005e-30,11.383887107135788
7,7:93503570:G:C,93503570,C,G,0.200991,-0.0313065,0.00293798,1.65325e-26,360838.4506,-0.03122177871,0.002938451934,2.274084303e-26,10.62524737898265
7,7:95043996:A:G,95043996,G,A,0.177272,0.01904,0.0030807,6.40079e-10,361438.3779,0.01910387631,0.003080865765,5.617178273e-10,6.200814240928151
7,7:101478750:C:G,101478750,G,C,0.0420031,-0.0308564,0.00587775,1.52436e-07,359893.8955,-0.03040515145,0.005878656212,2.314452526e-07,5.172126137931741
7,7:101735238:A:G,101735238,G,A,0.066786,-0.0247885,0.00471992,1.50635e-07,360334.7994,-0.02444187211,0.004720614179,2.246513113e-07,5.177689000454955
7,7:107748882:C:T,107748882,T,C,0.52738,0.011503,0.00236036,1.09732e-06,360291.927,0.01158349063,0.002360465482,9.234305015e-07,4.9072908366299925
7,7:109199867:G:C,109199867,C,G,0.231412,0.0244869,0.00279392,1.88658e-18,360309.2546,0.02365195787,0.002797478697,2.797074816e-17,8.454741012099296
7,7:109955887:A:T,109955887,T,A,0.0170413,0.055321,0.00910338,1.22594e-09,360402.3109,0.05194958675,0.009113957772,1.19805311e-08,5.700003011819968
7,7:110613073:A:G,110613073,G,A,0.0143733,0.0525714,0.00989719,1.0864e-07,360536.0123,0.05205744222,0.009898224418,1.446278056e-07,5.259270756210895
7,7:125875150:G:A,125875150,A,G,0.0241724,0.0413708,0.00766423,6.74661e-08,361085.8155,0.04130359291,0.007664544018,7.088346084e-08,5.3889171766773725
7,7:129772742:T:A,129772742,A,T,0.343812,0.0208616,0.00247764,3.77995e-17,361213.8935,0.02089356209,0.002477894884,3.39862753e-17,8.43198080149069
7,7:135559807:T:G,135559807,G,T,0.299051,0.0193942,0.00257292,4.78996e-14,360514.482,0.01947026293,0.002573138678,3.8271643520000005e-14,7.56673672370176
7,7:142700645:T:C,142700645,C,T,0.273128,-0.0201442,0.00271328,1.13636e-13,342288.3704,-0.02019326881,0.002713499639,9.933715374000001e-14,7.441780540439572
7,7:144950974:A:C,144950974,C,A,0.00589223,0.0857608,0.0153827,2.47485e-08,360960.5212,0.0856316176,0.01538338803,2.59907933e-08,5.566499228453773
7,7:153477239:G:A,153477239,A,G,0.333707,0.0139828,0.00249594,2.11815e-08,361192.5757,0.01397187473,0.002496045753,2.173349637e-08,5.597603614920596
2,2:468610:C:T,468610,T,C,0.22152,-0.0357571,0.00283586,1.91973e-36,360545.0984,-0.03575217665,0.00283648129,1.9965796110000002e-36,12.604411238686506
2,2:4889751:C:A,4889751,A,C,0.13168,-0.0337017,0.00349084,4.74092e-22,358929.1814,-0.03364040675,0.003491306475,5.662782351e-22,9.635478005407704
2,2:11017327:G:A,11017327,A,G,0.595193,0.0179418,0.00240313,8.28361e-14,359462.2921,0.01793304155,0.002403313201,8.534861257000001e-14,7.461799628337332
2,2:12138840:A:G,12138840,G,A,0.25081,-0.0159598,0.00271345,4.06343e-09,361542.2117,-0.01588958607,0.002713591,4.754146682e-09,5.855556740127749
2,2:13578913:C:A,13578913,A,C,0.302528,-0.0138472,0.00256386,6.6343e-08,360632.5647,-0.0138333553,0.002563963001,6.840830468e-08,5.395302231196276
2,2:20608435:C:G,20608435,G,C,0.115147,0.0245696,0.00368532,2.61642e-11,361454.3597,0.02448475991,0.003685591083,3.065826143e-11,6.6433739822459845
2,2:22636668:C:T,22636668,T,C,0.326186,0.014262,0.00251034,1.33767e-08,361136.828,0.01435210824,0.002510506707,1.08537687e-08,5.716817326152636
2,2:25164295:T:G,25164295,G,T,0.0116915,0.0566623,0.0109638,2.36575e-07,360133.7754,0.05642287045,0.01096796247,2.684704503e-07,5.14433474807468
2,2:25266901:A:C,25266901,C,A,0.243612,-0.0138031,0.00275038,5.20682e-07,358857.3539,-0.01367436102,0.00275140735,6.696965927e-07,4.969951475923767
2,2:26450328:T:G,26450328,G,T,0.393803,-0.0131297,0.00241262,5.27011e-08,359976.9203,-0.01339496238,0.002413085357,2.840902204e-08,5.550969152891014
2,2:32159564:C:G,32159564,G,C,0.360851,0.0100217,0.00245611,4.49883e-05,359530.1153,0.01721247611,0.002520318186,8.521980234e-12,6.829485342609832
2,2:32352940:G:C,32352940,C,G,0.454331,0.0271551,0.00236606,1.7438e-30,360304.0431,0.03090985035,0.002428284428,4.075630117e-37,12.729089720127298
2,2:38860378:C:G,38860378,G,C,0.152277,-0.0169815,0.003279,2.23368e-07,360394.0433,-0.01699497625,0.003279139453,2.186322027e-07,5.1827549555575425
2,2:40325435:A:T,40325435,T,A,0.336108,-0.0119181,0.00249349,1.75625e-06,360547.0702,-0.01224362229,0.002494318562,9.17269411e-07,4.908604087916818
2,2:41119263:T:A,41119263,A,T,0.524732,-0.0143319,0.0023595,1.24799e-09,360263.6745,-0.01461670547,0.002360328983,5.915874446e-10,6.192656013324902
2,2:49526645:G:T,49526645,T,G,0.461163,0.0125624,0.00236549,1.09276e-07,359743.4477,0.01275554133,0.002365632502,6.966942653e-08,5.392021507658504
2,2:52122845:A:C,52122845,C,A,0.0898721,-0.048859,0.0041244,2.27956e-32,359387.2054,-0.0497472389,0.004125454609,1.747113329e-33,12.058607745064634
2,2:53320521:T:A,53320521,A,T,0.433845,0.0446792,0.00237727,9.169749999999999e-79,360021.2891,0.04499325375,0.002378550025,8.380502033e-80,18.916252875530756
2,2:56190079:G:C,56190079,C,G,0.475735,0.0116412,0.00236098,8.19844e-07,359791.6727,0.01214973878,0.00236167357,2.681682609e-07,5.144546195687832
2,2:58255803:C:T,58255803,T,C,0.0625142,-0.0299565,0.00485879,7.03728e-10,361522.8365,-0.03084552254,0.004860271946,2.203254902e-10,6.3464602151296985
2,2:60612569:G:T,60612569,T,G,0.439037,-0.0198327,0.00237373,6.56162e-17,360411.7569,-0.0198423703,0.002373970665,6.362590779999999e-17,8.358304756053082
2,2:65360136:G:A,65360136,A,G,0.228283,0.0137882,0.00280528,8.87804e-07,360801.1279,0.01382125297,0.002805377987,8.363042599e-07,4.926699016691186
2,2:67937217:C:A,67937217,A,C,0.0903743,-0.0241884,0.00410388,3.77232e-09,361278.651,-0.02417137329,0.004104146272,3.873636257e-09,5.889500931023347
2,2:68620413:G:T,68620413,T,G,0.152893,0.0168119,0.00326987,2.72779e-07,361212.1952,0.01661253295,0.00327005292,3.770315772e-07,5.080203090413595
2,2:71454692:G:C,71454692,C,G,0.22172,-0.0148992,0.00283679,1.50434e-07,360207.4276,-0.01480255618,0.00283693625,1.810641856e-07,5.217796550768457
2,2:72732511:T:C,72732511,C,T,0.106111,0.0215341,0.00382582,1.81771e-08,360287.9869,0.0214656882,0.00382605897,2.018695642e-08,5.610391363100188
2,2:76002980:C:G,76002980,G,C,0.0186326,-0.0445512,0.00869548,3.00075e-07,361790.6278,-0.04444843815,0.008695904107,3.197423361e-07,5.111422297564211
2,2:77464671:C:A,77464671,A,C,0.294833,-0.0169291,0.00257973,5.30372e-11,361503.6768,-0.01691164459,0.002579903224,5.55871343e-11,6.555146887943886
2,2:78342861:C:T,78342861,T,C,0.316724,0.015298,0.00253137,1.51059e-09,360702.0952,0.01527714658,0.002531508331,1.591596456e-09,6.034800041114303
2,2:79724245:A:T,79724245,T,A,0.0563334,0.040532,0.00510463,2.02343e-15,361070.5949,0.04070281913,0.005105126512,1.549552626e-15,7.972930550168508
2,2:85091386:T:A,85091386,A,T,0.19981,0.0145777,0.00294268,7.27798e-07,361289.3159,0.0145685552,0.002942816693,7.400481363e-07,4.950547968092554
2,2:86238408:G:T,86238408,T,G,0.0151808,-0.0610233,0.00963265,2.3754e-10,360570.3172,-0.06048209189,0.009633270833,3.41946102e-10,6.2784585774139
2,2:91442707:C:G,91442707,G,C,0.324772,-0.0248452,0.0038258,8.36254e-11,155808.6381,-0.02474140652,0.003826328822,1.005677179e-10,6.466095223637316
8,8:1962601:G:C,1962601,C,G,0.736447,0.013452,0.00267244,4.81547e-07,361129.6222,0.01339917024,0.002672533251,5.340461191e-07,5.013658945117462
8,8:4261392:T:G,4261392,G,T,0.429531,0.0516205,0.00238182,4.3304999999999997e-104,359672.9279,0.05156961851,0.002383378639,8.024551507e-104,21.637190862647486
8,8:10444505:T:G,10444505,G,T,0.740163,-0.0217796,0.002685,5.01181e-16,361013.0324,-0.02158489318,0.002685282614,9.115265541999999e-16,8.03822028544218
8,8:14368812:G:A,14368812,A,G,0.270218,0.0141388,0.00265316,9.87994e-08,360620.5481,0.01422620846,0.002653420556,8.255195527e-08,5.36146010772067
8,8:15617065:T:C,15617065,C,T,0.597314,0.0172172,0.00239986,7.28335e-13,361340.0282,0.01726698725,0.0024001801,6.290259924e-13,7.194038168219127
8,8:17728147:C:A,17728147,A,C,0.313311,-0.0177115,0.00254041,3.13244e-12,360509.7884,-0.01758210635,0.002540620882,4.503781559e-12,6.9203974802250725
8,8:18534028:G:T,18534028,T,G,0.461223,0.0126917,0.00236239,7.77433e-08,360961.6404,0.0127639548,0.002362547124,6.567287254e-08,5.4026244261276375
8,8:19395303:A:C,19395303,C,A,0.421765,0.0147428,0.00238679,6.5466e-10,360304.4753,0.0147187588,0.002386955248,6.989221131e-10,6.166332113822689
8,8:25637439:C:T,25637439,T,C,0.182061,0.0155685,0.00305651,3.51574e-07,359830.6734,0.01549844078,0.003056658771,3.970090255e-07,5.070386307768864
8,8:28091542:T:A,28091542,A,T,0.0555454,0.0306731,0.00514326,2.46754e-09,360719.8246,0.03106834746,0.005143656648,1.539914768e-09,6.040128567306345
8,8:30059929:G:A,30059929,A,G,0.0117983,-0.0749582,0.0109157,6.56572e-12,360324.6116,-0.07813070211,0.01092748164,8.682370692e-13,7.1499275573250936
8,8:30158111:C:G,30158111,G,C,0.155328,-0.0181461,0.00325166,2.39889e-08,360855.5487,-0.01925690894,0.00325505053,3.298467371e-09,5.916009217835399
8,8:36559993:A:G,36559993,G,A,0.169873,0.0178664,0.00330283,6.32707e-08,325415.8596,0.01778699544,0.003302990679,7.239702979e-08,5.385118266632566
8,8:40021747:G:A,40021747,A,G,0.228199,0.0138319,0.00280425,8.12305e-07,361440.8268,0.01389374228,0.002804351936,7.257230636e-07,4.954350451397838
3,3:95891778:C:T,95891778,T,C,0.0216876,-0.0494314,0.00808652,9.79862e-10,360636.1592,-0.04922896626,0.008087101714,1.1479948e-09,6.087343525651122
3,3:97199095:A:C,97199095,C,A,0.0114293,0.0648158,0.0110772,4.882e-09,360909.3133,0.06436807965,0.01107794541,6.229735326e-09,5.810470919264081
3,3:102917801:C:G,102917801,G,C,0.0564458,0.0258892,0.00510305,3.91187e-07,360775.9124,0.02599875733,0.005103238742,3.495516286e-07,5.094560267390289
3,3:106036830:A:T,106036830,T,A,0.303717,-0.0149948,0.00256438,4.99928e-09,359803.7847,-0.01495315345,0.002564603667,5.523161665e-09,5.830590372465532
3,3:106804744:A:C,106804744,C,A,0.0111143,-0.0670989,0.01124,2.38008e-09,360348.6232,-0.0665332453,0.01124096897,3.242642807e-09,5.918817628405926
3,3:115460151:T:A,115460151,A,T,0.226678,0.0229269,0.00281333,3.67009e-16,360608.185,0.02283411847,0.002813620751,4.835349342999999e-16,8.115563713369841
3,3:115814712:T:G,115814712,G,T,0.188836,0.0211081,0.00300766,2.25283e-12,361090.8393,0.02101578726,0.003007875056,2.809831112e-12,6.986921620324112
3,3:120318240:T:C,120318240,C,T,0.271858,-0.0323428,0.00264612,2.38671e-34,360885.6634,-0.0324323392,0.002646680089,1.599683141e-34,12.253970298410328
3,3:123317477:T:A,123317477,A,T,0.0490163,-0.0599097,0.00545502,4.68774e-28,360641.0268,-0.05971263797,0.005456020981,7.0718204460000005e-28,10.944356368485893
3,3:127975543:T:A,127975543,A,T,0.208469,0.015535,0.0028998,8.4547e-08,360617.3211,0.01545726855,0.002899945109,9.810818267e-08,5.330193492983112
3,3:130125329:T:A,130125329,A,T,0.0279794,-0.0943735,0.00713807,6.768090000000001e-40,360944.8965,-0.09443044293,0.007139862295,6.2265070230000005e-40,13.225807309495174
3,3:132774371:G:T,132774371,T,G,0.222922,0.0191051,0.0028348,1.59186e-11,359425.91,0.01914759675,0.002834989541,1.437966768e-11,6.754027298191009
3,3:137050971:T:A,137050971,A,T,0.221176,-0.0138613,0.00283443,1.0071e-06,361567.2803,-0.01395785449,0.002834533697,8.469949833e-07,4.92421540261548
3,3:139565217:T:A,139565217,A,T,0.443592,-0.0249205,0.00237166,8.03487e-26,360339.3329,-0.02510016285,0.002372048625,3.625587202e-26,10.581639257078889
3,3:141766403:G:C,141766403,C,G,0.217603,-0.019158,0.00285192,1.85014e-11,361331.3788,-0.01909277832,0.002852104035,2.167385059e-11,6.6942783593095685
3,3:145863694:C:A,145863694,A,C,0.407891,-0.0193069,0.00239623,7.83117e-16,360782.7139,-0.01929810266,0.002396454599,8.093955176e-16,8.052772069227922
3,3:147560649:T:A,147560649,A,T,0.0393435,0.0580336,0.00605674,9.60819e-22,360825.4651,0.05831392074,0.006057547497,6.170539574e-22,9.626655138714135
3,3:160290050:G:T,160290050,T,G,0.239382,0.0146861,0.00276198,1.05415e-07,360241.2301,0.0146861,0.002762084549,1.054718332e-07,5.317034920352831
3,3:170616570:C:A,170616570,A,C,0.563942,-0.0121371,0.00237619,3.26112e-07,360374.6076,-0.01212357297,0.002376273414,3.362128362e-07,5.101926781056854
3,3:175533207:C:G,175533207,G,C,0.768667,-0.0185104,0.00279723,3.66109e-11,359618.1398,-0.01841987624,0.002797433576,4.562267582e-11,6.584562506873979
3,3:180157806:C:G,180157806,G,C,0.876427,0.0422955,0.00357908,3.2169200000000004e-32,360558.9825,0.04200691004,0.003579848427,8.505643521e-32,11.73427056943939
3,3:182828035:C:T,182828035,T,C,0.0718361,0.0492979,0.00455949,3.04413e-27,360899.299,0.04901871886,0.004560290493,5.9885304079999996e-27,10.74903428525951
3,3:184223863:C:T,184223863,T,C,0.269747,-0.0136317,0.00265724,2.89827e-07,359752.107,-0.01373500584,0.002657361404,2.357744693e-07,5.168663102928095
3,3:186706966:G:C,186706966,C,G,0.850647,0.0174989,0.00330887,1.23408e-07,359724.6112,0.01755674161,0.003309026462,1.122340044e-07,5.305712061120411
3,3:187852245:C:G,187852245,G,C,0.350215,-0.0156634,0.00246912,2.24528e-10,360652.8523,-0.01569890752,0.002469278272,2.048093254e-10,6.357690705829043
3,3:190807829:G:A,190807829,A,G,0.516903,-0.0187812,0.00235475,1.51754e-15,361340.9564,-0.0187370671,0.002354959857,1.770779822e-15,7.956427386354384
3,3:196856107:T:C,196856107,C,T,0.0674367,0.0251315,0.00469377,8.59761e-08,361138.6188,0.02525190028,0.004693988834,7.464110049e-08,5.37962512758717
6,6:4592245:A:C,4592245,C,A,0.163603,0.0174545,0.00318389,4.20515e-08,360844.4361,0.01745631718,0.00318402841,4.194453172e-08,5.482462758553087
6,6:5441149:G:C,5441149,C,G,0.113399,0.0390184,0.00371772,9.159870000000001e-26,360124.2867,0.0387097817,0.003718766349,2.248517726e-25,10.409307299021169
6,6:5572368:C:G,5572368,G,C,0.143568,0.0179239,0.00336527,1.00386e-07,359460.6791,0.01745578121,0.003365854127,2.147006931e-07,5.186137173912053
6,6:10954002:G:C,10954002,C,G,0.0822831,0.0213593,0.00427748,5.93406e-07,362285.3548,0.02148737514,0.004277674933,5.083252855e-07,5.023143524590021
6,6:14772939:C:T,14772939,T,C,0.461873,0.0157694,0.00236593,2.64726e-11,359758.6624,0.01555584094,0.002366464789,4.916217195e-11,6.5734512561978375
6,6:15480317:G:T,15480317,T,G,0.138966,0.0191814,0.00340622,1.78988e-08,360548.4063,0.01881485812,0.003406887221,3.340292025e-08,5.522594937697234
6,6:18595437:G:T,18595437,T,G,0.0782721,-0.0219934,0.00438508,5.29184e-07,360812.0091,-0.02176020368,0.004385272996,6.973175343e-07,4.962109246071666
6,6:20013889:A:C,20013889,C,A,0.174743,0.0203432,0.00309977,5.28788e-11,361223.7486,0.02049482395,0.003100030745,3.812995508e-11,6.611167964400301
6,6:20257057:A:T,20257057,T,A,0.670392,0.0167965,0.00250342,1.95693e-11,361433.1064,0.01693103247,0.002503645737,1.355827459e-11,6.7625511947579495
6,6:26817004:T:A,26817004,A,T,0.0728627,-0.028469,0.00458863,5.50202e-10,351895.0477,-0.02841180456,0.004588903106,5.962640435e-10,6.191415225754388
6,6:32105025:C:G,32105025,G,C,0.0566359,-0.0265173,0.0050938,1.93269e-07,361067.5814,-0.02639261553,0.005094085208,2.206623118e-07,5.1810314221976
6,6:37630636:A:T,37630636,T,A,0.408904,0.0260298,0.00239342,1.5222899999999999e-27,361423.7661,0.02600092876,0.002393930345,1.7643775569999998e-27,10.861188511314015
6,6:39052569:C:T,39052569,T,C,0.240298,-0.0212031,0.00275965,1.55486e-14,360000.7288,-0.02090446784,0.002759982059,3.615372724e-14,7.574131785325493
6,6:41029098:T:G,41029098,G,T,0.0259233,-0.0437537,0.00741868,3.68771e-09,360161.5655,-0.03807852175,0.007443218793,3.123021031e-07,5.115867584842605
6,6:41057725:G:C,41057725,C,G,0.796896,-0.0307985,0.00292898,7.424210000000001e-26,360404.2239,-0.02955309918,0.00293893251,8.668041229999999e-24,10.055725702935588
6,6:49882500:T:G,49882500,G,T,0.3267,-0.0205603,0.00251268,2.78624e-16,360382.1144,-0.02066940802,0.002513039032,1.9541002169999998e-16,8.22486549424991
6,6:49980612:A:G,49980612,G,A,0.427252,0.012657,0.00243061,1.9168e-07,346229.2975,0.012815757,0.00243081818,1.347988528e-07,5.272198926865028
4,4:55658829:C:A,55658829,A,C,0.284146,-0.0155038,0.00261224,2.93992e-09,360374.7688,-0.01550308841,0.002612375535,2.9477961e-09,5.934479251659352
4,4:61209806:A:C,61209806,C,A,0.247816,0.0229151,0.00272955,4.66805e-17,360137.5895,0.02560526344,0.002756403346,1.5519742290000003e-20,9.289374676299643
4,4:61305536:A:T,61305536,T,A,0.0178903,-0.0528013,0.00889468,2.91835e-09,359838.9502,-0.0649302088,0.008981829021,4.863374186e-13,7.229063105987619
4,4:64313844:T:G,64313844,G,T,0.0792183,0.0328967,0.00436813,5.04413e-14,359374.4012,0.0332416062,0.004368536335,2.7553430210000002e-14,7.609323501254569
4,4:66774172:T:C,66774172,C,T,0.0772677,-0.0287319,0.00440996,7.26764e-11,360740.4711,-0.02872089995,0.004410257195,7.401072965e-11,6.5122959229138555
4,4:70663620:T:G,70663620,G,T,0.644263,0.0464517,0.00245835,1.3588899999999998e-79,360811.006,0.04645657159,0.002459587658,1.433004605e-79,18.887951172992917
4,4:75992959:T:A,75992959,A,T,0.640856,0.0378424,0.00245192,1.00914e-53,361294.2717,0.03771524484,0.002452735274,2.342048928e-53,15.376810224811894
4,4:77326753:A:T,77326753,T,A,0.0214268,-0.0435975,0.00814223,8.58506e-08,359846.2769,-0.04329392331,0.00814256698,1.054995647e-07,5.316987065177326
4,4:85121348:T:G,85121348,G,T,0.762882,-0.0142846,0.00280677,3.59473e-07,351011.5619,-0.01421513478,0.002806895914,4.097720508e-07,5.064361207374645
4,4:86942974:A:C,86942974,C,A,0.820979,0.0170439,0.00307575,3.00312e-08,359760.784,0.0170936388,0.003075904984,2.740245125e-08,5.557271401072642
4,4:88251354:C:A,88251354,A,C,0.647758,-0.0161022,0.00246781,6.81304e-11,359964.9822,-0.01614751701,0.002467978804,6.037341391e-11,6.542810247733392
4,4:91716815:T:A,91716815,A,T,0.62286,0.0126726,0.0024332,1.90762e-07,359672.7829,0.01306237008,0.002433968281,8.0191639e-08,5.366696921224176
4,4:93207806:T:C,93207806,C,T,0.277565,-0.0175835,0.00262978,2.29225e-11,360688.9471,-0.01785651718,0.002630672699,1.138452266e-11,6.787814077664551
4,4:98720368:T:G,98720368,G,T,0.0663503,0.0240906,0.00473328,3.58982e-07,360418.0397,0.02398976203,0.004733483024,4.018077698e-07,5.068099306232982
4,4:102434599:G:C,102434599,C,G,0.0319806,0.0445248,0.00668343,2.7056e-11,361714.7459,0.0414938744,0.006700137935,5.903419354e-10,6.192988085102758
4,4:102813510:C:T,102813510,T,C,0.578766,0.0153381,0.00238672,1.30803e-10,360171.8864,0.01417108694,0.002392732277,3.169790093e-09,5.922554343508779
4,4:104863754:A:C,104863754,C,A,0.267192,0.014161,0.00266498,1.07464e-07,359710.6787,0.0139060873,0.002665181026,1.81168743e-07,5.217689591941437
4,4:110896161:A:G,110896161,G,A,0.0790338,-0.0332792,0.00437594,2.85498e-14,358855.5947,-0.03309658885,0.00437631735,3.9491674640000005e-14,7.562657413315787
4,4:118298556:G:T,118298556,T,G,0.0389189,0.0306665,0.00609734,4.92022e-07,359713.7359,0.0305766935,0.006097557473,5.314926569e-07,5.014580614515513
4,4:134545703:T:A,134545703,A,T,0.280377,-0.0161662,0.00262272,7.10403e-10,360405.9246,-0.01617353852,0.002622901399,6.991623598e-10,6.1662777434814275
4,4:136554833:G:T,136554833,T,G,0.85235,0.016554,0.00332076,6.19881e-07,360439.7187,0.01652210306,0.00332089623,6.518232024e-07,4.97519401863394
4,4:141704760:T:C,141704760,C,T,0.204015,-0.0218511,0.00291658,6.79835e-14,362081.956,-0.0216052785,0.002916892171,1.292358103e-13,7.406951382982747
4,4:142737458:G:T,142737458,T,G,0.375571,0.0206705,0.00243046,1.82652e-17,361035.4986,0.02056138602,0.002430767886,2.701365705e-17,8.458802725847761
4,4:162115870:T:C,162115870,C,T,0.169336,0.0651256,0.00314362,2.78253e-95,359447.9127,0.06446201735,0.00314854766,3.704468229e-93,20.4735720436895
4,4:162292532:A:C,162292532,C,A,0.454694,0.0156726,0.00236158,3.2171e-11,361718.9598,0.01370867289,0.002364080318,6.681742473e-09,5.798733987852607
4,4:163177809:G:T,163177809,T,G,0.434096,0.0114326,0.00237538,1.48759e-06,360882.9483,0.01170384825,0.002375566575,8.360400469e-07,4.9267607875818005
4,4:166315765:C:T,166315765,T,C,0.189972,0.0216596,0.0030005,5.26104e-13,361035.086,0.02175722284,0.003000757356,4.149992847e-13,7.250577190620406
4,4:171208977:T:G,171208977,G,T,0.124217,0.0184549,0.00357598,2.46044e-07,359574.6816,0.01892821546,0.003576717956,1.209444512e-07,5.2920626375494955
4,4:171882205:C:G,171882205,G,C,0.270118,0.0160039,0.0026517,1.58785e-09,360819.6495,0.01649804814,0.002652274568,4.960804449e-10,6.220339454689519
4,4:174065484:C:A,174065484,A,C,0.155618,0.0216629,0.00324968,2.62978e-11,360458.6483,0.02164898148,0.003249890288,2.71139143e-11,6.661449944921956
4,4:183121748:T:C,183121748,C,T,0.108742,-0.019041,0.00378168,4.77909e-07,360901.0614,-0.01899247406,0.003781811664,5.112098367e-07,5.022057084649153
4,4:185091601:A:C,185091601,C,A,0.769504,0.0159398,0.00279474,1.17458e-08,361071.1212,0.01592780326,0.002794863041,1.205428827e-08,5.698956630912778
2,2:96818128:C:T,96818128,T,C,0.835573,-0.0142511,0.00358935,7.17722e-05,282549.4261,-0.02375819166,0.003658950896,8.404852976e-11,6.493170401923863
2,2:97094141:C:A,97094141,A,C,0.319722,0.039135,0.0032308,9.13783e-34,220160.7039,0.0431602411,0.003294383005,3.242605668e-39,13.101160683045718
2,2:100538351:T:A,100538351,A,T,0.59302,0.0124418,0.00239799,2.12217e-07,360361.0891,0.012322427,0.002398213518,2.774279341e-07,5.138169269547084
2,2:105586309:G:T,105586309,T,G,0.27575,0.0132016,0.00263401,5.38963e-07,360942.8025,0.01309275833,0.002634130907,6.680522517e-07,4.970428119273421
2,2:108418049:A:G,108418049,G,A,0.0572047,0.0536324,0.00506683,3.52877e-26,361119.5165,0.05444739802,0.00506964828,6.613256732e-27,10.739876814491755
2,2:109039832:G:T,109039832,T,G,0.314844,0.0127475,0.00253488,4.93652e-07,360808.9809,0.01343565494,0.002535946886,1.170253144e-07,5.298082153917793
2,2:115399130:T:C,115399130,C,T,0.465619,-0.013799,0.00236166,5.13348e-09,360371.0413,-0.01444447252,0.002362296699,9.680636019e-10,6.114588623061018
2,2:116476472:A:C,116476472,C,A,0.0221774,-0.0546853,0.00800183,8.26559e-12,360165.2604,-0.06167414193,0.008033541899,1.6275610040000003e-14,7.677079762001004
2,2:116786240:A:G,116786240,G,A,0.0874483,0.0323384,0.00417101,8.98832e-15,360199.9881,0.03590018352,0.004187552664,1.0076192319999999e-17,8.573070335002717
2,2:117622192:T:A,117622192,A,T,0.0440717,0.0333159,0.00573703,6.35903e-09,360667.9117,0.03380639806,0.005737690302,3.815786424e-09,5.891987242360576
2,2:118830871:T:C,118830871,C,T,0.0608258,-0.0525654,0.00493642,1.78828e-26,359180.0513,-0.05270785036,0.004937412934,1.329767236e-26,10.67519591019891
2,2:126115147:A:G,126115147,G,A,0.0132912,-0.0614534,0.0102787,2.25131e-09,360939.8972,-0.06146782233,0.01027929726,2.234543708e-09,5.979768925371071
2,2:134640438:G:T,134640438,T,G,0.461744,-0.0115338,0.00236334,1.05974e-06,360276.7321,-0.01162371611,0.002363441611,8.73743112e-07,4.918131277667515
2,2:136949735:T:G,136949735,G,T,0.597998,0.0163618,0.00240537,1.03192e-11,359550.4759,0.01634884378,0.002405561189,1.073623518e-11,6.796270182092632
2,2:139498985:A:T,139498985,T,A,0.109656,-0.0322626,0.00377204,1.2031e-17,359978.3754,-0.03367592464,0.003776730503,4.804441566e-19,8.916687228079933
2,2:139931426:T:C,139931426,C,T,0.275989,0.0213597,0.00263309,4.99454e-16,360960.7346,0.02258273898,0.002636310104,1.0710427929999999e-17,8.566040446355624
2,2:141981114:G:C,141981114,C,G,0.450315,0.0157605,0.00236557,2.69739e-11,361037.3846,0.01569702679,0.002365757715,3.242939688e-11,6.635094832608417
2,2:143102471:T:A,143102471,A,T,0.0895072,-0.0203631,0.00412636,8.02344e-07,360420.4418,-0.02125936429,0.004127923857,2.602993138e-07,5.15013479571554
2,2:143383343:A:C,143383343,C,A,0.0338633,-0.0370269,0.00650886,1.28117e-08,360820.1697,-0.03766623171,0.006511386148,7.265404569e-09,5.784671781686506
2,2:148166450:T:C,148166450,C,T,0.262516,0.022363,0.00267727,6.68425e-17,360355.0998,0.02238075803,0.002677530789,6.339679811e-17,8.358730410102485
2,2:150179990:G:C,150179990,C,G,0.162231,0.0158979,0.00319355,6.42293e-07,360804.607,0.01583434518,0.003193668688,7.120697833e-07,4.958042529425958
2,2:155580267:T:A,155580267,A,T,0.0195399,0.0771779,0.00849987,1.09204e-19,361269.7063,0.07937269262,0.008502938063,1.0124205380000001e-20,9.334737243986908
2,2:156203680:G:A,156203680,A,G,0.16849,-0.0400816,0.00314328,3.1137399999999997e-37,361163.8263,-0.04068314327,0.003144761663,2.790217723e-38,12.93679700711869
2,2:159145758:C:A,159145758,A,C,0.145953,0.0219932,0.00333756,4.41629e-11,360165.54,0.02187074922,0.003337767024,5.657822213e-11,6.552509226300032
2,2:164079277:A:G,164079277,G,A,0.032666,-0.0460917,0.00662958,3.59626e-12,360084.7598,-0.04582142031,0.006630037102,4.806180223e-12,6.91118610726592
2,2:172838578:T:A,172838578,A,T,0.316857,-0.018051,0.00252951,9.61498e-13,361075.8949,-0.01807331956,0.002529694985,9.034647942e-13,7.144465900895953
2,2:178877742:G:A,178877742,A,G,0.138761,0.0268069,0.00340772,3.65639e-15,360341.253,0.02566205641,0.003412792667,5.504012348000001e-14,7.5193716448523995
2,2:179208369:G:A,179208369,A,G,0.473584,0.0149786,0.00235934,2.17484e-10,360372.5822,0.01406499497,0.002362780252,2.63704731e-09,5.952730880535563
2,2:182169373:C:G,182169373,G,C,0.102181,-0.020711,0.00389058,1.01919e-07,360151.8627,-0.02044028526,0.003890762033,1.492009003e-07,5.2535429015275374
2,2:183613020:T:A,183613020,A,T,0.678491,0.030813,0.00252301,2.698e-34,360041.3913,0.03062756219,0.002523587535,6.7644908259999995e-34,12.136516671295098
2,2:186463108:G:A,186463108,A,G,0.543275,-0.01468,0.00238045,6.97097e-10,355687.355,-0.01454931905,0.00238061296,9.864628371e-10,6.11158524903603
2,2:191603754:C:T,191603754,T,C,0.329826,0.0270896,0.0025045,2.9063699999999997e-27,360621.8754,0.02701791922,0.002504915026,4.010236028e-27,10.785962373799103
2,2:194874816:G:C,194874816,C,G,0.754997,0.0143958,0.00274344,1.54374e-07,359225.064,0.01442597927,0.002743543572,1.45507303e-07,5.258155699522456
2,2:207592188:G:T,207592188,T,G,0.0944241,0.02601,0.00403006,1.09086e-10,360102.809,0.02603521043,0.004030288377,1.047806892e-10,6.45988772877331
2,2:216745495:G:T,216745495,T,G,0.225549,-0.0264127,0.00281621,6.70824e-21,360941.4217,-0.02644222382,0.002816579581,6.111433485e-21,9.388062030404956
2,2:218169576:A:G,218169576,G,A,0.0770332,-0.025834,0.00442182,5.14987e-09,359749.4473,-0.02592402208,0.004422039315,4.560635513e-09,5.862458524975824
2,2:222322125:T:G,222322125,G,T,0.36469,-0.0127153,0.00244942,2.09115e-07,359781.5465,-0.01274550336,0.002449602955,1.960024383e-07,5.203089477821111
2,2:223391969:T:G,223391969,G,T,0.200363,-0.0161651,0.00294462,4.02853e-08,359999.7508,-0.01635223737,0.002944903624,2.812517764e-08,5.552724115225579
2,2:223787922:G:T,223787922,T,G,0.32075,0.0132768,0.00252534,1.46151e-07,359946.6209,0.01324589346,0.002525457527,1.563263942e-07,5.2449480216500985
2,2:225987936:A:C,225987936,C,A,0.255939,0.0133455,0.00269922,7.6482e-07,360459.4762,0.01330094592,0.002699350408,8.330471979e-07,4.927461762867209
2,2:232045199:G:C,232045199,C,G,0.561522,0.014604,0.00236943,7.12226e-10,361792.4682,0.01519021993,0.002370185205,1.465976344e-10,6.408874672728371
2,2:232721678:A:G,232721678,G,A,0.491663,-0.0247009,0.00235409,9.40664e-26,361002.0511,-0.02497264585,0.002355089728,2.864442633e-26,10.603691890417858
2,2:239762968:G:A,239762968,A,G,0.213655,0.017814,0.00287595,5.86679e-10,359892.1116,0.01779975362,0.002876107657,6.06107679e-10,6.188834265879499
2,2:240855598:T:G,240855598,G,T,0.221288,-0.0290085,0.00283651,1.51552e-24,360643.5561,-0.02892376277,0.002836929037,2.0778409110000002e-24,10.19544810348388
18,18:22400671:A:G,22400671,G,A,0.312867,0.0144349,0.00254099,1.34156e-08,360564.2615,0.01436531784,0.002541140515,1.575808668e-08,5.653098581209312
18,18:24738422:G:C,24738422,C,G,0.255144,-0.0118943,0.00270827,1.1243e-05,359056.754,-0.01353661725,0.002727153654,6.918304703e-07,4.963643038647796
18,18:24942668:G:A,24942668,A,G,0.464581,0.0127446,0.00236054,6.7052e-08,361089.6269,0.0142229875,0.002377024751,2.183592374e-09,5.983525200575413
18,18:27130234:A:G,27130234,G,A,0.0864536,0.057104,0.00419163,2.9809299999999996e-42,360516.321,0.0570660883,0.004192802097,3.469131667e-42,13.610489352891582
18,18:28345569:A:G,28345569,G,A,0.491995,-0.0201896,0.00245751,2.12013e-16,331528.1868,-0.02049286405,0.00245782719,7.568739387e-17,8.33779695064729
18,18:30479566:T:C,30479566,C,T,0.100137,0.0391605,0.00392516,1.9391e-23,360431.2227,0.03918725776,0.003925785718,1.8271515039999998e-23,9.982016486616603
18,18:32784633:A:G,32784633,G,A,0.261825,0.052574,0.00267774,8.84429e-86,360792.0805,0.0517395459,0.002683222365,7.517700431e-83,19.282615773814186
18,18:33765212:C:A,33765212,A,C,0.288547,-0.0172904,0.00259796,2.82957e-11,361199.4396,-0.01444709592,0.002602082451,2.822121462e-08,5.552128417163673
18,18:36521364:A:G,36521364,G,A,0.373501,-0.019211,0.00243788,3.27683e-15,359845.6745,-0.0189342457,0.002438147139,8.110979015000001e-15,7.7658338978532
18,18:39425245:T:G,39425245,G,T,0.14952,0.0178039,0.0033025,7.0103e-08,360864.3668,0.01772675376,0.003302696069,7.989815394e-08,5.367358482177065
18,18:41889031:A:G,41889031,G,A,0.3336,-0.0124279,0.00250096,6.7246e-07,359934.6933,-0.01236113232,0.002501078479,7.719803125e-07,4.942320852299813
18,18:44669290:G:C,44669290,C,G,0.671933,-0.0133342,0.00250918,1.07216e-07,360613.4006,-0.01340450699,0.002509301784,9.196368439e-08,5.3419270155032095
18,18:48515778:C:A,48515778,A,C,0.211282,0.013491,0.00288768,2.98512e-06,360179.7775,0.01419626636,0.002889738458,8.985474624e-07,4.912647482231072
18,18:48590355:C:G,48590355,G,C,0.261489,-0.0132036,0.00268138,8.47518e-07,360472.1251,-0.01390218587,0.002683327173,2.207578042e-07,5.18095072784477
18,18:51517420:T:A,51517420,A,T,0.0938123,-0.0427429,0.0040405,3.77799e-26,360533.0417,-0.04282763353,0.004041565657,3.083750072e-26,10.59679271962895
18,18:52522800:G:T,52522800,T,G,0.0299426,-0.0354493,0.00692722,3.09944e-07,359080.1959,-0.03491091448,0.006928742707,4.690372634e-07,5.038564131516971
18,18:52851517:A:C,52851517,C,A,0.0885957,0.0276793,0.00415877,2.82452e-11,358361.0726,0.02804465244,0.004159248368,1.554472464e-11,6.742721270450469
18,18:55088159:C:A,55088159,A,C,0.0842462,0.0266768,0.00424632,3.33897e-10,359770.7872,0.02727742891,0.004247062501,1.339153501e-10,6.422657755466829
18,18:61960274:A:T,61960274,T,A,0.248911,0.0157855,0.00272599,7.01306e-09,360249.6712,0.01587351967,0.002726126321,5.789122841e-09,5.822738127621783
18,18:75385599:G:T,75385599,T,G,0.375726,0.0200555,0.00243272,1.66996e-16,360508.4161,0.02007090568,0.002432955366,1.5892716459999999e-16,8.249598805011535
18,18:77347511:C:G,77347511,G,C,0.246529,-0.0228616,0.00273115,5.74967e-17,361175.3594,-0.02284297495,0.002731434331,6.114518060999999e-17,8.362996207064954
18,18:78351897:C:G,78351897,G,C,0.605405,0.0174764,0.00240862,4.00172e-13,361102.5463,0.01737290019,0.002408810235,5.504176434e-13,7.212232801725869
