Chr,SNP,bp,A1,A2,freq,b,se,p,n,bJ,bJ_se,pJ,z
16,16:46416426:A:G,46416426,G,A,0.0909667,-0.0301744,0.00411704,2.32077e-13,357049.1305,-0.03396029612,0.004135783861,2.1874734409999997e-16,8.211332424849848
16,16:47649048:C:T,47649048,T,C,0.258519,-0.0245705,0.00269601,8.003009999999999e-20,359161.517,-0.02665396091,0.002708438395,7.490185120999999e-23,9.841080734642297
16,16:49465901:G:T,49465901,T,G,0.355488,0.0168429,0.0024665,8.58514e-12,359046.8488,0.01682045745,0.00246672689,9.171604017e-12,6.81893788817456
16,16:49923690:C:A,49923690,A,C,0.381394,-0.0151833,0.00244651,5.43734e-10,354402.3204,-0.01515306785,0.002446747008,5.897407456e-10,6.193148617513299
16,16:50260445:C:T,50260445,T,C,0.0927134,-0.0296583,0.00410482,5.0117e-13,353090.7065,-0.02992973966,0.004105227537,3.084840635e-13,7.290640869536776
16,16:51813693:G:A,51813693,A,G,0.43649,0.0165835,0.00237401,2.84517e-12,361015.621,0.01664932792,0.002374211542,2.339774103e-12,7.012571384424681
16,16:52052419:C:T,52052419,T,C,0.434366,-0.0126702,0.0023806,1.02545e-07,359440.738,-0.01278039552,0.002380855487,7.962136234e-08,5.367984571001389
16,16:52911884:C:A,52911884,A,C,0.638256,0.0131401,0.00245538,8.72665e-08,359548.4723,0.0132928968,0.00245564584,6.1909017e-08,5.413197857554247
16,16:56291366:A:C,56291366,C,A,0.773741,0.0167545,0.0028113,2.52918e-09,361715.5681,0.01660439887,0.002811483164,3.506809346e-09,5.905921501723067
16,16:57051159:C:G,57051159,G,C,0.247992,0.0224233,0.0027281,2.05217e-16,360548.4514,0.02216425085,0.002728473802,4.536217718999999e-16,8.123314518817578
16,16:58597913:A:T,58597913,T,A,0.13837,0.0207774,0.00341262,1.14165e-09,360447.8424,0.02099615433,0.003412893203,7.650688056e-10,6.152010356358051
16,16:58863971:T:C,58863971,C,T,0.233421,-0.0338364,0.00278336,5.369370000000001e-34,360921.1283,-0.03366699224,0.002783967289,1.147699773e-33,12.093170912253488
16,16:60713900:G:A,60713900,A,G,0.15764,0.0224625,0.0032295,3.52154e-12,361353.9654,0.02227622741,0.003230788013,5.387136365e-12,6.89498268545173
16,16:61361962:C:T,61361962,T,C,0.382819,-0.0130231,0.0024258,7.94115e-08,359977.1401,-0.0127296329,0.002430091451,1.620318214e-07,5.238334917297728
16,16:61773561:A:G,61773561,G,A,0.135703,0.0249116,0.00344332,4.67253e-13,359878.0211,0.02353787088,0.003449455268,8.875679e-12,6.823648678200514
16,16:62606011:T:G,62606011,G,T,0.160632,0.0166833,0.00320326,1.90768e-07,361763.1142,0.01662269326,0.003203463522,2.114543783e-07,5.188975353033535
16,16:66923145:C:T,66923145,T,C,0.161494,-0.0707738,0.00338436,4.75389e-97,322271.0167,-0.07168307514,0.003390055996,3.061363289e-99,21.145100619158033
16,16:68759435:G:C,68759435,C,G,0.266027,-0.0140176,0.00303297,3.80673e-06,278644.6694,-0.01770988879,0.003037894172,5.554056888e-09,5.829659556027484
16,16:68940319:A:C,68940319,C,A,0.624985,0.0169636,0.00245286,4.65805e-12,354897.9129,0.01799335642,0.002455079146,2.318190588e-13,7.32903313903999
16,16:69342786:C:T,69342786,T,C,0.0497655,-0.0268069,0.00544959,8.69932e-07,356376.788,-0.02875230454,0.005451058496,1.330258096e-07,5.2746277738715355
16,16:77236880:A:C,77236880,C,A,0.0243819,-0.0637872,0.00763286,6.45974e-17,361093.5484,-0.06289593142,0.007633748609,1.733754457e-16,8.239193434513583
16,16:78347253:G:T,78347253,T,G,0.0111851,0.0595884,0.0111839,9.93256e-08,361784.705,0.05931818013,0.01118447347,1.135294629e-07,5.303618475121655
16,16:79069592:G:A,79069592,A,G,0.166332,-0.0243709,0.00316151,1.27476e-14,361073.9664,-0.02433351516,0.003161815567,1.403284219e-14,7.696057737829462
16,16:79462084:A:T,79462084,T,A,0.021553,-0.0468919,0.00811277,7.4756e-09,360580.3929,-0.04654738841,0.008113231054,9.624342078e-09,5.737219623130433
16,16:81101937:A:T,81101937,T,A,0.152883,0.0351925,0.00327401,6.04245e-27,360432.4739,0.03511805257,0.003274584119,7.81663847e-27,10.724431345719845
16,16:85266907:C:A,85266907,A,C,0.361471,-0.0310819,0.00244936,6.8602999999999995e-37,361304.0709,-0.03099812044,0.002449927141,1.081359127e-36,12.652670326900957
16,16:85833122:T:G,85833122,G,T,0.433025,0.036483,0.0023775,3.9709e-53,360432.6633,0.03642170516,0.00237829381,6.144832658e-53,15.314216017742568
16,16:86564332:C:T,86564332,T,C,0.396507,0.0131866,0.00240843,4.37322e-08,360577.3556,0.01322866307,0.002408563019,3.96627864e-08,5.492346667139457
11,11:7607810:G:C,7607810,C,G,0.0661214,0.0619835,0.00473471,3.76879e-39,361296.4355,0.06196287393,0.004735858651,4.0771942729999997e-39,13.083767590258681
11,11:11210416:G:C,11210416,C,G,0.22345,0.0155034,0.00283323,4.45282e-08,359202.3991,0.0154230032,0.00283339369,5.230335045e-08,5.443296939085087
11,11:12234874:T:G,12234874,G,T,0.180864,0.0192911,0.00305958,2.88298e-10,360752.4114,0.01904338441,0.003059817512,4.85567001e-10,6.223699398841796
11,11:13248814:T:C,13248814,C,T,0.176338,-0.019649,0.00308701,1.95457e-10,361467.4379,-0.01981497767,0.003089128193,1.413563909e-10,6.414423886616609
11,11:13769454:G:C,13769454,C,G,0.0450262,-0.0272593,0.00567903,1.58739e-06,360791.302,-0.0278398291,0.00568245505,9.619789994e-07,4.899260769339477
11,11:14289626:A:T,14289626,T,A,0.0131649,0.0543439,0.010324,1.41167e-07,361324.5095,0.05338442857,0.01032767172,2.352653703e-07,5.169067144787209
11,11:15698996:T:G,15698996,G,T,0.214165,0.016631,0.00286797,6.68257e-09,361425.9989,0.01661657747,0.002868621881,6.933405572e-09,5.792529709146425
11,11:17276507:A:G,17276507,G,A,0.180281,-0.030755,0.00306356,1.035e-23,360661.5047,-0.03063372279,0.003064068982,1.559363134e-23,9.997726216334904
11,11:24065078:C:T,24065078,T,C,0.231488,-0.0251921,0.00279119,1.79628e-19,360938.2655,-0.02469167531,0.002792778343,9.464638516e-19,8.841258516591125
11,11:24361659:C:G,24361659,G,C,0.385822,0.0157311,0.00241626,7.4979e-11,361634.1162,0.01514733479,0.002417451721,3.708513673e-10,6.265827217320465
11,11:26025798:C:A,26025798,A,C,0.435897,-0.0122745,0.00237414,2.34095e-07,360995.4883,-0.01221134628,0.002374304342,2.702043355e-07,5.143125952300515
11,11:29415314:T:G,29415314,G,T,0.135534,0.0201994,0.00344115,4.36299e-09,360615.1732,0.01780731092,0.003468373477,2.833519538e-07,5.134196486649007
11,11:29432080:T:C,29432080,C,T,0.0876842,-0.0303411,0.0041648,3.22013e-13,360553.8244,-0.0272785924,0.004198135431,8.150976312e-11,6.497787612702673
11,11:30533441:C:A,30533441,A,C,0.296469,-0.0231769,0.00258064,2.69391e-19,360142.3881,-0.0259232766,0.002606427619,2.627795029e-23,9.945903124655311
11,11:30582367:G:A,30582367,A,G,0.275596,-0.0135917,0.00263866,2.5927e-07,359945.0824,-0.01699572393,0.002664667334,1.792065607e-10,6.37817851149445
11,11:31240699:A:G,31240699,G,A,0.384667,0.0281954,0.00275536,1.42296e-24,278338.9837,0.03707796488,0.003142543309,3.9632907019999997e-32,11.798712454912424
11,11:31747801:G:C,31747801,C,G,0.208592,-0.000874823,0.00323591,0.786893,289466.3634,-0.02207669019,0.003689788672,2.188152791e-09,5.983185529710467
11,11:32535767:A:G,32535767,G,A,0.0975305,-0.0254808,0.00397787,1.4991e-10,359223.8106,-0.02548832837,0.003978234721,1.484650022e-10,6.406944325193828
11,11:33854614:C:T,33854614,T,C,0.441236,-0.0119865,0.00236623,4.07146e-07,362447.2839,-0.01218922527,0.002367174294,2.614988667e-07,5.149272405033983
11,11:33942677:G:C,33942677,C,G,0.0825675,-0.0222439,0.00427711,1.98667e-07,361054.0673,-0.02324618453,0.004278850493,5.547326281e-08,5.432810650437465
11,11:36888956:G:A,36888956,A,G,0.34187,0.0198913,0.00248275,1.1339e-15,360722.2536,0.01963922282,0.002483024824,2.586438431e-15,7.909394473295044
11,11:37983761:A:G,37983761,G,A,0.185993,0.034656,0.00302883,2.60809e-30,360127.6629,0.03471498931,0.003029427603,2.11319956e-30,11.459256948613733
11,11:42106426:G:T,42106426,T,G,0.240839,0.0146883,0.00275266,9.50684e-08,361150.9671,0.01405782458,0.002752983254,3.283599949e-07,5.106396691507082
11,11:43830215:A:C,43830215,C,A,0.299501,0.0331267,0.00256631,4.12112e-38,361963.6531,0.03297528064,0.002567083654,9.124937360000001e-38,12.84542503654616
11,11:50049483:T:A,50049483,A,T,0.301851,-0.0167203,0.00295363,1.50679e-08,272135.5029,-0.01673663693,0.002953812328,1.460724918e-08,5.666113845943702
20,20:32349761:G:A,32349761,A,G,0.325177,0.0154502,0.00251771,8.43813e-10,359886.4305,0.01542062356,0.002517883435,9.10036578e-10,6.124439021141581
20,20:38360016:C:T,38360016,T,C,0.462106,0.0419574,0.00236472,2.08941e-70,359877.3488,0.04193465125,0.002365757454,2.656979234e-70,17.725676475877652
20,20:40955574:C:T,40955574,T,C,0.723384,-0.0126942,0.00263399,1.44074e-06,360603.2245,-0.0135611732,0.002636702882,2.700525737e-07,5.143231454927352
20,20:41166119:G:T,41166119,T,G,0.538245,0.0149892,0.00236355,2.27357e-10,360547.4064,0.01562948166,0.002366090063,3.958685983e-11,6.605615696717458
20,20:42453149:T:A,42453149,A,T,0.269171,-0.0182596,0.00265682,6.30948e-12,360501.2825,-0.01842589071,0.00265709645,4.073833641e-12,6.934596111481012
20,20:45345844:A:T,45345844,T,A,0.688573,-0.0152628,0.0025452,2.01567e-09,360361.6786,-0.01528966862,0.002545333764,1.890567883e-09,6.006940557757046
20,20:45964367:T:C,45964367,C,T,0.23286,-0.0176095,0.00279048,2.78368e-10,359879.0908,-0.01760045654,0.002790640842,2.845717233e-10,6.306958701065265
20,20:51772470:C:A,51772470,A,C,0.476098,-0.014337,0.00236087,1.25855e-09,360078.3261,-0.0143338882,0.002360993391,1.270165315e-09,6.071125931415197
20,20:56926807:T:G,56926807,G,T,0.421355,-0.0115453,0.00238391,1.27947e-06,361296.5002,-0.01169075813,0.002384017549,9.399761585e-07,4.903805399798254
20,20:58081755:C:G,58081755,G,C,0.0162768,-0.0570975,0.00930007,8.28803e-10,361470.0787,-0.05687462523,0.009300663342,9.648740136e-10,6.115114926605845
20,20:61640176:G:A,61640176,A,G,0.445513,0.0175232,0.00236883,1.39193e-13,361115.9498,0.01750980734,0.002369039835,1.456204258e-13,7.391098740220212
20,20:63843430:G:A,63843430,A,G,0.151497,0.0190135,0.00328275,6.9629e-09,361375.4668,0.01957181618,0.003283394322,2.509315034e-09,5.960848518516747
20,20:64096271:G:C,64096271,C,G,0.176822,-0.0549619,0.00308619,6.46106e-71,360807.0815,-0.05404203542,0.003091095712,1.926211018e-68,17.483132343719546
20,20:64174781:A:G,64174781,G,A,0.0219609,0.0562912,0.008039,2.52286e-12,360630.592,0.0502147258,0.008049908955,4.434140297e-10,6.237924687186726
15,15:20073706:T:A,20073706,A,T,0.0179347,0.0534418,0.00887113,1.70068e-09,360955.2887,0.05346897966,0.008871568582,1.67026833e-09,6.027004037198796
15,15:26920258:T:A,26920258,A,T,0.465154,0.0129647,0.00236274,4.08812e-08,360243.1808,0.01300757436,0.002362858346,3.691335363e-08,5.505016575377896
15,15:28320778:A:T,28320778,T,A,0.576689,0.0192798,0.00238318,5.98786e-16,360824.2881,0.02262726437,0.00242602179,1.090118985e-20,9.326900715924733
15,15:28363119:C:T,28363119,T,C,0.487597,0.0124761,0.0023537,1.15477e-07,361477.0936,0.01667486806,0.002395857834,3.405778022e-12,6.959873755180417
15,15:29361558:G:C,29361558,C,G,0.191624,0.0171222,0.00299415,1.07523e-08,360279.5454,0.01727255778,0.002994393221,8.007526986e-09,5.768299787371179
15,15:30694478:T:C,30694478,C,T,0.437656,0.0192365,0.00237317,5.25567e-16,360925.6413,0.01916859963,0.002373426606,6.673977002999999e-16,8.076339745051296
15,15:34570381:A:C,34570381,C,A,0.468341,0.0213226,0.0023606,1.68294e-19,360537.9783,0.02130845572,0.002360888077,1.786965153e-19,9.025610289445332
15,15:36656295:G:C,36656295,C,G,0.182155,-0.0292285,0.00304947,9.31904e-22,361092.2218,-0.02937734878,0.003049899813,5.844477066000001e-22,9.632234034305311
15,15:38613714:G:A,38613714,A,G,0.242164,0.0200515,0.00275268,3.23852e-13,359773.4656,0.01795372129,0.002760645942,7.849881602e-11,6.503449434371544
15,15:38717644:G:C,38717644,C,G,0.283715,0.0282828,0.00261249,2.61779e-27,360637.5124,0.0268551093,0.002620301367,1.197439766e-24,10.248862836241843
15,15:40836002:G:T,40836002,T,G,0.337079,0.0166128,0.00250572,3.36292e-11,356596.7444,0.01656990581,0.002505913774,3.78340942e-11,6.612320815632342
15,15:44474239:T:C,44474239,C,T,0.132927,0.0347874,0.00349403,2.38538e-23,355505.4445,0.03486520656,0.003494624391,1.925564144e-23,9.976810855493166
15,15:46999608:A:C,46999608,C,A,0.18947,-0.0208497,0.00300856,4.21194e-12,359918.8521,-0.02108002884,0.003008872271,2.453037837e-12,7.005956697854125
15,15:48119864:T:G,48119864,G,T,0.714461,0.0194978,0.0026063,7.39101e-14,361018.4128,0.01933567908,0.002606687966,1.191544844e-13,7.417719087287182
15,15:48276258:G:C,48276258,C,G,0.0223244,-0.0469772,0.00796842,3.7407e-09,361017.8103,-0.04768510581,0.007969335176,2.182939507e-09,5.983573881244921
15,15:51093846:G:T,51093846,T,G,0.0703627,-0.0238962,0.00460444,2.1062e-07,360784.0661,-0.02475460123,0.00460490582,7.628489038e-08,5.375701957352952
15,15:53722285:A:C,53722285,C,A,0.0625669,0.0305502,0.00486591,3.42445e-10,360270.634,0.03042699812,0.004866226034,4.034449747e-10,6.252689025829991
15,15:55983935:C:G,55983935,G,C,0.431111,-0.0120018,0.002377,4.44e-07,361063.6552,-0.01172584594,0.002377271107,8.119143987e-07,4.932481577499777
15,15:56586369:G:A,56586369,A,G,0.0409098,-0.0717386,0.0059465,1.66091e-33,360499.3532,-0.07147801341,0.005948232423,2.904022467e-33,12.01668131420291
15,15:58965243:G:A,58965243,A,G,0.0791185,-0.0300162,0.0043621,5.94725e-12,360877.1921,-0.03021689657,0.004362459488,4.311557201e-12,6.926573565466655
15,15:61079303:C:T,61079303,T,C,0.753338,-0.0186793,0.00273245,8.14965e-12,360609.0276,-0.01877610555,0.002732685306,6.378205436e-12,6.870935891803709
15,15:63509603:G:C,63509603,C,G,0.0778587,0.0444935,0.00439932,4.8376300000000006e-24,359989.9156,0.04482723664,0.004400059395,2.246299939e-24,10.187870802594016
15,15:67472914:G:C,67472914,C,G,0.488832,0.0238563,0.0023595,4.985670000000001e-24,359585.978,0.02354565267,0.002359894309,1.91381517e-23,9.977418302253298
15,15:68636858:G:A,68636858,A,G,0.34582,-0.0323849,0.00247902,5.4239899999999997e-39,359729.4828,-0.03161855827,0.002481925794,3.565543054e-37,12.739526035160743
15,15:68818911:C:T,68818911,T,C,0.375686,-0.0146139,0.00243106,1.84171e-09,360932.9432,-0.01335924645,0.002433453563,4.023207079e-08,5.4898300313281965
15,15:70228673:T:G,70228673,G,T,0.493266,0.0195761,0.00235448,9.2539e-17,361039.7806,0.02022124136,0.002356447648,9.385632869e-18,8.581239382577618
15,15:70382102:A:T,70382102,T,A,0.518161,-0.0191549,0.00235688,4.4071e-16,360718.4137,-0.01988911956,0.002358828243,3.404480955e-17,8.431779473144115
15,15:72561517:T:A,72561517,A,T,0.0436485,-0.0315397,0.00576976,4.59622e-08,360040.2368,-0.03154990422,0.005770178138,4.557784471e-08,5.467752202003161
15,15:73930325:C:T,73930325,T,C,0.328745,0.01753,0.00250421,2.56036e-12,361528.3819,0.0175166914,0.002504415928,2.665447613e-12,6.994321991071445
15,15:79025053:A:C,79025053,C,A,0.22911,-0.0216058,0.00280182,1.24818e-14,360828.603,-0.02177405384,0.002802123364,7.814294562000001e-15,7.770555043985566
15,15:81439969:A:G,81439969,G,A,0.298575,-0.0256539,0.00257699,2.41487e-23,359674.5032,-0.02153948522,0.002636675479,3.1048418059999997e-16,8.169183273236639
15,15:81445364:T:C,81445364,C,T,0.0930436,0.0343849,0.00404851,2.01712e-17,361692.4854,0.02671814307,0.004141135118,1.104646644e-10,6.451888747572133
15,15:81797763:T:A,81797763,A,T,0.124068,0.0253043,0.00357459,1.45538e-12,360285.1793,0.02397260136,0.003577232233,2.06377889e-11,6.701438374297463
15,15:89132029:T:G,89132029,G,T,0.477194,0.0139026,0.00235471,3.54705e-09,361690.5743,0.01379094776,0.002354828267,4.728492394e-09,5.856455841499375
15,15:93711104:T:A,93711104,A,T,0.0267197,-0.0534082,0.00729385,2.44146e-13,361611.2096,-0.0535071626,0.007294391877,2.210873087e-13,7.335383607331794
15,15:98436327:T:A,98436327,A,T,0.607428,0.0282913,0.00241179,9.02055e-32,360604.0868,0.02831728775,0.002412249295,8.047392013e-32,11.73895575747282
15,15:100937436:T:G,100937436,G,T,0.397012,-0.0326662,0.00240686,5.998289999999999e-42,360623.2346,-0.03270213175,0.002407472809,5.010656586e-42,13.583593396256713
5,5:7850726:C:G,7850726,G,C,0.457664,0.0188755,0.00235862,1.21991e-15,362308.9482,0.0189545297,0.002358843226,9.318357195e-16,8.035519059120379
5,5:9681582:A:T,9681582,T,A,0.857457,-0.0319408,0.00337079,2.6635099999999998e-21,360211.096,-0.03196661155,0.003371213216,2.489112612e-21,9.482227762481577
5,5:11918459:T:A,11918459,A,T,0.28551,-0.0209093,0.00260762,1.0731e-15,360664.5569,-0.02087489664,0.002607876874,1.198984241e-15,8.004556061721495
5,5:16195787:G:C,16195787,C,G,0.19378,0.0318998,0.00298267,1.08346e-26,359895.1801,0.03197108289,0.002983183764,8.461356855e-27,10.717101398785973
5,5:17144418:G:T,17144418,T,G,0.0119759,0.0950866,0.0108367,1.7244e-18,360018.0729,0.09494737759,0.01083801817,1.942399637e-18,8.760584832088357
5,5:22282154:T:G,22282154,G,T,0.00680513,-0.0807179,0.0143201,1.73488e-08,360982.1672,-0.07823618542,0.01432532017,4.724162697e-08,5.461391751916426
5,5:22839172:C:T,22839172,T,C,0.219611,0.0372213,0.00284231,3.56772e-39,361220.7723,0.03642271294,0.002844931096,1.584102417e-37,12.802669629226058
5,5:23366700:C:T,23366700,T,C,0.453942,-0.0190134,0.00236537,9.14168e-16,360721.3709,-0.01836858268,0.002366742847,8.418053094e-15,7.761123141571281
5,5:23769462:A:C,23769462,C,A,0.0932254,0.0195279,0.00405329,1.45204e-06,360255.0123,0.02075853743,0.004054247592,3.052202112e-07,5.120194797910607
5,5:28059371:A:T,28059371,T,A,0.240777,-0.0139754,0.00275514,3.92868e-07,360565.5901,-0.01368125273,0.002755492828,6.86714213e-07,4.96508377411752
5,5:28345889:T:G,28345889,G,T,0.0115583,-0.0626735,0.0110166,1.27867e-08,360834.3147,-0.06199791373,0.01101787763,1.833402245e-08,5.627028708431934
5,5:30517278:C:G,30517278,G,C,0.538191,0.0138472,0.00236391,4.6958e-09,360234.1689,0.01421325153,0.002364237747,1.835095327e-09,6.011769141252951
5,5:31038958:C:G,31038958,G,C,0.0155498,-0.0619405,0.00951544,7.55107e-11,360960.4988,-0.06244085448,0.009516581419,5.335163158e-11,6.561269402407033
5,5:35790090:A:T,35790090,T,A,0.370891,0.0207639,0.00244037,1.7687e-17,360011.2713,0.02057591935,0.002440725853,3.449393292e-17,8.430245996169239
5,5:37581548:C:T,37581548,T,C,0.118085,0.0338705,0.00365295,1.83474e-20,359976.6593,0.03362779509,0.003653568232,3.44557133e-20,9.204096640503087
5,5:42414509:G:A,42414509,A,G,0.367642,-0.0177382,0.00245049,4.54111e-13,358368.2073,-0.01269877575,0.002481311148,3.091719423e-07,5.117768386377313
5,5:42492991:A:C,42492991,C,A,0.337536,0.0344241,0.00250107,4.31943e-43,357538.5321,0.03090446706,0.002535442499,3.558316204e-34,12.188983608261273
5,5:43194460:C:T,43194460,T,C,0.726946,-0.0353114,0.00268572,1.7885099999999998e-39,349301.114,-0.03399399023,0.002689957681,1.313753378e-36,12.637369899946764
5,5:45119097:A:C,45119097,C,A,0.2996,-0.0239047,0.00306361,6.07197e-15,253996.9379,-0.02495985588,0.003064646639,3.8101534889999995e-16,8.144448225242845
18,18:697676:C:A,697676,A,C,0.323438,-0.0173207,0.00252147,6.46172e-12,359993.6243,-0.01509048476,0.00256174318,3.845411436e-09,5.890709450429765
18,18:747146:G:A,747146,A,G,0.0536225,-0.0322994,0.00523207,6.69288e-10,360540.0587,-0.02685127524,0.005315518959,4.383836405e-07,5.051487060268427
18,18:2003791:A:C,2003791,C,A,0.628661,0.0162669,0.00244333,2.78606e-11,359379.3264,0.01612644196,0.002443520301,4.120576838e-11,6.599675866576728
18,18:3586567:G:C,3586567,C,G,0.242134,0.0141383,0.00274972,2.72378e-07,360994.873,0.01432538427,0.002749856152,1.893469983e-07,5.2095031442211965
18,18:5402833:T:C,5402833,C,T,0.773708,0.0451533,0.0028274,2.16739e-57,357624.7726,0.04514746849,0.002828447046,2.353469301e-57,15.961928137861982
18,18:6274397:G:T,6274397,T,G,0.44147,0.017093,0.00237339,5.94788e-13,360586.6145,0.01685602834,0.00237360985,1.23470989e-12,7.101431745406685
18,18:8671132:C:G,8671132,G,C,0.0177169,0.046688,0.00892227,1.67101e-07,361534.6789,0.04671769979,0.00892275404,1.642773254e-07,5.235793744909728
13,13:19340633:T:C,19340633,C,T,0.661404,0.0169328,0.00275205,7.62009e-10,294986.783,0.0169053067,0.002752235255,8.128815385e-10,6.14239159580855
13,13:22599106:C:G,22599106,G,C,0.542942,0.0125282,0.00236499,1.17562e-07,360497.391,0.01254576915,0.002365086238,1.129379457e-07,5.30457154095537
13,13:23833383:C:A,23833383,A,C,0.274848,-0.0179089,0.0026369,1.11024e-11,361039.6234,-0.01784801133,0.002637095787,1.305244579e-11,6.768055759667405
13,13:24849404:C:G,24849404,G,C,0.0592483,0.0374693,0.0049934,6.21461e-14,360004.3625,0.03733114401,0.004993882913,7.69844113e-14,7.475374304996245
13,13:26796172:T:C,26796172,C,T,0.617083,-0.0135806,0.00242317,2.09044e-08,360633.0128,-0.01350290321,0.002423338359,2.517945096e-08,5.5720255324031704
13,13:27203241:C:G,27203241,G,C,0.642523,0.0195217,0.00245707,1.94575e-15,360804.116,0.01936166108,0.002457368813,3.299554066e-15,7.879021243198303
13,13:27602693:T:C,27602693,C,T,0.345569,0.0125781,0.00247969,3.92915e-07,359827.8964,0.01262510152,0.002479825156,3.559439968e-07,5.09112567450703
13,13:32818732:G:T,32818732,T,G,0.0145578,-0.072591,0.00983765,1.5995e-13,360366.1995,-0.07613650008,0.009847698096,1.06369621e-14,7.731400712916413
13,13:32975377:C:T,32975377,T,C,0.193071,-0.0199408,0.00298214,2.28532e-11,361124.6262,-0.02102639112,0.002985189088,1.873745288e-12,7.043570943134842
13,13:35168686:T:A,35168686,A,T,0.169498,-0.0158361,0.00314389,4.72897e-07,359624.0436,-0.01574646796,0.003144083549,5.491704074e-07,5.0082854716148635
13,13:35973144:A:C,35973144,C,A,0.0721663,-0.0229206,0.00455093,4.74444e-07,360814.4129,-0.02270008248,0.004551165302,6.108600689e-07,4.9877517017508675
13,13:38390967:G:A,38390967,A,G,0.202894,0.0158759,0.00293103,6.08194e-08,360129.0162,0.01548271826,0.002931460279,1.28080193e-07,5.2815719083465025
13,13:39017209:A:G,39017209,G,A,0.460243,0.0191233,0.00236486,6.1626e-16,360117.3986,0.01893980865,0.002365883864,1.190945263e-15,8.005383923612575
13,13:39290680:C:A,39290680,A,C,0.421588,-0.013174,0.00238765,3.44001e-08,359928.0611,-0.01245050385,0.002388943702,1.870985588e-07,5.211719237911116
13,13:39811236:G:C,39811236,C,G,0.493515,0.0117924,0.00236033,5.8542e-07,359316.1517,0.01187969307,0.002360815054,4.853123332e-07,5.032030378606693
13,13:40938132:C:T,40938132,T,C,0.865628,-0.0216535,0.00344929,3.44088e-10,361553.4144,-0.02689899126,0.003459465349,7.516397820000001e-15,7.77547642377036
13,13:41013014:G:A,41013014,A,G,0.504782,-0.0456136,0.00235683,2.08815e-83,360006.9445,-0.04719933769,0.002364906685,1.2715101089999998e-88,19.958224140247633
13,13:44499429:G:T,44499429,T,G,0.713924,-0.0143585,0.00260832,3.69672e-08,360103.7203,-0.01471229073,0.002608549574,1.700232382e-08,5.640027269038975
13,13:47189673:T:C,47189673,C,T,0.196196,0.0170349,0.00296576,9.26241e-09,360717.5419,0.01746879671,0.002965992522,3.869047749e-09,5.889696814953737
13,13:49819109:G:C,49819109,C,G,0.67708,-0.0184465,0.0025191,2.43605e-13,360602.7065,-0.01852473159,0.00251934813,1.938272063e-13,7.3529860242061895
13,13:51253556:A:C,51253556,C,A,0.0538916,-0.0268333,0.00521189,2.62748e-07,361272.5611,-0.02775691335,0.005215513053,1.026376708e-07,5.321990965785049
13,13:51433743:G:A,51433743,A,G,0.148574,-0.0194838,0.00331407,4.12857e-09,360134.3484,-0.01981396591,0.003316521127,2.31048714e-09,5.974322234432128
13,13:53089082:C:G,53089082,G,C,0.872402,-0.0272121,0.00354863,1.74663e-14,356915.8287,-0.02635914054,0.003549887049,1.124852507e-13,7.425346264869285
13,13:53968977:C:G,53968977,G,C,0.121269,0.0257712,0.00360375,8.61697e-13,361528.7294,0.02539462414,0.00360466819,1.855588089e-12,7.044926967327886
13,13:57218486:C:T,57218486,T,C,0.0338522,-0.033278,0.0065151,3.26044e-07,360425.2653,-0.03458371766,0.006517741933,1.120023928e-07,5.306088828847161
13,13:58531984:A:C,58531984,C,A,0.225202,-0.016539,0.0028232,4.68214e-09,359777.3795,-0.01689027949,0.002824370811,2.228748776e-09,5.980191915387983
13,13:61306264:G:C,61306264,C,G,0.791477,-0.0280579,0.00289876,3.71668e-22,360736.2115,-0.02800181174,0.002899263721,4.535483498e-22,9.65824927797246
13,13:61789742:T:C,61789742,C,T,0.737917,0.0144533,0.00268022,6.95023e-08,360161.2498,0.01428355645,0.002680396249,9.881082415e-08,5.328897343192782
13,13:64410091:G:T,64410091,T,G,0.362223,0.0163324,0.00245125,2.68835e-11,360450.5783,0.01636539859,0.002451481106,2.460232529e-11,6.675718833788148
13,13:66420953:G:C,66420953,C,G,0.41507,-0.0185358,0.00239321,9.57092e-15,359799.0759,-0.01863208131,0.002393497646,7.0012832080000004e-15,7.784457754173199
13,13:68217277:C:T,68217277,T,C,0.058112,-0.0285881,0.0050376,1.38839e-08,360220.1727,-0.0285039518,0.005037948175,1.532815889e-08,5.657849348559446
13,13:74449665:G:T,74449665,T,G,0.195692,0.0192817,0.00296403,7.76695e-11,361832.7371,0.01934081185,0.002964209368,6.810174719e-11,6.524779274633208
13,13:79240909:T:A,79240909,A,T,0.24485,0.0134075,0.0027407,9.98606e-07,360274.9947,0.01357389277,0.002740816816,7.326640108e-07,4.95249908376219
13,13:80852081:G:A,80852081,A,G,0.302422,0.0229853,0.00256668,3.40499e-19,359975.5059,0.02306050306,0.002566990797,2.6234206e-19,8.98347710749506
13,13:88682774:C:A,88682774,A,C,0.252506,0.032133,0.002733,6.55801e-32,354806.4213,0.02917884616,0.002755559656,3.348608653e-26,10.589081639537548
13,13:89320056:G:A,89320056,A,G,0.283887,-0.0252229,0.00263033,8.92447e-22,355680.0569,-0.02172628281,0.002651849915,2.550526797e-16,8.19287799324797
13,13:91232878:G:A,91232878,A,G,0.175223,-0.0204389,0.00309543,4.03702e-11,361324.384,-0.02034635221,0.003095674715,4.94741508e-11,6.572509737994227
13,13:93674300:C:A,93674300,A,C,0.384873,-0.0129827,0.00242445,8.56536e-08,359563.8091,-0.01245050655,0.002425392184,2.845553036e-07,5.133399304299894
13,13:94271087:G:C,94271087,C,G,0.18834,0.0232405,0.00301589,1.30144e-14,359832.1258,0.02259304429,0.003017242621,6.994311422e-14,7.487977311719143
13,13:99022051:C:A,99022051,A,C,0.363005,-0.0145589,0.00244843,2.74703e-09,360954.7374,-0.0137615743,0.002451166611,1.973643944e-08,5.614295755434472
13,13:99433288:A:C,99433288,C,A,0.169508,0.0172182,0.00314214,4.26177e-08,360003.203,0.01663655818,0.003145647006,1.231513165e-07,5.288755587727252
13,13:103181174:C:T,103181174,T,C,0.318209,-0.0132235,0.00253215,1.76869e-07,359702.7831,-0.01312103134,0.002532274936,2.200858668e-07,5.181519255064017
13,13:104731934:G:T,104731934,T,G,0.573418,-0.0247467,0.00238276,2.90332e-25,360209.2198,-0.02452498311,0.002383161933,7.741462557e-25,10.290942789241003
13,13:105328874:C:A,105328874,A,C,0.198893,0.0177158,0.00295337,1.99327e-09,360022.9262,0.01766708081,0.002953551852,2.209034925e-09,5.981638953802935
13,13:106687232:T:C,106687232,C,T,0.0609978,-0.113307,0.00491626,1.90311e-117,360935.9648,-0.1132140273,0.004919915982,3.5863214110000006e-117,23.01137411984366
13,13:110666008:G:T,110666008,T,G,0.0993105,-0.0222795,0.00393662,1.51883e-08,360963.6812,-0.02225621373,0.003936834452,1.573712162e-08,5.653327311920201
21,21:15365355:T:G,15365355,G,T,0.295931,-0.0123102,0.00258048,1.83845e-06,360757.9731,-0.01280334346,0.002581770179,7.080823003e-07,4.959133684377412
21,21:15535823:C:T,15535823,T,C,0.382903,0.0171085,0.002626,7.27535e-11,307155.6899,0.01756130652,0.002627415272,2.327105962e-11,6.683871676909398
21,21:16728968:T:G,16728968,G,T,0.925176,-0.0233975,0.0044773,1.73489e-07,360677.8416,-0.02311848118,0.004477623836,2.428754512e-07,5.163113746654622
21,21:17149833:G:A,17149833,A,G,0.230553,-0.016608,0.00279676,2.88223e-09,360701.2686,-0.01661483449,0.002797065341,2.848565519e-09,5.940095229974108
21,21:17772128:A:C,17772128,C,A,0.385604,-0.0129971,0.00242197,8.0409e-08,360153.6846,-0.01311744515,0.002422147151,6.107435342e-08,5.415626851813843
21,21:30110431:C:G,30110431,G,C,0.539374,-0.0157268,0.00236281,2.81814e-11,360828.3379,-0.01569176191,0.002363366948,3.145800428e-11,6.63957914926379
21,21:30553815:G:A,30553815,A,G,0.0482394,0.0301768,0.00550145,4.13172e-08,360188.4466,0.03076655712,0.005502568539,2.253650208e-08,5.591308295742065
21,21:32800237:T:C,32800237,C,T,0.157281,-0.0168527,0.00323066,1.82436e-07,361806.0218,-0.0166510525,0.003230802759,2.552006529e-07,5.153843716895254
21,21:37525172:C:T,37525172,T,C,0.67963,-0.0309455,0.00252527,1.61769e-34,360353.7527,-0.03133043701,0.002525949672,2.503757921e-35,12.403428839970964
21,21:37794816:A:G,37794816,G,A,0.230997,-0.0533829,0.00279388,2.41966e-81,360629.0504,-0.05365678585,0.002795440419,4.122601004e-82,19.194394373532884
21,21:46320536:A:C,46320536,C,A,0.235643,-0.0146398,0.00277651,1.34485e-07,360468.4388,-0.01483251401,0.002776627694,9.196888929e-08,5.341916758250125
7,7:1962385:G:T,1962385,T,G,0.865707,0.0212751,0.00345677,7.5335e-10,360234.9636,0.02124417082,0.003456989447,7.98221849e-10,6.145280784248804
7,7:4860747:T:A,4860747,A,T,0.645635,0.0160425,0.00246238,7.27576e-11,360742.7942,0.01615994907,0.002462553045,5.299314332e-11,6.5622745072685325
7,7:8889312:C:A,8889312,A,C,0.293873,0.0130092,0.0025891,5.04785e-07,359771.016,0.01303239661,0.002589213078,4.820004697e-07,5.033342647900838
7,7:9616711:A:G,9616711,G,A,0.166565,-0.0202683,0.00315835,1.38827e-10,361385.9905,-0.02008691512,0.003158598559,2.024918179e-10,6.359439081856429
7,7:11785791:A:G,11785791,G,A,0.129895,-0.0269617,0.00350366,1.4154e-14,360676.2048,-0.02630924799,0.003504739421,6.06073365e-14,7.506762937169588
7,7:11839150:T:C,11839150,C,T,0.348454,0.0195215,0.0024741,3.02183e-15,360078.0779,0.01928501221,0.002474874053,6.578951256e-15,7.792320658347458
7,7:12938422:C:A,12938422,A,C,0.224397,-0.0380013,0.00282375,2.83579e-41,360470.4235,-0.0380771002,0.002824484489,2.021274233e-41,13.481079591087108
7,7:16576694:T:C,16576694,C,T,0.348428,0.0124644,0.00247251,4.62891e-07,360590.7793,0.01255089008,0.002472619382,3.855665463e-07,5.07594908111094
7,7:25555043:G:T,25555043,T,G,0.0517301,0.0277125,0.00531178,1.81766e-07,361583.5483,0.0279448714,0.005312113679,1.435910606e-07,5.260593633466932
7,7:26194666:T:G,26194666,G,T,0.0386595,0.0357867,0.00611902,4.96611e-09,359631.9614,0.03596569491,0.006119489965,4.171698968e-09,5.8772373377035185
7,7:30482602:G:C,30482602,C,G,0.485684,0.0130354,0.00235674,3.18397e-08,360705.5192,0.01231861796,0.002360849857,1.8098815e-07,5.21787436989052
7,7:30602270:G:A,30602270,A,G,0.0846597,0.0229055,0.00422467,5.90272e-08,361840.0403,0.021609567,0.004232012102,3.286743495e-07,5.106215785580473
7,7:32586128:T:A,32586128,A,T,0.432828,0.0206771,0.00237797,3.47423e-18,360464.7837,0.02068618413,0.002378229132,3.373504328e-18,8.698145965693268
7,7:36650098:T:A,36650098,A,T,0.0306945,0.0540089,0.00682815,2.58634e-15,360739.8643,0.05429087383,0.006828844377,1.861676727e-15,7.950228593999778
7,7:38602066:A:G,38602066,G,A,0.796552,-0.0175399,0.00293107,2.1774e-09,359445.9546,-0.01811447295,0.002932042976,6.487506372e-10,6.178106220909634
7,7:38659944:T:A,38659944,A,T,0.509954,0.0139143,0.00235548,3.48254e-09,360934.2695,0.01430330753,0.002356243656,1.27603499e-09,6.070385587491211
7,7:42018376:G:T,42018376,T,G,0.212933,-0.0173752,0.00287661,1.541e-09,360857.9217,-0.01748697349,0.00287678846,1.212029569e-09,6.078644201040768
7,7:43384091:G:A,43384091,A,G,0.170213,0.0204507,0.00313559,6.94097e-11,360369.1821,0.02056252662,0.00313582234,5.479086073e-11,6.557299614110154
7,7:45609373:C:T,45609373,T,C,0.0720553,-0.0237231,0.00455597,1.91988e-07,360590.6051,-0.02372234476,0.004556207328,1.923330479e-07,5.206599053167582
7,7:52110801:A:T,52110801,T,A,0.71351,0.0231968,0.00260769,5.84115e-19,359981.2581,0.02388364581,0.002611033144,5.84275669e-20,9.14720131564902
7,7:52905140:A:C,52905140,C,A,0.407443,-0.017443,0.00240844,4.41527e-13,357325.8259,-0.01754229895,0.002414414642,3.712405081e-13,7.265652984720426
7,7:53099905:A:C,53099905,C,A,0.27099,0.016484,0.00264671,4.72627e-10,361618.5877,0.01633148968,0.002650688439,7.218402971e-10,6.161225679982678
7,7:53507320:G:C,53507320,C,G,0.632561,-0.0310635,0.00244763,6.733039999999999e-37,359271.6482,-0.03111655866,0.002448764836,5.403987322e-37,12.707042425040768
7,7:57643333:C:T,57643333,T,C,0.131319,0.019331,0.0034914,3.08343e-08,359892.4243,0.01929095839,0.003491601232,3.295600156e-08,5.524960357214126
10,10:42326764:A:T,42326764,T,A,0.0864647,-0.0359161,0.00418985,1.01944e-17,360778.4296,-0.03415378735,0.004207377965,4.755153291999999e-16,8.11759429129396
10,10:42507880:G:C,42507880,C,G,0.0613793,-0.0277862,0.00490745,1.49689e-08,360601.6417,-0.0306733906,0.004921802128,4.600876759e-10,6.232146234709418
10,10:43327931:C:G,43327931,G,C,0.139131,0.0511034,0.00340525,6.819439999999999e-51,360047.3186,0.04882054836,0.003411159561,1.841150714e-46,14.312009592916255
10,10:43696564:C:G,43696564,G,C,0.247207,-0.0260727,0.0027323,1.40399e-21,360070.2342,-0.0238830344,0.002735555622,2.533312654e-18,8.730597253416038
10,10:44862968:A:G,44862968,G,A,0.0213963,0.0433295,0.00812019,9.50637e-08,362391.5751,0.04293143277,0.008122644091,1.254295594e-07,5.285401193137172
10,10:45831271:T:A,45831271,A,T,0.343515,0.0240385,0.00247665,2.8597e-22,361640.6367,0.02404710532,0.002477441175,2.830830932e-22,9.706428375640442
10,10:48405719:C:T,48405719,T,C,0.237027,0.0337438,0.00277045,4.03908e-34,360332.7605,0.03349701637,0.00277107533,1.2208764659999999e-33,12.088093025605334
10,10:53969199:C:T,53969199,T,C,0.397285,0.0187189,0.00240716,7.48535e-15,360573.0144,0.01873580497,0.002407400262,7.10556087e-15,7.782588240824906
10,10:56311708:G:T,56311708,T,G,0.147696,-0.0437848,0.00333865,2.7752499999999996e-39,356431.0985,-0.04369580053,0.003339487187,4.033625675e-39,13.084583974479553
10,10:58836657:G:T,58836657,T,G,0.0790616,-0.0250987,0.00436504,8.93574e-09,360643.1481,-0.02469332552,0.004365339104,1.543292969e-08,5.656679797767207
10,10:60643322:G:A,60643322,A,G,0.0446114,-0.046389,0.00570488,4.25479e-16,360654.6907,-0.04515094335,0.005706158165,2.519276331e-15,7.91266944315414
10,10:61692812:T:C,61692812,C,T,0.247709,0.0453188,0.00272962,7.03741e-62,360102.2114,0.04489511234,0.00273112875,1.0173366569999999e-60,16.438299490641004
10,10:62189610:C:T,62189610,T,C,0.00938289,-0.0733669,0.0122149,1.89912e-09,360765.023,-0.07410951118,0.01221903614,1.31882652e-09,6.065086503623354
10,10:63134556:C:A,63134556,A,C,0.507592,0.0199986,0.00235338,1.93876e-17,361392.6989,0.02055151256,0.002354290837,2.56059789e-18,8.729385612436973
10,10:64742757:G:T,64742757,T,G,0.032179,-0.056831,0.00666835,1.56749e-17,361242.1858,-0.05805282922,0.006669783278,3.207957205e-18,8.703855402841171
10,10:66640681:A:T,66640681,T,A,0.177086,0.0319638,0.00308776,4.1417e-25,360027.0547,0.03166791934,0.003088578157,1.1444705310000001e-24,10.253235544073041
10,10:67766700:T:A,67766700,A,T,0.482325,0.0349607,0.00235609,8.54662e-50,360781.6609,0.03472870441,0.002357041597,3.8979545e-49,14.734022706345982
10,10:70428130:G:T,70428130,T,G,0.120883,0.0266546,0.00362028,1.80762e-13,359193.4199,0.0268781018,0.003620604872,1.139363679e-13,7.423649569678864
10,10:73498973:C:T,73498973,T,C,0.560415,0.017253,0.00239516,5.88912e-13,354001.2774,0.01587835205,0.002400326176,3.713483917e-11,6.615080987226628
10,10:74593606:T:A,74593606,A,T,0.598029,-0.0246218,0.00269352,6.210349999999999e-20,286818.1041,-0.02364919771,0.002699538256,1.944546863e-18,8.760460296288537
10,10:80896585:T:G,80896585,G,T,0.118855,0.0227303,0.00364082,4.29237e-10,360395.9599,0.0225456831,0.003641028729,5.936071457e-10,6.192118980119149
10,10:83521429:C:G,83521429,G,C,0.508929,-0.0167439,0.00235491,1.1606e-12,360976.7241,-0.01677560946,0.002355118456,1.055700527e-12,7.123042757047631
10,10:85567528:G:A,85567528,A,G,0.251568,0.035372,0.00271676,9.62066e-39,359894.5982,0.03531652488,0.002717429709,1.284113026e-38,12.996297480311384
10,10:87394327:G:C,87394327,C,G,0.0827215,-0.0328134,0.00427019,1.54236e-14,361580.6657,-0.032399766,0.004270668332,3.284601522e-14,7.586579776572545
10,10:90968136:G:T,90968136,T,G,0.399471,0.0124156,0.00240713,2.49914e-07,359947.9519,0.0124018573,0.002407283062,2.579887111e-07,5.151806821461364
10,10:93280463:A:C,93280463,C,A,0.180811,0.0153678,0.00306351,5.26768e-07,359925.162,0.01538796129,0.003063727671,5.09694742e-07,5.022626989877783
10,10:95240363:C:T,95240363,T,C,0.275517,0.0189395,0.00264246,7.66007e-13,358950.4862,0.01892641243,0.002642796333,7.979317877e-13,7.161510023935696
10,10:95536323:T:C,95536323,C,T,0.443628,-0.0289794,0.00237906,3.98413e-34,358026.5135,-0.02907655808,0.002379667742,2.468601685e-34,12.218746998504297
10,10:96214815:A:T,96214815,T,A,0.787643,-0.0247218,0.00287929,9.035660000000001e-18,360773.46,-0.02550637388,0.002882323043,8.811578381e-19,8.849241913374247
10,10:96508175:G:C,96508175,C,G,0.108642,0.0182293,0.00379043,1.51519e-06,359612.9525,0.019745514,0.003794253159,1.949829692e-07,5.204058130165478
10,10:99052546:A:G,99052546,G,A,0.0649186,0.0369763,0.00478636,1.11834e-14,359740.0648,0.0378169173,0.004786931,2.788275289e-15,7.900033925703128
10,10:101796735:T:C,101796735,C,T,0.0878382,0.0512459,0.00422246,6.86885e-34,350123.3754,0.05093804076,0.004223578373,1.709525129e-33,12.060399088514794
10,10:103524863:C:G,103524863,G,C,0.165472,-0.0222914,0.00317296,2.13774e-12,359861.9691,-0.02104976588,0.003173955056,3.311007491e-11,6.632030229983194
10,10:103931741:T:A,103931741,A,T,0.585899,-0.0372112,0.00239058,1.2962500000000001e-54,360630.8264,-0.03694215008,0.00239198356,8.261098788e-54,15.444148821825516
10,10:105697176:T:A,105697176,A,T,0.021782,0.0454,0.00806594,1.81808e-08,360918.077,0.04023733918,0.00806925811,6.148355232e-07,4.98649796939015
10,10:106267549:C:T,106267549,T,C,0.398545,0.0737982,0.00240739,4.20926e-206,359237.9018,0.07348506022,0.002411559449,6.122875171e-204,30.472008579540514
10,10:106666334:C:A,106666334,A,C,0.425213,-0.0157306,0.00237821,3.73396e-11,361929.3153,-0.01426314033,0.00237934613,2.040333253e-09,5.994563023077268
10,10:106867293:A:G,106867293,G,A,0.239638,-0.0160797,0.00276414,5.98644e-09,359379.3206,-0.01672643267,0.002765063039,1.455625003e-09,6.049204822487231
10,10:109082392:A:G,109082392,G,A,0.556028,0.0421448,0.0023722,1.3860300000000001e-70,359877.3819,0.04203974626,0.002373292622,3.288510574e-70,17.713680087444352
10,10:111826143:T:C,111826143,C,T,0.208072,-0.0183484,0.00290382,2.6405e-10,360083.5317,-0.01848726025,0.002904075534,1.940582626e-10,6.365970868717769
10,10:113053258:A:T,113053258,T,A,0.238562,-0.0479357,0.00276318,2.17663e-67,360473.6565,-0.04839200409,0.002764406838,1.30344323e-68,17.505384310585328
10,10:113355835:G:A,113355835,A,G,0.610436,-0.0142491,0.00241494,3.62923e-09,360758.5062,-0.01410040636,0.002415132218,5.271780542e-09,5.8383579395403515
10,10:114223449:C:A,114223449,A,C,0.020199,-0.0436092,0.00836764,1.87277e-07,361063.6278,-0.04441190997,0.008368173672,1.112973078e-07,5.307240469757784
10,10:115519718:A:T,115519718,T,A,0.0364411,0.0380367,0.00629282,1.50056e-09,359820.3135,0.03741593652,0.006293335124,2.759051648e-09,5.945327204539314
10,10:117646669:C:T,117646669,T,C,0.201133,-0.0196027,0.00293726,2.49598e-11,360905.8692,-0.01962417557,0.00293747215,2.379111413e-11,6.6806337449020585
10,10:119426378:C:A,119426378,A,C,0.97084,-0.036325,0.00701685,2.25811e-07,358953.4649,-0.03641469735,0.007017213586,2.110423315e-07,5.189338603381082
10,10:129657290:A:C,129657290,C,A,0.503481,-0.0143434,0.00235727,1.168e-09,360170.2833,-0.01415573211,0.002357430379,1.916509647e-09,6.004729656535914
10,10:130159361:C:T,130159361,T,C,0.055544,0.0351653,0.00514211,8.00474e-12,360688.4354,0.0349873865,0.005142495134,1.020494746e-11,6.803581838838936
10,10:131083010:C:T,131083010,T,C,0.26495,0.0308053,0.00266653,7.253789999999999e-31,361206.8187,0.03078711192,0.002667021899,7.949877303e-31,11.543629218621573
10,10:131709920:A:C,131709920,C,A,0.498124,-0.0252971,0.00235235,5.7284299999999996e-27,361587.5564,-0.02526777601,0.00235274125,6.624689633e-27,10.739717344608124
5,5:50706457:A:C,50706457,C,A,0.325132,0.0159688,0.00251719,2.2433e-10,359787.2537,0.01601171467,0.002517341909,2.010140989e-10,6.360564138210595
5,5:53345337:T:C,53345337,C,T,0.0383806,0.0427054,0.00613115,3.28221e-12,360535.1385,0.04271498184,0.006131554274,3.251078087e-12,6.966419920822836
5,5:57723347:T:A,57723347,A,T,0.602442,-0.0119316,0.00240507,7.01618e-07,361080.5626,-0.0119573371,0.002405170296,6.643216648e-07,4.971513709397648
5,5:64272682:C:A,64272682,A,C,0.502864,-0.0183396,0.00235405,6.68395e-15,361056.1671,-0.01823119574,0.002354306516,9.651553305e-15,7.743764720566232
5,5:66435409:A:T,66435409,T,A,0.0308985,-0.03441,0.00679814,4.15805e-07,361482.4693,-0.03375124194,0.006798653895,6.891354534e-07,4.964400668317887
5,5:66963460:G:C,66963460,C,G,0.335326,-0.0174925,0.0024944,2.34167e-12,360692.8802,-0.01758967052,0.002494638399,1.776492056e-12,7.050990046112891
5,5:67912275:T:A,67912275,A,T,0.283251,-0.0292961,0.00261,3.1249e-29,361604.6756,-0.02939347195,0.002610942513,2.119817231e-29,11.257801274309406
5,5:68146897:G:A,68146897,A,G,0.129397,-0.0180789,0.00350499,2.49682e-07,361455.6288,-0.01843488358,0.003505804294,1.453226708e-07,5.258389240822807
5,5:69366006:G:A,69366006,A,G,0.938442,0.0257078,0.00491045,1.64796e-07,359118.0465,0.02444094743,0.004913358012,6.545421052e-07,4.974387653068909
5,5:69870092:T:G,69870092,G,T,0.455888,-0.0140521,0.00236214,2.70255e-09,361413.72,-0.01344769826,0.002363644698,1.274934326e-08,5.689390741078293
5,5:71329528:C:A,71329528,A,C,0.13168,-0.0228168,0.00348459,5.84191e-11,360288.3523,-0.02494292797,0.003497628046,9.936482394e-13,7.131383795519806
5,5:71715856:A:T,71715856,T,A,0.2205,-0.0205381,0.00283976,4.75692e-13,360872.6431,-0.02241090424,0.002850349196,3.765060288e-15,7.862511818358975
5,5:73263384:A:G,73263384,G,A,0.39759,-0.013725,0.00240827,1.20519e-08,360103.8374,-0.01379936521,0.002408428057,1.006589071e-08,5.729614870534619
5,5:76052626:G:C,76052626,C,G,0.663109,0.0243497,0.00249157,1.48234e-22,360636.248,0.02454472373,0.002491951073,6.881663534e-23,9.849600979705912
5,5:78127496:A:G,78127496,G,A,0.436083,-0.0436492,0.00237208,1.39119e-75,361205.9981,-0.04381279065,0.002373230587,4.234692586e-76,18.46124472269833
5,5:79957821:A:C,79957821,C,A,0.324951,0.016191,0.00251145,1.14336e-10,361536.9741,0.01629879519,0.002511640252,8.6234253e-11,6.48930322605771
5,5:85643544:G:T,85643544,T,G,0.139836,0.00710522,0.00339807,0.0365327,360192.551,0.02151651118,0.003589353195,2.040657752e-09,5.99453718011721
5,5:85717466:A:T,85717466,T,A,0.588216,-0.027517,0.00239169,1.25653e-30,360935.4757,-0.03252076491,0.002526232246,6.368351661e-38,12.873228485422475
5,5:87014949:T:C,87014949,C,T,0.838857,0.0263261,0.00319844,1.86365e-16,361699.3753,0.02589746619,0.003199581213,5.772841193e-16,8.094017456027611
5,5:89130303:C:T,89130303,T,C,0.458867,-0.0179055,0.00236489,3.70104e-14,360182.8619,-0.01994948086,0.002392088515,7.443179525e-17,8.339775361531721
5,5:89331535:T:A,89331535,A,T,0.108782,0.0152582,0.00378003,5.42622e-05,361121.8911,0.02006459573,0.003823565972,1.540822723e-07,5.2476133214212
5,5:90595976:C:A,90595976,A,C,0.0266198,0.0384808,0.00731656,1.44604e-07,360637.1078,0.03851581773,0.007317130641,1.411178731e-07,5.263787079895051
5,5:91532161:A:G,91532161,G,A,0.0803532,-0.0330018,0.00432724,2.41759e-14,361483.7763,-0.02953108971,0.004338457625,9.978130891e-12,6.806817597993711
5,5:91804541:G:C,91804541,C,G,0.789109,-0.0329355,0.0028859,3.663e-30,360819.9595,-0.03152092645,0.002893660577,1.243381514e-27,10.893097380024885
5,5:106778829:T:C,106778829,C,T,0.241146,0.0318983,0.00274872,3.9463299999999995e-31,361696.1813,0.03193711082,0.002749299794,3.399608126e-31,11.616452629028933
5,5:108022676:C:G,108022676,G,C,0.0167027,-0.0491313,0.00919129,9.02635e-08,360533.8208,-0.05012333389,0.009192317486,4.959905826e-08,5.452741810358311
5,5:109208163:G:T,109208163,T,G,0.890005,0.0217829,0.00376497,7.22779e-09,360475.8188,0.02075915917,0.003766026456,3.543394574e-08,5.512218093138111
5,5:109957333:A:C,109957333,C,A,0.333512,-0.0352023,0.00249977,5.0234e-45,359966.2651,-0.0350735763,0.002501032244,1.117332704e-44,14.023640192621203
5,5:111053026:G:A,111053026,A,G,0.0263367,0.0353582,0.00735887,1.54932e-06,360233.9535,0.03939389266,0.007374911593,9.212529656e-08,5.341608799404628
5,5:111340433:G:T,111340433,T,G,0.0857557,-0.0243906,0.00420123,6.41952e-09,361481.6246,-0.0258156352,0.004210238485,8.698183788e-10,6.131632517249198
5,5:112402035:T:G,112402035,G,T,0.381195,0.0145578,0.0024261,1.96886e-09,360282.4351,0.01465813332,0.002426277772,1.527753527e-09,6.041407743647252
5,5:113962917:A:T,113962917,T,A,0.611529,0.016263,0.00241727,1.72436e-11,360349.8631,0.01629102383,0.002417474319,1.5963283e-11,6.7388611750543275
5,5:116233604:C:T,116233604,T,C,0.571241,-0.0213347,0.00237817,2.94996e-19,361068.5726,-0.02117886875,0.002378454295,5.364296768e-19,8.904467407476501
5,5:116929815:A:C,116929815,C,A,0.471946,0.018198,0.00235543,1.11277e-14,361761.3676,0.01814480161,0.002355657311,1.3327399720000001e-14,7.702649076022586
5,5:120122837:A:G,120122837,G,A,0.334042,0.0146686,0.00249544,4.15191e-09,361094.7359,0.01452844839,0.00249562605,5.829924696e-09,5.821564649078735
5,5:123224270:C:T,123224270,T,C,0.256339,-0.0176808,0.00269825,5.65883e-11,360411.8772,-0.01744116944,0.002698466805,1.024015126e-10,6.463362605640799
5,5:126926004:A:T,126926004,T,A,0.150437,-0.020322,0.0033017,7.51488e-10,359032.3674,-0.01949786579,0.003306424797,3.702520944e-09,5.896963332627704
5,5:127557031:C:T,127557031,T,C,0.0797303,0.0319191,0.00439794,3.94399e-13,352454.3698,0.03082927514,0.004404405254,2.566110802e-12,6.999645437258849
5,5:129474779:T:G,129474779,G,T,0.0233566,-0.0470241,0.00780121,1.66374e-09,360322.6173,-0.04074746431,0.007820189498,1.882847537e-07,5.210546920943679
5,5:129961992:A:C,129961992,C,A,0.704044,-0.0389911,0.00258149,1.57901e-51,360049.2914,-0.03832882726,0.00258508574,9.815157043000001e-50,14.826907543886724
5,5:131639512:C:A,131639512,A,C,0.375492,-0.0213234,0.00266044,1.10477e-15,301347.0378,-0.02058768627,0.002661724198,1.0363249330000001e-14,7.7347180769027215
5,5:132237485:A:T,132237485,T,A,0.0380824,-0.0336529,0.00617224,4.97552e-08,358443.8174,-0.03259279031,0.006183866971,1.359664094e-07,5.270616341335911
5,5:134598433:T:A,134598433,A,T,0.93194,0.0354394,0.00468603,3.95478e-14,359125.0592,0.03541561054,0.004686585808,4.130936134e-14,7.5568040340892875
5,5:136068103:C:T,136068103,T,C,0.0610464,0.0406731,0.00492795,1.54261e-16,359323.6454,0.02915098008,0.005034835147,7.044599415e-09,5.789857905748825
5,5:136182025:T:A,136182025,A,T,0.562534,0.0301911,0.0023751,5.19998e-37,360207.9065,0.02718413598,0.002426855194,4.014146005e-29,11.201383604266255
5,5:138770858:C:G,138770858,G,C,0.0456478,-0.0338734,0.00564544,1.97334e-09,360277.6961,-0.03409610686,0.00564630625,1.554021635e-09,6.038657017585612
5,5:141090960:C:T,141090960,T,C,0.300007,-0.0135767,0.00260874,1.94824e-07,350013.3791,-0.01284062688,0.002609623819,8.632798484e-07,4.920489607165101
5,5:141168737:G:T,141168737,T,G,0.479587,0.0240338,0.00243323,5.25687e-23,338452.6651,0.02369634239,0.002434382257,2.158738744e-22,9.73402690635861
5,5:141824679:T:A,141824679,A,T,0.479879,-0.0160686,0.0023575,9.37897e-12,360586.4537,-0.01597389779,0.002358361306,1.258741701e-11,6.773303882386545
5,5:141959536:C:G,141959536,G,C,0.625076,0.0126534,0.0024323,1.97035e-07,360796.2148,0.01317485008,0.002433002518,6.126879552e-08,5.415058135998197
5,5:143122924:T:A,143122924,A,T,0.356225,0.0141438,0.00246315,9.35476e-09,359521.4831,0.01411591885,0.00246338254,1.00253677e-08,5.7302991398161005
5,5:145802427:G:C,145802427,C,G,0.0934848,0.0304617,0.00404932,5.37928e-14,359961.7331,0.0301993145,0.004049728692,8.843387929000001e-14,7.457120413932165
5,5:148415923:T:C,148415923,C,T,0.2043,-0.0167518,0.00291979,9.62544e-09,360947.743,-0.01909551942,0.002930527168,7.217342695e-11,6.516069746260752
5,5:148478431:G:T,148478431,T,G,0.450685,-0.018802,0.00236993,2.13533e-15,359718.9475,-0.01903679326,0.002382716107,1.354488892e-15,7.9895348019318195
5,5:148719576:T:C,148719576,C,T,0.610998,0.017918,0.00241521,1.18433e-13,360775.6557,0.0169803013,0.00241995241,2.270211253e-12,7.0167914169849315
5,5:149736241:A:C,149736241,C,A,0.1972,0.0159327,0.00296326,7.58943e-08,359845.6158,0.01600769775,0.002963452014,6.600992319e-08,5.401706413458396
5,5:151638913:A:C,151638913,C,A,0.0292114,-0.112707,0.00697887,1.19655e-58,361946.8472,-0.1115499249,0.006984064789,2.0005708990000002e-57,15.972063299826871
5,5:152003432:G:T,152003432,T,G,0.0980521,0.02872,0.00396114,4.16292e-13,360464.772,0.02708174724,0.003962991387,8.277339957e-12,6.833662906469496
5,5:157532077:G:A,157532077,A,G,0.394763,-0.0160249,0.00240819,2.85048e-11,361000.8444,-0.01591957837,0.002408369916,3.840471556e-11,6.610105143831236
5,5:159313619:G:A,159313619,A,G,0.354864,0.0200451,0.0024605,3.75004e-16,360881.8746,0.02005550906,0.002460745356,3.6339339439999994e-16,8.150176535373292
5,5:162491014:G:C,162491014,C,G,0.309667,-0.0129327,0.00254904,3.90658e-07,360136.3785,-0.01287450229,0.002549221475,4.409636033e-07,5.0503663240950845
5,5:163324126:T:A,163324126,A,T,0.482841,-0.0119875,0.0023537,3.52523e-07,361612.3853,-0.01191131524,0.002353896253,4.186961871e-07,5.06025498142462
5,5:163797557:G:T,163797557,T,G,0.0989664,0.0226997,0.00394341,8.60188e-09,360738.4023,0.02322455203,0.003943785357,3.887779043e-09,5.8888985904817845
5,5:164283943:G:T,164283943,T,G,0.482075,-0.015627,0.00235867,3.4689e-11,360110.7699,-0.01562029614,0.002358949981,3.550534259e-11,6.621715706484919
5,5:167681697:C:G,167681697,G,C,0.0643261,0.046406,0.00479892,4.06516e-22,360822.4898,0.04636807066,0.00479964003,4.426581639000001e-22,9.660739215894907
5,5:169697895:T:G,169697895,G,T,0.130785,0.0385467,0.00348951,2.30444e-28,361280.2226,0.04294909854,0.003518454228,2.858833023e-34,12.206808944169104
5,5:169763717:C:G,169763717,G,C,0.555792,0.0202173,0.0023717,1.54168e-17,360163.0109,0.02391289918,0.002391234339,1.520397879e-23,10.000232428077389
5,5:170461292:C:A,170461292,A,C,0.273185,0.0181699,0.00264099,5.99701e-12,361188.3524,0.0179547981,0.002641285876,1.062664725e-11,6.797748877978704
5,5:171242048:A:T,171242048,T,A,0.155667,0.0162485,0.00324886,5.69763e-07,360580.6816,0.0162985716,0.003249016307,5.263127893e-07,5.016463464613814
5,5:172588650:A:G,172588650,G,A,0.143524,0.0173197,0.00336349,2.61569e-07,359710.3019,0.01711671178,0.003363685204,3.605677485e-07,5.0886782626523095
5,5:173562843:G:T,173562843,T,G,0.633895,-0.0120953,0.00244755,7.74351e-07,359823.3068,-0.01212587466,0.002447700149,7.270807423e-07,4.953986976286286
5,5:175055927:T:C,175055927,C,T,0.11147,-0.0323949,0.00374132,4.79142e-18,360773.6777,-0.03266559152,0.003741790717,2.548179546e-18,8.729935474902724
5,5:175539467:G:A,175539467,A,G,0.0272163,0.0394678,0.00724474,5.10329e-08,359979.7872,0.03981353032,0.007245199734,3.903567771e-08,5.495159799827818
5,5:177624037:A:G,177624037,G,A,0.0752074,0.0267986,0.00445912,1.85864e-09,361708.1428,0.0271504137,0.00445941757,1.140932486e-09,6.088331777371547
5,5:179974177:C:A,179974177,A,C,0.358981,0.0145865,0.00245529,2.83834e-09,360590.6266,0.01389163636,0.002458785204,1.606377663e-08,5.6497966302224425
5,5:180105066:G:A,180105066,A,G,0.175217,-0.0186024,0.00309828,1.9258e-09,360582.1379,-0.01760195385,0.003102706611,1.402392223e-08,5.673096446694618
22,22:15393592:G:C,15393592,C,G,0.187465,-0.0229001,0.00301715,3.20739e-14,361009.4197,-0.02306265024,0.003017428961,2.1197731060000002e-14,7.6431460485342635
22,22:16560988:A:C,16560988,C,A,0.0975221,0.0205733,0.00396522,2.12185e-07,361774.0355,0.02055432006,0.003965381297,2.17829137e-07,5.183441016265024
22,22:17889133:T:C,17889133,C,T,0.429289,0.0123211,0.00238311,2.34017e-07,359796.9407,0.01180204823,0.002383648921,7.373726858e-07,4.951252731064416
22,22:18286776:A:T,18286776,T,A,0.253525,0.0352611,0.0027133,1.32136e-38,359176.6252,0.03508012487,0.002714448109,3.31774437e-38,12.923483323806652
22,22:19598196:A:T,19598196,T,A,0.471858,0.0118847,0.0023567,4.58683e-07,361695.1949,0.01222535576,0.002357488725,2.151430473e-07,5.185753649786808
22,22:19652578:A:G,19652578,G,A,0.0544535,-0.0295421,0.00519051,1.25986e-08,360891.1008,-0.03017281611,0.005192322415,6.208429213e-09,5.811044403335651
22,22:22157542:T:G,22157542,G,T,0.37975,-0.014271,0.00242833,4.18419e-09,360431.1609,-0.01422728008,0.002428458218,4.668841574e-09,5.858564901197735
22,22:27017824:T:G,27017824,G,T,0.554519,-0.023499,0.0023715,3.8331500000000004e-23,360274.6391,-0.02342883835,0.002371840099,5.190078817e-23,9.877916458144846
22,22:29428421:T:A,29428421,A,T,0.142308,-0.0280694,0.00337789,9.62325e-17,359425.4341,-0.02791210733,0.003378263707,1.42934887e-16,8.262264213466862
22,22:32220144:A:T,32220144,T,A,0.0135659,-0.0584192,0.0101928,9.96594e-09,360081.3266,-0.05893574367,0.01019330858,7.39024329e-09,5.78180707544125
22,22:35471954:G:T,35471954,T,G,0.0981603,-0.0224514,0.00396457,1.48853e-08,359788.9294,-0.02246364808,0.003964752878,1.463075867e-08,5.6658381420563275
22,22:36400471:A:G,36400471,G,A,0.0628527,-0.0271076,0.0048564,2.38166e-08,360367.5405,-0.02711335533,0.004856627834,2.367403728e-08,5.5827533541249315
22,22:40496684:A:T,40496684,T,A,0.946867,0.0348239,0.00525009,3.2938e-11,360997.4765,0.03518847196,0.005250466127,2.056267893e-11,6.701971045779495
22,22:44041105:C:A,44041105,A,C,0.279311,-0.0176077,0.00262584,2.00928e-11,360676.0609,-0.01748141017,0.002626059394,2.796666636e-11,6.656898244548995
22,22:45069282:A:G,45069282,G,A,0.0236424,-0.0512378,0.00775019,3.81816e-11,361049.016,-0.05117940295,0.007751042652,4.031762888e-11,6.602905602228133
22,22:45565883:G:T,45565883,T,G,0.0455534,-0.0333361,0.00564663,3.55705e-09,361119.4652,-0.033681253,0.005647159791,2.457122021e-09,5.964281912772955
22,22:47287145:A:G,47287145,G,A,0.703303,0.0354878,0.00258004,4.88887e-43,360252.8203,0.03530952643,0.00258074786,1.302497472e-42,13.681897010272055
22,22:49886542:C:T,49886542,T,C,0.0535087,-0.0427905,0.00523576,3.02431e-16,360547.9026,-0.04552510812,0.005252321954,4.412632404e-18,8.667615679067337
22,22:49901616:T:A,49901616,A,T,0.0955451,-0.024616,0.00400592,8.00982e-10,360992.8533,-0.02717415476,0.004018433923,1.357483334e-11,6.762374417671866
1,1:145609750:A:T,145609750,T,A,0.172372,0.0311756,0.00311659,1.4870400000000002e-23,360962.378,0.03124432677,0.003117028881,1.1986337649999999e-23,10.023752734679908
1,1:145827064:A:G,145827064,G,A,0.675851,0.0125429,0.00251418,6.07723e-07,361264.4717,0.01262225941,0.002514271444,5.160553535e-07,5.02024530411045
1,1:155279680:G:A,155279680,A,G,0.598509,0.0210284,0.00241653,3.2768800000000004e-18,356467.9119,0.02099455959,0.002416800385,3.723873503e-18,8.686923305831897
1,1:157094261:A:T,157094261,T,A,0.0346777,0.0322884,0.00643777,5.29313e-07,360595.0189,0.03311615656,0.006438807295,2.700792997e-07,5.143212872004426
1,1:157124678:G:A,157124678,A,G,0.0915036,-0.0314801,0.0040841,1.2815e-14,360759.6127,-0.03142957236,0.004085032276,1.427869698e-14,7.69383697275835
1,1:157857346:T:A,157857346,A,T,0.02281,-0.0448838,0.00788494,1.25404e-08,360996.9139,-0.04362238801,0.007886041705,3.173321148e-08,5.531594891559099
1,1:158762811:A:T,158762811,T,A,0.0246136,-0.0374304,0.00760246,8.50639e-07,360540.6488,-0.03751493927,0.007602838827,8.042508385e-07,4.934333098943648
1,1:161022406:T:G,161022406,G,T,0.760859,0.017885,0.00276422,9.80017e-11,359823.5642,0.01780063897,0.002764427411,1.201226047e-10,6.43917756681512
1,1:162288140:T:A,162288140,A,T,0.0995519,-0.0239482,0.00393598,1.17012e-09,360234.1846,-0.02432454032,0.003937383995,6.49832685e-10,6.177843042712932
1,1:162731472:C:T,162731472,T,C,0.0592136,-0.0258425,0.00499062,2.24132e-07,360570.1405,-0.02658589068,0.004992413264,1.008096253e-07,5.3252584019254385
1,1:167578256:T:G,167578256,G,T,0.0103554,-0.0713139,0.0116317,8.74292e-10,360799.3846,-0.06940025183,0.0116349505,2.449210892e-09,5.964808516374865
1,1:167749526:T:A,167749526,A,T,0.212606,0.017326,0.00289345,2.12628e-09,356944.227,0.01694610698,0.002894210069,4.765074566e-09,5.855175186317825
1,1:168990841:G:C,168990841,C,G,0.0115819,0.0667699,0.0110272,1.40548e-09,359375.3231,0.06617875116,0.01102790059,1.960709762e-09,6.00102899186544
1,1:171910055:G:A,171910055,A,G,0.3491,-0.0217202,0.00247237,1.56817e-18,360130.1179,-0.02166791257,0.002472661213,1.901337016e-18,8.76299286618041
1,1:178398302:T:G,178398302,G,T,0.377598,-0.0128403,0.00243177,1.29099e-07,359968.3058,-0.01270536569,0.002432035866,1.749392195e-07,5.2241687170907865
1,1:179107573:A:C,179107573,C,A,0.0527234,-0.0284854,0.00526493,6.2926e-08,361362.3928,-0.02846349936,0.005265631811,6.461918109e-08,5.405524043769873
1,1:180410053:A:C,180410053,C,A,0.17487,0.0240254,0.00309789,8.82755e-15,361244.7779,0.02422542226,0.003098255433,5.322236076e-15,7.8190526197327905
1,1:182803786:C:A,182803786,A,C,0.698604,0.0171525,0.00256783,2.39623e-11,360320.2677,0.01699780657,0.002568041515,3.616942163e-11,6.618976551085857
1,1:184687799:G:T,184687799,T,G,0.377845,0.0284717,0.0024336,1.3008899999999999e-31,359225.7358,0.02841054787,0.002434114012,1.7757673649999998e-31,11.671822983614621
1,1:190525673:G:C,190525673,C,G,0.193934,0.0175869,0.00298121,3.65446e-09,360074.1038,0.01865481629,0.002987769942,4.272687386e-10,6.2437258062488405
1,1:190726556:G:A,190726556,A,G,0.0661006,-0.0364911,0.00474316,1.43626e-14,360189.5837,-0.03482030199,0.004788433949,3.548558145e-13,7.271751549851022
1,1:191091273:T:G,191091273,G,T,0.575939,-0.0155722,0.00238397,6.49573e-11,360400.8037,-0.01310815016,0.002403146346,4.908917306e-08,5.454578403774
1,1:193303384:T:C,193303384,C,T,0.229203,0.019503,0.00280604,3.64902e-12,359614.5004,0.01958601849,0.002806301084,2.966533998e-12,6.979300475515193
1,1:198093309:T:A,198093309,A,T,0.18888,0.022988,0.0030082,2.14753e-14,360818.4814,0.0230733586,0.003008508742,1.728468047e-14,7.669367310749865
1,1:201037135:A:G,201037135,G,A,0.0249036,-0.0455632,0.007552,1.60835e-09,361215.3052,-0.04582777315,0.00755275816,1.29765417e-09,6.06768708585262
1,1:201300007:C:A,201300007,A,C,0.170432,0.0186326,0.00313367,2.75137e-09,360322.4281,0.01892399963,0.00313397339,1.55706868e-09,6.038340877552888
1,1:201682126:A:G,201682126,G,A,0.261038,-0.018725,0.00268172,2.9051e-12,360605.3294,-0.01890117314,0.002681969089,1.821627851e-12,7.0474985030672
1,1:206986736:T:C,206986736,C,T,0.0293293,0.0434962,0.00698163,4.66677e-10,360503.5314,0.04473754571,0.006986293914,1.517391524e-10,6.403616317995064
1,1:207440648:A:T,207440648,T,A,0.0232124,-0.0384522,0.00782623,8.96227e-07,360237.6145,-0.04036412046,0.007831336291,2.547425418e-07,5.1541804565828215
1,1:211881680:T:C,211881680,C,T,0.261064,-0.0108588,0.00268363,5.20387e-05,360101.3276,-0.01401129006,0.002741016259,3.192495925e-07,5.111713589437705
1,1:212084412:T:C,212084412,C,T,0.0154707,0.0557879,0.00954407,5.06119e-09,360575.7895,0.06593168346,0.009745116351,1.327461666e-11,6.765612752610633
1,1:212234227:A:T,212234227,T,A,0.0336469,0.0379636,0.0065325,6.19723e-09,360548.0392,0.03701405281,0.006535149252,1.480207122e-08,5.663842000038839
1,1:214919670:T:A,214919670,A,T,0.0238173,-0.0435203,0.00773478,1.83965e-08,359654.7226,-0.04353231104,0.007735161885,1.824723591e-08,5.627847443557414
1,1:220505781:T:C,220505781,C,T,0.0467022,-0.080197,0.0055777,7.31254e-47,361009.5527,-0.07987850715,0.005579462745,1.725421333e-46,14.316523077707188
1,1:222102848:T:A,222102848,A,T,0.244151,0.0155749,0.00274196,1.34627e-08,360569.4403,0.01541843972,0.002742360944,1.884062858e-08,5.622323258991104
1,1:223270335:T:G,223270335,G,T,0.544331,0.0194302,0.00236746,2.27142e-16,359819.2667,0.01962061876,0.002367837795,1.168240446e-16,8.286301874829226
1,1:227867715:A:T,227867715,T,A,0.145673,0.0236682,0.00334041,1.38866e-12,360230.3415,0.0234976525,0.003340696445,2.010427681e-12,7.033758644898369
1,1:230361319:A:C,230361319,C,A,0.111922,0.0360282,0.00373699,5.40047e-22,360347.1599,0.0358508786,0.003737901526,8.708504211e-22,9.591177924466272
1,1:230911004:A:C,230911004,C,A,0.20778,0.0365676,0.00290189,2.11419e-36,360778.8011,0.03151191502,0.00296748825,2.430138578e-26,10.619053005517378
1,1:230953167:A:T,230953167,T,A,0.0111782,0.110146,0.0112054,8.441150000000001e-23,360398.1061,0.0826561429,0.0114471349,5.172675766e-13,7.220683919781534
1,1:231317370:C:T,231317370,T,C,0.803158,0.017889,0.00296216,1.55056e-09,360631.6608,0.01573046392,0.002966396683,1.139860084e-07,5.302886161567354
1,1:233112457:C:G,233112457,G,C,0.613817,-0.0194756,0.00241932,8.30159e-16,360534.4813,-0.01953196737,0.002419567927,6.887194188e-16,8.072502181915391
1,1:235532749:T:A,235532749,A,T,0.385441,-0.0173095,0.00241974,8.4773e-13,360680.8164,-0.01738535897,0.002420080825,6.780364581e-13,7.183792702460671
1,1:235714636:A:C,235714636,C,A,0.60192,-0.0126606,0.00240545,1.41564e-07,360834.7985,-0.0128628457,0.002405704353,8.951756753e-08,5.346810668551008
1,1:240217967:A:T,240217967,T,A,0.212733,-0.0247611,0.00287498,7.1695e-18,361349.8207,-0.02468244233,0.002875322766,9.144398248e-18,8.58423361087108
1,1:243067576:C:G,243067576,G,C,0.0454452,-0.0362512,0.00564608,1.35902e-10,361752.1529,-0.03668011266,0.00564649409,8.243640346e-11,6.496086257304486
1,1:248563151:G:C,248563151,C,G,0.0889509,0.0225801,0.00413888,4.88373e-08,360371.045,0.02263433468,0.004139049008,4.538939747e-08,5.468486755351798
19,19:5167541:A:G,5167541,G,A,0.665468,-0.0164209,0.00249453,4.62468e-11,361467.9573,-0.01437830616,0.002518124503,1.130248865e-08,5.7099266310582415
19,19:5221924:C:T,5221924,T,C,0.225868,0.0200361,0.00281822,1.16681e-12,360565.1817,0.0178395236,0.002844883912,3.593392434e-10,6.270738684538633
19,19:9047019:A:G,9047019,G,A,0.113201,-0.0264546,0.00371647,1.09527e-12,361132.4561,-0.02651925117,0.003716755408,9.674905103e-13,7.135054169268058
19,19:12312938:G:C,12312938,C,G,0.0215489,0.0496426,0.0081045,9.06024e-10,361578.354,0.04971725865,0.008104942642,8.559413667e-10,6.134190067226881
19,19:13739795:C:T,13739795,T,C,0.0679555,-0.0318414,0.00485247,5.32008e-11,335754.3071,-0.03181708306,0.004852849549,5.513289201e-11,6.556371208037218
19,19:15638015:C:A,15638015,A,C,0.191849,0.0340602,0.00298806,4.29115e-30,361640.8497,0.03391585039,0.002988623499,7.560289227000001e-30,11.348318181044993
19,19:16968049:C:T,16968049,T,C,0.807464,0.0149857,0.00298566,5.19051e-07,361341.6975,0.01485426986,0.002985775848,6.524368993e-07,4.975011727672063
19,19:24066738:T:A,24066738,A,T,0.0414634,0.108057,0.00595281,1.3291099999999999e-73,355258.0374,0.1078214588,0.005955593485,2.950869607e-73,18.104234124032057
20,20:3728793:A:T,3728793,T,A,0.484558,0.034456,0.00236095,3.16213e-48,359525.801,0.03434181866,0.002361691986,6.642496679e-48,14.541192866629816
20,20:4516186:A:T,4516186,T,A,0.117478,0.0186916,0.00366129,3.30619e-07,360333.5187,0.01842620117,0.003661486247,4.842821842e-07,5.032437629691307
20,20:4858081:T:C,4858081,C,T,0.27087,-0.0205072,0.00264924,9.90608e-15,361248.3749,-0.0204570372,0.002649460383,1.152314788e-14,7.72120894173793
20,20:11958731:T:G,11958731,G,T,0.126172,-0.0209853,0.00355031,3.40702e-09,360348.5817,-0.02110380439,0.003550501206,2.783288681e-09,5.943894443504663
20,20:15657824:T:A,15657824,A,T,0.636272,-0.0151705,0.00245002,5.94836e-10,360480.2059,-0.01522318785,0.002450152898,5.193008146e-10,6.213158314497972
20,20:21154672:C:T,21154672,T,C,0.103259,-0.0442109,0.00387603,3.93866e-30,359882.0976,-0.04433245997,0.00387674658,2.779934166e-30,11.435480513147187
20,20:24481419:A:G,24481419,G,A,0.160131,0.0244602,0.00321457,2.76534e-14,360316.2878,0.02447278614,0.003214825038,2.6888915750000004e-14,7.612478393295381
14,14:21333461:A:C,21333461,C,A,0.502249,-0.0135587,0.00235309,8.31573e-09,361466.1136,-0.01353110024,0.002353197914,8.919585646e-09,5.750090189821578
14,14:24383582:A:G,24383582,G,A,0.235344,0.0375289,0.00277827,1.43602e-41,360062.2762,0.03752338052,0.002778980344,1.510119013e-41,13.502571402138713
14,14:25465975:A:T,25465975,T,A,0.423527,0.0246947,0.00238628,4.28142e-25,359818.6464,0.02471847788,0.00238663296,3.887659723e-25,10.357050411304131
14,14:28817536:A:G,28817536,G,A,0.154345,-0.0175876,0.00325843,6.75993e-08,361058.9873,-0.01797234121,0.003259120472,3.498208889e-08,5.5144758729863845
14,14:29463734:A:C,29463734,C,A,0.0303921,0.0332844,0.00685734,1.21146e-06,361093.1273,0.03377261318,0.006858746039,8.478350172e-07,4.924021532210576
14,14:38197280:C:G,38197280,G,C,0.37666,-0.0258569,0.00243276,2.21367e-26,360003.3082,-0.02566303231,0.002433196385,5.241972743e-26,10.547045223396548
14,14:41442137:A:C,41442137,C,A,0.433898,0.0234582,0.00237517,5.3043e-23,361016.2206,0.02369594389,0.002376512041,2.043857832e-23,9.970891576054926
14,14:41560482:G:T,41560482,T,G,0.164507,0.015055,0.00317563,2.12965e-06,360995.469,0.01560224102,0.003177075055,9.066759353e-07,4.910882100643354
14,14:43369126:G:T,43369126,T,G,0.174362,0.0269804,0.0031075,3.8924500000000004e-18,359882.7516,0.02720519986,0.003107931775,2.068836353e-18,8.753473959382523
14,14:44685572:A:T,44685572,T,A,0.0737077,0.0237406,0.00450164,1.33736e-07,361642.8992,0.02488212959,0.004502134439,3.26234598e-08,5.5267406886958135
14,14:46375751:A:G,46375751,G,A,0.350925,0.0406883,0.00246764,4.65665e-61,360508.563,0.04073330425,0.002468740715,3.6915770749999995e-61,16.49962833379203
14,14:47112477:T:A,47112477,A,T,0.437985,-0.0182989,0.00237185,1.2123e-14,361295.5826,-0.0182968923,0.002372232602,1.229500408e-14,7.712941928449224
14,14:49408819:T:C,49408819,C,T,0.253457,-0.0194535,0.00270489,6.39776e-13,361405.9441,-0.01976153006,0.002705260507,2.775702377e-13,7.3048529000686
14,14:51534650:G:A,51534650,A,G,0.0196482,-0.0526919,0.00849417,5.53488e-10,360016.7826,-0.05301721426,0.008494640233,4.340744346e-10,6.241254815482189
14,14:57297541:G:A,57297541,A,G,0.0435112,-0.0299716,0.00577165,2.07154e-07,360912.9017,-0.02999970734,0.005771870071,2.019088977e-07,5.197571492596407
14,14:60724343:T:G,60724343,G,T,0.0111046,-0.0807199,0.0112303,6.60248e-13,361258.1743,-0.08093477498,0.01123112575,5.749591606e-13,7.206292297101206
14,14:64277721:G:A,64277721,A,G,0.230282,-0.0574964,0.00280178,1.56996e-93,359209.0165,-0.05742708651,0.00280343507,2.957456545e-93,20.484543096623245
14,14:65960861:T:A,65960861,A,T,0.209892,0.0218739,0.00289553,4.21957e-14,359839.1636,0.02158776266,0.002895876754,9.010316536000001e-14,7.454655185232375
14,14:68460125:T:C,68460125,C,T,0.447744,-0.0167503,0.00236947,1.56085e-12,360398.4528,-0.01655125359,0.002369736126,2.860169548e-12,6.984428944811554
14,14:70995393:T:A,70995393,A,T,0.405612,0.0162727,0.00239909,1.1799e-11,360567.4016,0.01599946039,0.002399311511,2.586868343e-11,6.668354782881713
14,14:72048707:C:A,72048707,A,C,0.256779,-0.0310301,0.00269495,1.13341e-30,360892.0936,-0.0309500226,0.002695522394,1.624539598e-30,11.482012788649829
14,14:80261641:A:T,80261641,T,A,0.0350024,0.045689,0.00641754,1.08597e-12,359661.0093,0.04417004127,0.006421863791,6.066802493e-12,6.878071959717154
14,14:80459639:T:G,80459639,G,T,0.943871,0.0288148,0.00511571,1.77637e-08,360882.4968,0.02786764534,0.005119070328,5.213001493e-08,5.443887962931694
14,14:82089565:G:C,82089565,C,G,0.268526,0.0278647,0.00265865,1.06779e-25,360309.5941,0.02781445417,0.002659130867,1.3188429810000002e-25,10.459979429812696
14,14:85791731:G:T,85791731,T,G,0.227261,-0.0142991,0.00281299,3.71213e-07,360072.9494,-0.0143880759,0.002813109942,3.143213712e-07,5.114651114478199
14,14:87444498:T:A,87444498,A,T,0.418831,0.0254788,0.00239034,1.59571e-26,359681.4189,0.02549198705,0.002390776415,1.522150705e-26,10.662639504915813
14,14:89130430:T:C,89130430,C,T,0.0764894,0.0292178,0.00442684,4.11315e-11,361437.0323,0.02927342203,0.0044272579,3.789347646e-11,6.612088722005555
14,14:90969337:A:C,90969337,C,A,0.103987,0.020018,0.00385875,2.13037e-07,360658.963,0.01989004988,0.003858971041,2.54666204e-07,5.1542366264676
14,14:91662616:A:G,91662616,G,A,0.292743,-0.0126058,0.00258704,1.10149e-06,361091.4142,-0.01292897826,0.002587296212,5.819885082e-07,4.99710013876061
14,14:92505229:A:C,92505229,C,A,0.185571,0.0232926,0.00303144,1.54966e-14,360232.8541,0.02326652648,0.003031883119,1.6677610260000002e-14,7.673952315046351
14,14:100099520:A:C,100099520,C,A,0.701075,0.0131002,0.00257334,3.56826e-07,360548.3439,0.01262064529,0.002574450372,9.473654101e-07,4.902267849970424
14,14:100793938:T:C,100793938,C,T,0.554016,0.0172556,0.00237301,3.5595e-13,359592.9801,0.01679013471,0.002374152599,1.526573003e-12,7.072053715954087
14,14:102819814:A:T,102819814,T,A,0.0483573,-0.0332234,0.0054928,1.46319e-09,360369.6073,-0.03315099484,0.005493089907,1.589273428e-09,6.03503590897989
14,14:104661234:T:G,104661234,G,T,0.0716488,-0.0330729,0.00456929,4.55974e-13,360274.8643,-0.03308996871,0.00456962483,4.444440085e-13,7.2412878389405995
14,14:105968834:G:A,105968834,A,G,0.735009,-0.0180494,0.00267272,1.44851e-11,359608.5439,-0.01797993467,0.002672899562,1.734910832e-11,6.7267528213991294
3,3:96002377:G:A,96002377,A,G,0.019318,-0.047459,0.00855587,2.90898e-08,360792.4748,-0.04749281156,0.00855626171,2.846098631e-08,5.5506497077448556
3,3:100934342:T:C,100934342,C,T,0.106261,0.0198781,0.00382333,2.00304e-07,360422.9856,0.01956824508,0.00382396502,3.099967654e-07,5.117265711808211
3,3:102039034:C:A,102039034,A,C,0.182057,0.0187608,0.00306077,8.8284e-10,358654.206,0.01846011549,0.003061333857,1.638694493e-09,6.030088958703207
3,3:102910003:G:T,102910003,T,G,0.0560504,0.0261427,0.00512068,3.30414e-07,360660.8861,0.0260718657,0.005121029055,3.559208287e-07,5.091138015423738
3,3:105159743:T:C,105159743,C,T,0.189557,0.0194662,0.0030061,9.45802e-11,360407.277,0.0192772592,0.003006350175,1.434530842e-10,6.4121802444387574
3,3:106036830:A:T,106036830,T,A,0.303717,-0.0176892,0.00256429,5.27207e-12,359804.528,-0.01753370011,0.002564582045,8.094519821e-12,6.836864565976481
3,3:106783971:G:C,106783971,C,G,0.0114945,-0.0700251,0.0110522,2.36332e-10,360494.1517,-0.0691120547,0.01105329425,4.036219856e-10,6.252620543418537
3,3:112927058:T:G,112927058,G,T,0.0126807,0.0703651,0.0105279,2.33315e-11,360557.9419,0.07013749287,0.01052861681,2.708520502e-11,6.6616056159802435
3,3:115820558:A:C,115820558,C,A,0.192902,0.0164672,0.00298394,3.41946e-08,360938.6658,0.01640071217,0.002984071755,3.883152812e-08,5.496085053088812
3,3:120318240:T:C,120318240,C,T,0.271858,-0.0288653,0.00264619,1.0629899999999999e-27,360885.8113,-0.02895241641,0.00264667492,7.48855599e-28,10.939166042348715
3,3:123317477:T:A,123317477,A,T,0.0490163,-0.0616856,0.00545488,1.20709e-29,360641.1324,-0.06137513419,0.005455991845,2.33900918e-29,11.249124986549536
3,3:126961220:T:C,126961220,C,T,0.578394,-0.0117469,0.00238874,8.76508e-07,359596.7011,-0.01180137652,0.00238890481,7.80912539e-07,4.940078177497579
3,3:127975543:T:A,127975543,A,T,0.208469,0.0216521,0.00289965,8.21295e-14,360616.4305,0.02069683589,0.002901395903,9.79149541e-13,7.133406326451272
3,3:128654084:T:G,128654084,G,T,0.180545,-0.0180993,0.00306198,3.4038e-09,360708.0931,-0.01738847999,0.003063933681,1.385152093e-08,5.675214218189209
3,3:129737165:G:C,129737165,C,G,0.0204889,0.0512092,0.00831322,7.28328e-10,360745.5604,0.04919380251,0.008322783717,3.405762546e-09,5.910739024674815
3,3:129766839:C:A,129766839,A,C,0.0457671,0.0293689,0.00564346,1.95084e-07,359734.303,0.03083347749,0.005647890224,4.780391129e-08,5.45929121620973
3,3:130125329:T:A,130125329,A,T,0.0279794,-0.090807,0.00713809,4.57647e-37,360944.6762,-0.09010000582,0.007141159343,1.7018214550000002e-36,12.61699977445805
3,3:132757373:G:A,132757373,A,G,0.216989,0.0235517,0.00286193,1.88892e-16,359507.3989,0.02352243606,0.002862232701,2.065590271e-16,8.21821232486855
3,3:133780422:A:T,133780422,T,A,0.227477,0.0166146,0.00281301,3.50109e-09,359815.3305,0.01656944069,0.002813239203,3.866429649e-09,5.889808684711408
3,3:136817387:G:T,136817387,T,G,0.533394,0.0131302,0.00236285,2.74758e-08,360085.1712,0.01297666884,0.002363005262,3.98319055e-08,5.491595405512052
3,3:139585361:G:A,139585361,A,G,0.444142,-0.0207509,0.00237176,2.15843e-18,360241.5224,-0.02075974293,0.002372063548,2.100412913e-18,8.751765081295368
3,3:141766403:G:C,141766403,C,G,0.217603,-0.0171694,0.00285191,1.74237e-09,361331.627,-0.01658740609,0.0028534509,6.132503156e-09,5.813103736952334
3,3:142714455:A:C,142714455,C,A,0.230717,0.0166015,0.00280162,3.11308e-09,359158.8605,0.01621257839,0.00280314398,7.306985597e-09,5.783712326471364
3,3:145858457:C:G,145858457,G,C,0.405101,-0.0210122,0.00239892,1.97754e-18,360730.4349,-0.02100802966,0.002399189943,2.01762193e-18,8.75630115126737
3,3:147560649:T:A,147560649,A,T,0.0393435,0.0557654,0.00605671,3.36404e-20,360824.9223,0.05592194524,0.006057479853,2.65915435e-20,9.231882993767508
3,3:148862084:G:T,148862084,T,G,0.81722,-0.0173928,0.00304597,1.13003e-08,361039.8195,-0.01731992524,0.003046137057,1.301518903e-08,5.6858653815982905
3,3:157060702:T:A,157060702,A,T,0.336064,0.0135259,0.0024919,5.70376e-08,361133.9891,0.01358251476,0.002492030287,5.026199946e-08,5.450381093221441
3,3:158885415:T:A,158885415,A,T,0.0798066,0.0230085,0.00444011,2.19684e-07,345600.3345,0.02308740682,0.00444029967,1.998086985e-07,5.199515468738622
3,3:170620818:A:G,170620818,G,A,0.398443,0.015103,0.00240598,3.44892e-10,360610.8269,0.01509479153,0.002406108791,3.529567946e-10,6.27352827372634
3,3:175532801:A:C,175532801,C,A,0.23118,0.0175831,0.00279778,3.28943e-10,359636.2677,0.01745997659,0.002797984564,4.37018448e-10,6.240197610325344
3,3:178846009:T:C,178846009,C,T,0.0164932,0.0736962,0.0092509,1.6386e-15,360401.4204,0.07244648284,0.00925236146,4.876634101e-15,7.8300532413483985
3,3:180161171:A:T,180161171,T,A,0.876568,0.0404054,0.00358087,1.5979800000000002e-29,360553.2417,0.03982549972,0.003581814133,1.0162184760000001e-28,11.118806906555918
3,3:182796848:T:C,182796848,C,T,0.0721344,0.0532926,0.00455036,1.1245099999999999e-31,360935.1696,0.05618258753,0.004589032454,1.835973689e-34,12.242795860166302
3,3:183081650:A:C,183081650,C,A,0.12108,-0.0139394,0.00361528,0.000115418,359740.7587,-0.01951533705,0.003645405317,8.631357628e-08,5.353406645618277
3,3:184226753:G:A,184226753,A,G,0.269619,-0.0138538,0.00265747,1.85742e-07,359785.556,-0.01389566893,0.002657594514,1.707392794e-07,5.22866406323414
3,3:186702072:A:C,186702072,C,A,0.878157,0.0181493,0.00360411,4.76308e-07,360009.377,0.01830989555,0.003604295006,3.773924712e-07,5.0800213410722135
3,3:187871745:A:G,187871745,G,A,0.641049,0.0121437,0.00245595,7.63396e-07,360510.8492,0.01209837004,0.002456072581,8.397256903e-07,4.9259008604192385
3,3:190809638:A:C,190809638,C,A,0.511801,0.0180351,0.00235431,1.85704e-14,361257.9169,0.01804112128,0.002354506146,1.8251835520000002e-14,7.662380202595572
3,3:196856107:T:C,196856107,C,T,0.0674367,0.026917,0.00469367,9.77386e-09,361138.6272,0.02700153307,0.004693921855,8.796125122e-09,5.752446228144546
19,19:28516631:T:C,28516631,C,T,0.0520492,-0.0269768,0.00529861,3.55816e-07,361380.7078,-0.02696716552,0.005298797562,3.593894272e-07,5.089299072943145
19,19:32902490:A:G,32902490,G,A,0.443192,0.0142466,0.00237104,1.87326e-09,360828.8798,0.01418377186,0.002371169241,2.207356156e-09,5.981762758536052
19,19:38055890:A:T,38055890,T,A,0.370271,0.0128649,0.00245619,1.62659e-07,355868.141,0.0131812678,0.002456368635,8.04304742e-08,5.366160279114621
19,19:39149117:G:C,39149117,C,G,0.731598,-0.0346498,0.00265778,7.67435e-39,360760.5196,-0.03474005247,0.002658498081,5.046582836e-39,13.067548447103805
19,19:46748138:G:T,46748138,T,G,0.0183662,0.0745267,0.00876724,1.89328e-17,361192.2312,0.07452824039,0.00876814029,1.897681221e-17,8.499891416541193
19,19:50767101:T:A,50767101,A,T,0.346758,-0.0272712,0.00247431,3.0341400000000002e-28,360881.7378,-0.02721954287,0.002474728756,3.8639072150000004e-28,10.99900051834206
19,19:54653411:C:A,54653411,A,C,0.363709,0.0170118,0.00244545,3.49373e-12,361688.2263,0.01703485846,0.002445613708,3.273000997e-12,6.965473903043726
9,9:73516296:C:T,73516296,T,C,0.181624,0.0287743,0.00307884,9.16855e-21,355106.8921,0.03037584176,0.003080515167,6.165698940000001e-23,9.860636975724391
9,9:73613913:C:A,73613913,A,C,0.235111,-0.0376366,0.00277872,8.73549e-42,360233.5845,-0.03860161113,0.002780335201,7.942201053e-44,13.88379757811799
9,9:74638056:A:G,74638056,G,A,0.0274647,0.0764019,0.00720771,3.0056400000000004e-26,360542.1851,0.07944547576,0.007211059785,3.1583092000000003e-28,11.017170586389751
9,9:77023921:A:T,77023921,T,A,0.877551,-0.0316573,0.00359817,1.3967200000000001e-18,359651.4604,-0.0317130356,0.003598558298,1.221608353e-18,8.812705804328754
9,9:80466787:C:G,80466787,G,C,0.678772,0.0247046,0.00290085,1.65329e-17,272686.2798,0.02389665195,0.002904210526,1.8992369439999998e-16,8.228278127933484
9,9:80595353:G:A,80595353,A,G,0.00790671,0.0951137,0.013289,8.24242e-13,361219.9593,0.08994102783,0.01330365071,1.37395287e-11,6.7606275743840545
9,9:87201898:G:A,87201898,A,G,0.438117,0.0161727,0.00237348,9.51161e-12,360830.4855,0.01658140851,0.002373681019,2.837923719e-12,6.985525172622194
9,9:87760538:G:A,87760538,A,G,0.0958503,0.0963429,0.00399766,3.1726299999999997e-128,360763.094,0.09651425025,0.004000937844,1.437512344e-128,24.12290668167651
9,9:91117475:T:C,91117475,C,T,0.0566553,0.0303875,0.00510185,2.58462e-09,359713.7988,0.0306425956,0.005102130986,1.903407863e-09,6.005842594806325
9,9:100117931:T:A,100117931,A,T,0.220755,0.0185364,0.00284087,6.81375e-11,360435.5869,0.0179235176,0.002842515118,2.872398673e-10,6.30551355259318
9,9:100871431:A:T,100871431,T,A,0.176469,-0.0206853,0.00309101,2.20333e-11,360382.0002,-0.02004107178,0.00309280865,9.178716484e-11,6.47989385958294
9,9:115052751:T:A,115052751,A,T,0.12949,-0.0178311,0.00350633,3.6705e-07,361093.423,-0.01766801233,0.003506470655,4.687333607e-07,5.038688204849671
9,9:119670187:A:G,119670187,G,A,0.0410527,-0.0475389,0.00593658,1.17131e-15,360645.0071,-0.04708371604,0.005937222002,2.1868699020000002e-15,7.930260317727631
9,9:120654893:A:C,120654893,C,A,0.288285,-0.0182245,0.00260033,2.41282e-12,360679.961,-0.01761194358,0.002600815987,1.272785429e-11,6.77169921595072
9,9:121571937:G:C,121571937,C,G,0.0787661,0.0704301,0.00437222,2.32865e-58,360529.2639,0.0697661968,0.004374381329,2.903559555e-57,15.94881459864607
9,9:127998015:G:T,127998015,T,G,0.232672,0.0184982,0.00279065,3.39253e-11,359896.2531,0.01855965012,0.00279085736,2.927730467e-11,6.650160766367508
9,9:128519857:A:T,128519857,T,A,0.806984,0.0374513,0.00298632,4.53374e-36,360118.7252,0.03747121003,0.002986984064,4.243190726e-36,12.544830915442072
9,9:132317771:G:C,132317771,C,G,0.213433,-0.0153189,0.00287346,9.76344e-08,361014.3458,-0.01524978085,0.002873585299,1.115157326e-07,5.3068829574353975
9,9:136733950:C:T,136733950,T,C,0.584717,0.0137091,0.00239187,9.96119e-09,360214.8662,0.01367804928,0.002391988118,1.076099795e-08,5.718276431672476
9,9:137815163:T:G,137815163,G,T,0.433916,-0.0311153,0.0023768,3.7704199999999996e-39,360485.673,-0.03098935323,0.002377379881,7.727897040999999e-39,13.035086852406991
17,17:344630:C:A,344630,A,C,0.269085,0.0242853,0.00265523,5.927149999999999e-20,361058.5173,0.02319281879,0.002656243295,2.514589186e-18,8.731436172905237
17,17:824293:A:G,824293,G,A,0.293557,-0.0478596,0.00259001,3.33611e-76,359628.6325,-0.04738382398,0.002591899155,1.16170213e-74,18.2815075534835
17,17:4986208:A:G,4986208,G,A,0.0799759,-0.0448143,0.00433945,5.35235e-25,361312.484,-0.04570162882,0.004343491564,6.850449525e-26,10.521864298940308
17,17:5424281:C:A,5424281,A,C,0.16169,0.0154589,0.00319621,1.32112e-06,361619.9196,0.0169099267,0.003198815639,1.248092573e-07,5.286308624302684
17,17:7005794:G:C,7005794,C,G,0.285575,0.0170979,0.00276704,6.453e-10,320538.042,0.01701145297,0.002767234252,7.873514393e-10,6.147456782057785
17,17:9336154:C:T,9336154,T,C,0.845331,-0.0175209,0.00325931,7.63591e-08,360514.4199,-0.0171649408,0.003259539545,1.393804217e-07,5.2660630629041805
17,17:13190736:G:T,13190736,T,G,0.586069,0.013528,0.0023917,1.54844e-08,360836.3216,0.01348998179,0.002391854585,1.700824016e-08,5.639967360306731
17,17:14555595:G:C,14555595,C,G,0.683679,-0.0135439,0.00253303,8.95129e-08,360863.9705,-0.01372049076,0.002533227028,6.087543688e-08,5.416210473181482
17,17:14716517:G:C,14716517,C,G,0.689187,0.0186689,0.00254662,2.29136e-13,360420.5686,0.01857422398,0.002546883646,3.033035311e-13,7.292922081136957
17,17:15615220:A:T,15615220,T,A,0.478862,0.0137036,0.00247209,2.97e-08,328327.0491,0.01373458924,0.002472324917,2.770823427e-08,5.555333421412102
17,17:16616368:A:C,16616368,C,A,0.605269,0.0144962,0.0024098,1.79511e-09,360897.3149,0.01456235761,0.002410000146,1.517710028e-09,6.0424716712859485
17,17:17562350:A:C,17562350,C,A,0.265998,-0.0202119,0.00266916,3.67287e-14,359952.219,-0.01790911309,0.002691069509,2.832674854e-11,6.6550169106018435
17,17:18083008:C:T,18083008,T,C,0.109534,-0.0267185,0.00383501,3.24332e-12,349043.2313,-0.02363422791,0.003866510463,9.80532613e-10,6.112547253179384
17,17:20510931:A:C,20510931,C,A,0.146898,-0.0292793,0.00347502,3.60082e-17,330837.1938,-0.02950411208,0.003475498322,2.081098592e-17,8.489174600729385
17,17:22136653:A:C,22136653,C,A,0.789848,-0.0393849,0.00289033,2.8554699999999998e-42,360947.1313,-0.04099038369,0.002908342346,4.1304724419999996e-45,14.094071059542316
17,17:22414080:C:T,22414080,T,C,0.1561,0.0121994,0.00324475,0.000170124,361048.4503,0.01701811582,0.003264220615,1.8527941e-07,5.213531138734015
17,17:29003181:G:T,29003181,T,G,0.441601,0.0178625,0.00237994,6.13683e-14,358301.652,0.01782866603,0.002380127236,6.854082196e-14,7.490635693897836
17,17:32768590:G:C,32768590,C,G,0.152343,0.0272968,0.00328132,8.91179e-17,359915.4181,0.02728336851,0.003281640816,9.257509927e-17,8.313941116583187
17,17:41140144:G:C,41140144,C,G,0.241526,-0.0134785,0.00275648,1.01005e-06,359567.6574,-0.01358271269,0.002756579954,8.334023189e-07,4.927378460505195
17,17:42919764:G:A,42919764,A,G,0.0815103,0.0327502,0.00430617,2.84692e-14,360483.1499,0.03252096683,0.004306650381,4.308136661e-14,7.551336642852504
17,17:44587355:A:C,44587355,C,A,0.0224424,-0.0394254,0.00795737,7.25218e-07,360282.7136,-0.03918319105,0.007957968037,8.489333022e-07,4.923768337321861
17,17:48914276:C:G,48914276,G,C,0.56434,0.0171294,0.0023737,5.35183e-13,361260.9269,0.01488482375,0.002390429202,4.759321814e-10,6.226841496726327
17,17:49080321:G:C,49080321,C,G,0.313607,0.0206514,0.00253912,4.19113e-16,360594.4712,0.01877153798,0.002556975848,2.115221549e-13,7.341304375120558
17,17:49933597:C:G,49933597,G,C,0.165435,-0.0334317,0.00317049,5.4246e-26,360536.7329,-0.03319765117,0.003171219066,1.206404999e-25,10.468419393010802
17,17:50477853:T:G,50477853,G,T,0.0500416,0.0334647,0.00539911,5.71821e-10,361158.1757,0.03354457637,0.005399588108,5.217061073e-10,6.212432448375191
17,17:51768737:T:A,51768737,A,T,0.389491,0.0110765,0.0024169,4.58613e-06,360322.68,0.01289224658,0.002419751739,9.934320671e-08,5.327921196299221
17,17:52110351:C:G,52110351,G,C,0.0578346,0.0686402,0.00504614,3.96279e-42,360551.6439,0.06842704179,0.005065245769,1.3815237069999998e-41,13.50912569904957
17,17:52177321:A:C,52177321,C,A,0.320843,-0.0174644,0.00252367,4.51671e-12,360610.3788,-0.01594796552,0.002531555348,2.982782929e-10,6.299670885173157
17,17:52718808:A:C,52718808,C,A,0.203234,0.0174992,0.00293064,2.35872e-09,359855.9138,0.0181610531,0.002931653028,5.835290347e-10,6.194816687563342
17,17:55398437:G:T,55398437,T,G,0.566446,0.0941424,0.00237575,0.0,359524.0085,0.09425106062,0.002380980144,0.0,39.58498388048716
17,17:55999052:A:T,55999052,T,A,0.184558,-0.0235412,0.00303367,8.51691e-15,361317.3131,-0.02434158418,0.003033973575,1.031894201e-15,8.023004676301442
17,17:57962967:T:A,57962967,A,T,0.137353,0.0267868,0.00341536,4.41012e-15,362081.0131,0.02654938888,0.003415910642,7.709028508e-15,7.772272656539825
17,17:59936748:C:G,59936748,G,C,0.614677,0.0280993,0.00248131,1.00548e-29,343105.4307,0.02782694235,0.002481972228,3.575669264e-29,11.211625189063154
17,17:61923128:G:T,61923128,T,G,0.248356,-0.0219388,0.00273134,9.59687e-16,359341.5434,-0.02171171988,0.002731758549,1.897130684e-15,7.947891254132944
17,17:63861937:T:A,63861937,A,T,0.152744,-0.0623383,0.0033708,2.52136e-76,340049.7643,-0.06246524465,0.003372730757,1.406666894e-76,18.520673350624058
17,17:67414149:C:A,67414149,A,C,0.185106,0.0255575,0.00303066,3.38228e-17,361195.4092,0.02569657993,0.003031072375,2.2965176299999998e-17,8.4777190218033
17,17:69222085:C:A,69222085,A,C,0.0597686,0.030258,0.00496257,1.08021e-09,361624.6277,0.02917303948,0.004975582344,4.539180508e-09,5.863241217418389
17,17:69410040:T:A,69410040,A,T,0.287063,-0.0157498,0.00260648,1.51836e-09,359950.314,-0.01436408254,0.002613494175,3.882342167e-08,5.496121888237995
17,17:69670019:C:G,69670019,G,C,0.437046,-0.0251349,0.00237641,3.8504e-26,360119.0388,-0.02463153094,0.002378677322,3.966159341e-25,10.355137585155823
17,17:70108596:C:T,70108596,T,C,0.113931,-0.0265466,0.00370767,8.08753e-13,360620.5258,-0.02500073441,0.003710223864,1.602109343e-11,6.738335832665002
17,17:72890778:C:T,72890778,T,C,0.281138,-0.0235034,0.00261746,2.73325e-19,361411.2818,-0.0235294006,0.00261778691,2.511305554e-19,8.988279569325222
17,17:77447309:C:G,77447309,G,C,0.207434,-0.0196347,0.00290196,1.32602e-11,361468.576,-0.01968194286,0.002902196258,1.187363407e-11,6.78174083015443
17,17:78956387:G:T,78956387,T,G,0.492686,0.0156579,0.00235691,3.06941e-11,360443.7774,0.01571836395,0.002357098635,2.583924412e-11,6.668521934806518
17,17:79419610:C:A,79419610,A,C,0.257593,0.0299629,0.00269539,1.0562700000000002e-28,360126.7954,0.03010558084,0.002695886659,5.899330612e-29,11.167227946877865
17,17:80461147:T:C,80461147,C,T,0.200941,0.0181728,0.00293409,5.8847e-10,362062.4509,0.01834266744,0.002934267986,4.073362996e-10,6.2511902551221175
8,8:1295744:G:T,1295744,T,G,0.0340575,0.0393807,0.00649876,1.36496e-09,360255.5523,0.03958735224,0.006499109494,1.120699696e-09,6.091196382603982
8,8:2762646:C:A,2762646,A,C,0.160465,0.0199866,0.00320241,4.34919e-10,362293.2936,0.01995323527,0.003202621273,4.655948235e-10,6.2302824995942006
8,8:4261392:T:G,4261392,G,T,0.429531,0.0577661,0.00238132,6.92259e-130,359673.0909,0.05756772058,0.002383296649,6.670523353999999e-129,24.154660144449355
8,8:7866135:G:T,7866135,T,G,0.741771,0.0135363,0.00269191,4.94546e-07,360623.1463,0.01374347962,0.002692042444,3.3040295e-07,5.105223972464232
8,8:10445553:C:T,10445553,T,C,0.23425,0.0268328,0.00278131,5.06473e-22,360663.7732,0.02686683879,0.002781736586,4.533361005e-22,9.658297239651
8,8:12360382:C:A,12360382,A,C,0.448323,0.0480291,0.0023668,1.67218e-91,360899.0166,0.0480676625,0.002368211283,1.36586898e-91,20.297032973810047
8,8:13161033:G:T,13161033,T,G,0.256895,-0.0142141,0.00269356,1.31347e-07,361399.3567,-0.01561806135,0.002708365536,8.088660853e-09,5.766600240034955
8,8:13260839:C:A,13260839,A,C,0.0251838,0.0338887,0.0075137,6.47698e-06,361163.4724,0.03853615895,0.007554900339,3.381916499e-07,5.100816320642665
8,8:15617944:C:A,15617944,A,C,0.597328,0.0160583,0.0023998,2.21174e-11,361336.4428,0.01607948181,0.002400036711,2.088741365e-11,6.6996816074952115
8,8:17728147:C:A,17728147,A,C,0.313311,-0.0217461,0.00254021,1.12577e-17,360509.5147,-0.02155539557,0.002540516015,2.163643396e-17,8.484652504739278
8,8:19399353:G:A,19399353,A,G,0.447106,0.0182261,0.00236925,1.44347e-14,360690.3979,0.01808641188,0.002369472079,2.29179065e-14,7.633097701507037
8,8:21108029:T:A,21108029,A,T,0.0708288,-0.0286522,0.00459652,4.56776e-10,359972.3786,-0.02863519963,0.004596816531,4.683609781e-10,6.229354475404883
8,8:22454170:T:C,22454170,C,T,0.0981853,-0.0212523,0.00396385,8.25701e-08,359788.3399,-0.02138883563,0.003964131793,6.829819265e-08,5.395591455301546
8,8:28091542:T:A,28091542,A,T,0.0555454,0.0417702,0.00514281,4.59779e-16,360720.1672,0.0422215366,0.005143454664,2.2342955559999996e-16,8.208789492306876
8,8:28564403:G:C,28564403,C,G,0.0256,0.0398025,0.00746968,9.90624e-08,359637.0828,0.0397445972,0.007470145047,1.035060218e-07,5.320458565387747
8,8:30158111:C:G,30158111,G,C,0.155328,-0.0245674,0.00325139,4.167e-14,360857.1355,-0.02567145509,0.003255034513,3.103016598e-15,7.886692134130376
8,8:30235827:A:G,30235827,G,A,0.0107966,-0.0738252,0.0114023,9.51754e-11,360472.338,-0.07823146882,0.01141485299,7.207463685e-12,6.853480188359394
8,8:31282497:C:A,31282497,A,C,0.317058,0.0126731,0.00252826,5.37341e-07,361646.1142,0.0126442973,0.002528428129,5.707723042e-07,5.000852962746009
8,8:33324462:A:G,33324462,G,A,0.413584,-0.0147146,0.00249402,3.63921e-09,331791.3988,-0.01468211548,0.002494206364,3.944887222e-09,5.886487859189827
8,8:36559993:A:G,36559993,G,A,0.169873,0.021762,0.00330262,4.42446e-11,325413.8717,0.02164924371,0.003302898415,5.578377575e-11,6.55461990949546
8,8:41760371:G:T,41760371,T,G,0.349616,0.0173091,0.00247123,2.48778e-12,360440.3422,0.01734506073,0.002471570285,2.253400646e-12,7.017830257657431
8,8:43204776:C:G,43204776,G,C,0.459896,0.0291727,0.00267067,9.00496e-28,282435.5748,0.03440541431,0.002818861421,2.90770138e-34,12.205429487837176
8,8:43432137:T:G,43432137,G,T,0.56257,-0.00502295,0.00258675,0.052162,304005.0322,-0.01543417844,0.00272986432,1.569148749e-08,5.653826209208815
16,16:2272965:G:C,2272965,C,G,0.287616,-0.0151935,0.00260528,5.48668e-09,359872.3358,-0.0152071878,0.002605416398,5.322597382e-09,5.836759073011715
16,16:4459219:G:T,4459219,T,G,0.157651,0.0269727,0.00323722,7.9723e-17,359590.7016,0.02705940908,0.003237549633,6.379558095e-17,8.357990501268711
16,16:6262592:G:A,6262592,A,G,0.184733,0.0268212,0.003039,1.0926800000000001e-18,359770.6662,0.02674852394,0.003039383634,1.360369894e-18,8.80064090652401
16,16:7088147:G:A,7088147,A,G,0.159051,0.0169432,0.0032199,1.42554e-07,360912.0334,0.01664443314,0.003220057715,2.353675685e-07,5.168985966451848
16,16:9985812:T:A,9985812,A,T,0.0108174,0.0559673,0.0113755,8.65859e-07,361456.5329,0.05599130412,0.01137604651,8.572569347e-07,4.921859634696589
16,16:10278865:T:C,10278865,C,T,0.51,0.0321458,0.00235961,2.9805899999999996e-42,359546.1807,0.03204444291,0.002360260894,5.508682522e-42,13.576652899456969
16,16:12085226:C:A,12085226,A,C,0.388759,0.0132244,0.00244019,5.98321e-08,353711.5614,0.01323170355,0.002440317343,5.889496019e-08,5.422124129861581
16,16:13660026:G:C,13660026,C,G,0.553289,-0.0139312,0.00236771,4.01234e-09,361200.3701,-0.01375932332,0.002367931004,6.221425786e-09,5.810694355856325
16,16:14179951:T:C,14179951,C,T,0.965884,-0.0372814,0.00649036,9.24773e-09,360549.6842,-0.03729794549,0.006491383675,9.150795668e-09,5.745761975777837
16,16:15093969:G:C,15093969,C,G,0.197272,-0.0153435,0.00296179,2.21416e-07,360288.8146,-0.01544254521,0.002962153651,1.855275482e-07,5.213282979019916
16,16:18770186:A:T,18770186,T,A,0.408889,0.0314777,0.00239316,1.6663799999999998e-39,361409.6318,0.03140211043,0.002393742188,2.5827039679999998e-39,13.118417926300088
16,16:25262958:C:A,25262958,A,C,0.272055,0.0224993,0.00264504,1.80399e-17,361175.8858,0.02257954436,0.002645314159,1.393384247e-17,8.535675917047099
16,16:28501225:G:C,28501225,C,G,0.411918,-0.0120013,0.00238995,5.12775e-07,361717.0214,-0.01197107081,0.002390101961,5.482665561e-07,5.008602563964007
16,16:30325301:T:C,30325301,C,T,0.271133,0.0137592,0.00265214,2.12736e-07,360055.5351,0.01318745723,0.002653998763,6.733341912e-07,4.9689010461682726
16,16:31326378:C:T,31326378,T,C,0.195946,0.0252955,0.00297788,1.99571e-17,358180.579,0.02540555003,0.002981105968,1.5656492109999998e-17,8.522189517149027
16,16:33841408:C:G,33841408,G,C,0.0838342,0.0350283,0.0045328,1.09758e-14,317114.0504,0.03443205499,0.004610659213,8.146954944000001e-14,7.4679245199725415
16,16:33906590:G:C,33906590,C,G,0.473544,-0.0176715,0.00419933,2.57514e-05,113835.6101,-0.04241728549,0.004983279363,1.7107357459999998e-17,8.511922049753244
16,16:35744209:C:G,35744209,G,C,0.510594,0.0170784,0.00431958,7.69605e-05,107333.9391,0.04732914219,0.005508488352,8.543999286e-18,8.592038171927136
16,16:35971828:A:G,35971828,G,A,0.210792,-0.0169421,0.00429638,8.03722e-05,162980.0932,-0.02575272036,0.00475088612,5.939464404e-08,5.4206141148253835
6,6:63874618:T:C,63874618,C,T,0.0388815,0.0372459,0.0060928,9.78171e-10,360605.2216,0.03721028385,0.006093167279,1.015931326e-09,6.1068869680050675
6,6:65717573:A:G,65717573,G,A,0.157438,0.0184137,0.00323541,1.26182e-08,360264.6785,0.01833400994,0.003235564083,1.458263441e-08,5.666402973233895
6,6:69239507:T:A,69239507,A,T,0.184633,0.0266732,0.0030361,1.5653200000000001e-18,360448.5003,0.02663565951,0.003036473589,1.756677392e-18,8.77190554414534
6,6:71778677:T:G,71778677,G,T,0.536523,0.0139981,0.0023607,3.03853e-09,360986.0142,0.01236299619,0.002372854905,1.886596412e-07,5.21017790171203
6,6:72297377:T:A,72297377,A,T,0.544316,0.0171364,0.00236416,4.22569e-13,360826.9475,0.01581870536,0.002376382289,2.801711334e-11,6.656633250139494
6,6:73003003:C:T,73003003,T,C,0.0112683,0.0657198,0.0111458,3.71942e-09,361434.5629,0.06592715618,0.01114676965,3.329601616e-09,5.914462956539162
6,6:73894022:C:T,73894022,T,C,0.520127,0.013903,0.00235864,3.76129e-09,360271.4889,0.01382830135,0.00235887345,4.566421033e-09,5.8622480786326205
6,6:75743620:C:T,75743620,T,C,0.514573,0.025927,0.0023601,4.53104e-28,359462.2571,0.02599243606,0.002360650918,3.3932959760000002e-28,11.010707200207904
6,6:76600791:T:G,76600791,G,T,0.0145232,-0.0478112,0.00984608,1.19917e-06,360551.2155,-0.04861446598,0.009847112714,7.936360064e-07,4.936925918486039
6,6:79757129:A:G,79757129,G,A,0.523554,0.0121682,0.0023584,2.47717e-07,360569.2164,0.01221204461,0.002358513271,2.244490814e-07,5.177857067907082
6,6:83001382:A:G,83001382,G,A,0.333805,-0.0168336,0.00249584,1.53602e-11,361117.3984,-0.01668810559,0.002496107103,2.298974088e-11,6.685652859183422
6,6:83944255:C:A,83944255,A,C,0.180539,0.0203316,0.00306743,3.40254e-11,359359.4563,0.02003934914,0.003067744511,6.47783015e-11,6.532274466842001
6,6:85501150:C:T,85501150,T,C,0.508383,-0.0118571,0.0023626,5.20599e-07,358593.1593,-0.01162552171,0.002362870907,8.650738221e-07,4.920083308639256
6,6:94458398:C:G,94458398,G,C,0.225814,-0.0342181,0.00281895,6.69456e-34,359983.1401,-0.03432173712,0.002819552597,4.341498008e-34,12.172760017500039
6,6:96559784:A:C,96559784,C,A,0.323046,-0.0152934,0.00251733,1.23914e-09,360979.5295,-0.01584004654,0.002519272068,3.225172642e-10,6.287548987345022
6,6:96635911:T:C,96635911,C,T,0.270252,0.0137999,0.00265266,1.9696e-07,360489.9798,0.0133482248,0.002657238596,5.07793499e-07,5.023344467483416
6,6:96948571:G:T,96948571,T,G,0.460944,-0.0140726,0.00236688,2.75607e-09,359379.7185,-0.01357354479,0.002369322503,1.011007816e-08,5.728871765162144
6,6:97968449:C:G,97968449,G,C,0.0671439,-0.0356485,0.00471444,3.99203e-14,359319.0685,-0.03463324695,0.004716275083,2.083166941e-13,7.3433475233106975
6,6:101130679:T:G,101130679,G,T,0.480355,-0.0229705,0.00236142,2.3186899999999997e-22,359336.1606,-0.02243102791,0.002363913866,2.3340391069999998e-21,9.488936222518017
6,6:101651789:G:T,101651789,T,G,0.0444407,-0.0390645,0.00571687,8.31688e-12,360428.7142,-0.03670794067,0.005722465781,1.410940601e-10,6.414706889446055
6,6:102907995:G:T,102907995,T,G,0.69378,0.0132858,0.00255589,2.01424e-07,360461.2704,0.01286140563,0.00255686864,4.901234135e-07,5.030139377828968
6,6:103223475:G:T,103223475,T,G,0.252356,0.0147341,0.00271222,5.5615e-08,360443.2822,0.01447864636,0.002713310799,9.493837293e-08,5.336154769050474
6,6:105941654:G:C,105941654,C,G,0.0470504,-0.0304131,0.00556129,4.53635e-08,360753.4296,-0.02933964352,0.005569420199,1.379264807e-07,5.267988851921784
6,6:106231851:A:C,106231851,C,A,0.245886,-0.0141156,0.00273799,2.53139e-07,359885.3903,-0.01343304566,0.002741971176,9.630260998e-07,4.899046998588872
6,6:113433401:G:A,113433401,A,G,0.364498,-0.0260578,0.00244971,2.0204e-26,359793.1026,-0.0192266514,0.002536929713,3.490110162e-14,7.5787087444625625
6,6:113491928:C:G,113491928,G,C,0.0439718,-0.0719886,0.00573684,4.12419e-36,361452.4946,-0.06061232922,0.005941462994,1.9506636540000002e-24,10.20158322642243
6,6:118675908:G:C,118675908,C,G,0.0603,0.0339705,0.00495477,7.08665e-12,359600.6822,0.03483291969,0.004955851222,2.085485919e-12,7.028645156934858
6,6:119951451:C:G,119951451,G,C,0.13271,-0.0258686,0.00346873,8.82786e-14,361206.0032,-0.02721561969,0.003479068834,5.1713093360000004e-15,7.822673533799936
6,6:120203927:G:A,120203927,A,G,0.0862191,-0.0211436,0.00419309,4.59769e-07,361148.904,-0.02321052052,0.00420539295,3.40493102e-08,5.519227524267381
6,6:121106208:C:G,121106208,G,C,0.23297,0.0361134,0.00278432,1.83912e-38,360975.5709,0.03564531284,0.002785827433,1.743274238e-37,12.795233623503485
6,6:121770254:T:A,121770254,A,T,0.429664,-0.0195368,0.00238028,2.25994e-16,360274.696,-0.01862600454,0.00238163688,5.254144264e-15,7.8206735444909645
6,6:122729256:A:G,122729256,G,A,0.138684,-0.0222023,0.00340937,7.4182e-11,360281.9853,-0.0225297308,0.003409803298,3.912858684e-11,6.60734031585185
6,6:123047895:G:C,123047895,C,G,0.343608,-0.0160955,0.00248059,8.67738e-11,360448.781,-0.01535014183,0.002481680869,6.195263364e-10,6.185381054327658
6,6:125817023:G:T,125817023,T,G,0.572749,-0.0128602,0.00238173,6.68558e-08,360382.0856,-0.0128920276,0.002381900747,6.215234084e-08,5.412495720586798
6,6:130031731:C:G,130031731,G,C,0.239689,-0.0146651,0.00275953,1.07112e-07,360484.9748,-0.01493225018,0.002759724011,6.275200645e-08,5.410776628561935
6,6:133120813:C:G,133120813,G,C,0.0157121,0.0746964,0.00947233,3.13533e-15,360483.9032,0.07477467781,0.009473312047,2.945521932e-15,7.893192733335494
6,6:134285565:G:C,134285565,C,G,0.0180235,-0.0493723,0.00885163,2.438e-08,360750.2373,-0.04951410904,0.008852315972,2.227285698e-08,5.593350847011541
6,6:135218077:C:G,135218077,G,C,0.779894,-0.014538,0.00284203,3.13326e-07,360806.6517,-0.01435640302,0.002842192299,4.391067483e-07,5.05117230282102
6,6:143621542:T:G,143621542,G,T,0.174899,-0.0160651,0.00310223,2.23704e-07,360210.2368,-0.01602153037,0.003102355922,2.413263568e-07,5.164310856915275
6,6:145384651:T:G,145384651,G,T,0.402511,-0.0125172,0.00246271,3.72299e-07,342976.1679,-0.01258895557,0.00246281203,3.194103444e-07,5.111618514385769
6,6:148573845:T:G,148573845,G,T,0.263505,0.0135648,0.00267497,3.95928e-07,360249.4405,0.0134051546,0.00267519962,5.417639721e-07,5.010898812851954
6,6:148584062:C:A,148584062,A,C,0.568139,-0.0221979,0.00237452,8.949049999999999e-21,361556.0151,-0.0221347395,0.002374927767,1.16149905e-20,9.320173778573704
6,6:155042674:G:A,155042674,A,G,0.662491,-0.0218913,0.00248873,1.4213800000000001e-18,361174.327,-0.02198030827,0.002489125217,1.041758775e-18,8.830535370370642
6,6:155521910:C:T,155521910,T,C,0.207944,0.0151093,0.00289872,1.86497e-07,361479.2298,0.01542944345,0.002899009713,1.024548485e-07,5.32231519639617
6,6:159603436:C:G,159603436,G,C,0.178103,-0.0177186,0.00307789,8.58288e-09,360741.4885,-0.01829106825,0.003080152097,2.878780782e-09,5.938365273524997
6,6:159924809:G:A,159924809,A,G,0.0124976,-0.0535053,0.0105931,4.3987e-07,361234.491,-0.05666756364,0.01060223175,9.048134533e-08,5.344871247508809
6,6:160160433:G:A,160160433,A,G,0.86068,0.0179026,0.00340656,1.47857e-07,359509.3476,0.01810143498,0.003407555524,1.083413043e-07,5.312146743467121
6,6:161184293:C:A,161184293,A,C,0.436179,-0.0134693,0.00237689,1.45614e-08,360054.2245,-0.013468929,0.002377088275,1.46045176e-08,5.666145907013066
6,6:162096179:T:G,162096179,G,T,0.197476,0.0242903,0.00295839,2.20699e-16,360633.8003,0.02204617923,0.002969880728,1.142772504e-13,7.423254079582687
6,6:162181429:A:G,162181429,G,A,0.62729,-0.022997,0.00243246,3.2734999999999995e-21,361570.2034,-0.02138671506,0.002441982962,1.988691665e-18,8.757929679609287
6,6:168965034:G:C,168965034,C,G,0.451661,0.014792,0.00236462,3.96534e-10,361242.8987,0.01494810404,0.002365339587,2.621666171e-10,6.319643962395663
6,6:169103968:C:A,169103968,A,C,0.0845417,-0.020763,0.00422971,9.16575e-07,361302.623,-0.02123528446,0.004230848031,5.189910821e-07,5.0191555698541235
6,6:169392552:C:A,169392552,A,C,0.0584964,-0.0523228,0.0050238,2.13602e-25,359819.0056,-0.05263189547,0.005024660309,1.128745324e-25,10.47471714171952
1,1:603915:G:A,603915,A,G,0.847952,0.0217454,0.00328681,3.69675e-11,359096.0413,0.02176361053,0.003287016624,3.565762001e-11,6.621083194740788
1,1:4713577:C:A,4713577,A,C,0.0988721,-0.0458928,0.00394896,3.2458000000000003e-31,359895.2509,-0.04602559003,0.003949713943,2.218015123e-31,11.652892005399593
1,1:7307388:C:T,7307388,T,C,0.277393,0.0151259,0.0026294,8.79494e-09,360922.4761,0.01514152827,0.002629530626,8.498400046e-09,5.758262756206438
1,1:13063921:A:C,13063921,C,A,0.493791,-0.0178799,0.00235384,3.05983e-14,361134.0437,-0.01797383263,0.002354045551,2.2530363290000002e-14,7.635295171907232
1,1:21991830:A:G,21991830,G,A,0.493192,0.0136805,0.00236242,7.0068e-09,358550.5643,0.01199067621,0.002380757853,4.741322562e-07,5.036495498645742
1,1:22004178:G:C,22004178,C,G,0.0163739,-0.0664091,0.00928025,8.32467e-13,360579.9092,-0.0608434401,0.009352381451,7.73515612e-11,6.505662800301451
1,1:24942093:T:G,24942093,G,T,0.152789,-0.020642,0.00327175,2.80879e-10,360971.5215,-0.02070950224,0.003271938523,2.460702499e-10,6.329428898013559
1,1:29351758:G:A,29351758,A,G,0.192765,-0.0310504,0.00298652,2.5836000000000003e-25,360309.2693,-0.03105972732,0.00298698322,2.52236513e-25,10.398360162197363
1,1:31445399:A:C,31445399,C,A,0.0254183,0.0633581,0.00748164,2.49531e-17,360678.3003,0.06345024426,0.007482403264,2.2533248279999998e-17,8.479928442947925
1,1:36081545:C:T,36081545,T,C,0.0545451,-0.0376179,0.00521975,5.73744e-13,355963.4551,-0.03748920139,0.005220134242,6.88727143e-13,7.181654657148565
1,1:46530433:T:C,46530433,C,T,0.239608,-0.0237967,0.0027576,6.186420000000001e-18,360972.1911,-0.02381689419,0.002757905979,5.828607052e-18,8.635861545445382
1,1:47739066:A:T,47739066,T,A,0.114667,0.0184912,0.00370251,5.90977e-07,359415.6714,0.01838621444,0.00370291862,6.858420174e-07,4.96533041279746
1,1:50099864:A:C,50099864,C,A,0.383886,-0.0212101,0.00323174,5.278e-11,202459.006,-0.02087362126,0.003232328729,1.062601582e-10,6.457765595660119
1,1:51528330:G:T,51528330,T,G,0.358635,-0.0167293,0.00248415,1.6482e-11,352367.0586,-0.01367900452,0.002532070112,6.579148383e-08,5.402300850664596
1,1:51548931:A:G,51548931,G,A,0.0684633,0.0354432,0.00467146,3.27727e-14,359361.9574,0.03030022453,0.004761537796,1.971591731e-10,6.363537543575554
1,1:54274228:T:C,54274228,C,T,0.0130345,-0.0530292,0.0103969,3.39008e-07,359690.7239,-0.05329002758,0.01039748614,2.970959166e-07,5.1252799823400395
1,1:57085115:G:C,57085115,C,G,0.0151156,-0.0535274,0.00965563,2.96446e-08,360375.9605,-0.05361903298,0.009656135294,2.810555435e-08,5.552846076350761
1,1:59113061:T:G,59113061,G,T,0.0992966,-0.0383803,0.00393832,1.94341e-22,360505.7106,-0.03825815421,0.003938890781,2.65601243e-22,9.712925881201272
1,1:61615023:A:T,61615023,T,A,0.353489,-0.0308313,0.00246072,5.24662e-36,361326.5349,-0.03083756912,0.002461265399,5.171242069e-36,12.529152334619889
1,1:62534188:A:T,62534188,T,A,0.0223577,-0.0499877,0.00796281,3.44123e-10,360892.1943,-0.0501158373,0.007963364628,3.107881995e-10,6.293299332770425
1,1:64172423:T:C,64172423,C,T,0.599799,0.0161337,0.00240744,2.06426e-11,359513.8525,0.01610805242,0.002407610852,2.224522859e-11,6.6904717623361165
1,1:64744942:G:C,64744942,C,G,0.247897,-0.0190622,0.0027288,2.84228e-12,360258.2209,-0.01890289352,0.002729111294,4.317104222e-12,6.926391591855689
1,1:65946708:G:A,65946708,A,G,0.0557715,0.0354715,0.00513319,4.84667e-12,360448.3878,0.03500883393,0.005133808183,9.150306715e-12,6.819271909287071
1,1:68289142:T:A,68289142,A,T,0.632007,0.0120291,0.00244104,8.31708e-07,360931.0695,0.0121245042,0.002441154825,6.809886204e-07,4.966708410229573
1,1:72115424:G:A,72115424,A,G,0.180738,-0.0345454,0.00316555,1.0097299999999999e-27,337008.4015,-0.03464383286,0.003166125184,7.255781203e-28,10.94202877229001
1,1:80015269:T:C,80015269,C,T,0.844879,0.0325865,0.00325183,1.24197e-23,360847.0045,0.03264430698,0.003252362466,1.047008338e-23,10.037106048683567
1,1:80780280:A:T,80780280,T,A,0.362706,-0.0130843,0.00245078,9.36057e-08,360269.2077,-0.0128597318,0.00245093861,1.54713358e-07,5.246860018252354
1,1:82868748:C:T,82868748,T,C,0.481179,-0.0130933,0.00235803,2.81571e-08,360333.5535,-0.01294975224,0.002358226975,3.989663746e-08,5.491308672694662
1,1:83381805:A:C,83381805,C,A,0.12162,0.0240729,0.00360269,2.36152e-11,360719.6064,0.02391825957,0.003603099654,3.174391439e-11,6.638245362835585
1,1:83908217:G:C,83908217,C,G,0.521464,0.0139843,0.00235795,3.01892e-09,360507.4352,0.01392708648,0.002358143148,3.506104271e-09,5.905954645633752
1,1:84411486:A:T,84411486,T,A,0.0288604,-0.0596714,0.00702867,2.07904e-17,361200.0115,-0.05911027122,0.007029477927,4.1382646269999995e-17,8.408913412041503
1,1:86521978:C:G,86521978,G,C,0.345608,0.0229034,0.00247541,2.20737e-20,360865.7474,0.02282424347,0.002475719572,2.992240367e-20,9.219236188192967
1,1:91115687:C:A,91115687,A,C,0.216311,0.0142936,0.00285803,5.69983e-07,361225.7749,0.01418683002,0.002858229599,6.923311666e-07,4.963502590891754
1,1:93473614:G:A,93473614,A,G,0.561053,0.0182078,0.00237256,1.66692e-14,360780.8297,0.01800870568,0.002372806074,3.208353708e-14,7.589623896082458
1,1:97616611:C:T,97616611,T,C,0.487514,0.03579,0.00235579,4.1230199999999996e-52,360532.5997,0.03580870252,0.00235657326,3.802528968e-52,15.195242655006616
1,1:100318819:T:G,100318819,G,T,0.235725,-0.0149953,0.00277509,6.53845e-08,360512.3203,-0.01595339589,0.002781945319,9.773190986e-09,5.734618786732522
1,1:100431219:T:G,100431219,G,T,0.173833,0.0189041,0.00310804,1.18585e-09,360534.5568,0.01981445172,0.003115637222,2.02176182e-10,6.3596787135829125
1,1:101665770:A:C,101665770,C,A,0.140913,-0.0346285,0.00338353,1.4010500000000001e-24,360836.4533,-0.03436275837,0.003384253013,3.189672774e-24,10.153720256139726
1,1:104772998:T:G,104772998,G,T,0.173851,0.0196479,0.00310894,2.62217e-10,360293.4201,0.02204646136,0.003111603753,1.388028961e-12,7.085240637964996
1,1:105137911:G:A,105137911,A,G,0.494446,-0.0425139,0.00235512,8.23941e-73,360462.2541,-0.04308280606,0.002358079706,1.426837852e-74,18.270292539466855
1,1:107886245:A:G,107886245,G,A,0.805479,-0.0206044,0.0029784,4.58988e-12,359848.9267,-0.02086885975,0.002978648099,2.449627221e-12,7.006151467508414
1,1:110172910:T:C,110172910,C,T,0.100351,0.0246904,0.00392613,3.2039e-10,359412.1774,0.02469961988,0.003926392495,3.161088313e-10,6.2906650090263065
1,1:110696878:G:A,110696878,A,G,0.225621,-0.0320668,0.00281817,5.40915e-30,360363.8838,-0.03207646841,0.002818687054,5.264046102e-30,11.379932498884639
1,1:113224087:G:T,113224087,T,G,0.296278,0.0151485,0.00258079,4.36921e-09,360178.1137,0.01511159164,0.002580957136,4.769125967e-09,5.85503394427547
1,1:118342338:T:G,118342338,G,T,0.548049,0.0160327,0.00236499,1.21042e-11,361027.3351,0.01600437565,0.002365143058,1.316904933e-11,6.7667685452961726
1,1:120323868:T:G,120323868,G,T,0.0664821,-0.0235384,0.00472541,6.32087e-07,360934.5856,-0.02356305716,0.004725578015,6.155278641e-07,4.986280426480273
3,3:2206193:T:C,2206193,C,T,0.790829,0.0224974,0.00289753,8.22823e-15,360155.6228,0.02248169596,0.002897780718,8.611192786000001e-15,7.75824610204339
3,3:3480857:G:C,3480857,C,G,0.0807056,-0.027051,0.00432419,3.96099e-10,360568.5751,-0.02706029277,0.004324419018,3.910580659e-10,6.25755567565585
3,3:5738519:G:A,5738519,A,G,0.195054,-0.0160117,0.00297219,7.16205e-08,360655.9801,-0.01608528652,0.002972340483,6.244428909e-08,5.411656777545561
3,3:8194125:T:A,8194125,A,T,0.695053,-0.0268253,0.00255485,8.735050000000001e-26,361490.8392,-0.02684969575,0.002555248682,7.964142988e-26,10.507664455181196
3,3:14572205:G:C,14572205,C,G,0.0266378,-0.0497501,0.007324,1.10186e-11,359647.9715,-0.04929355006,0.007324628817,1.698545237e-11,6.72983591272131
3,3:18229952:T:A,18229952,A,T,0.0246996,-0.0545213,0.00758445,6.55987e-13,360964.2161,-0.04965162141,0.007613635755,6.965066437e-11,6.521407512487443
3,3:18395760:C:G,18395760,G,C,0.671961,-0.0190088,0.00250808,3.49049e-14,360729.2513,-0.01765631461,0.002517831597,2.340832109e-12,7.01250815623949
3,3:19242372:G:T,19242372,T,G,0.287676,-0.0128415,0.0026011,7.93909e-07,360809.6833,-0.01298097236,0.002601296702,6.031902348e-07,4.9901929103356855
3,3:36639151:T:A,36639151,A,T,0.22166,0.019225,0.00284696,1.45222e-11,357707.5183,0.01910518072,0.002847149034,1.942449974e-11,6.710284741631126
3,3:41318907:C:G,41318907,G,C,0.153055,-0.048436,0.00327335,1.5822e-49,359957.4119,-0.04836895717,0.003274354171,2.21826854e-49,14.77206027325625
3,3:48618670:T:A,48618670,A,T,0.433264,-0.0250431,0.00251619,2.4688600000000002e-23,321698.4705,-0.02510609408,0.002516606078,1.9380055369999998e-23,9.976171598517453
3,3:52074120:A:G,52074120,G,A,0.555067,0.0173052,0.00239844,5.39685e-13,352079.6337,0.01746073994,0.002398646939,3.352776422e-13,7.279412262014439
3,3:54910419:A:G,54910419,G,A,0.371602,0.0147112,0.00243525,1.53381e-09,361209.3727,0.01471883543,0.002435376241,1.505611603e-09,6.0437624307101885
3,3:60783164:T:C,60783164,C,T,0.881541,0.0244977,0.00364755,1.86785e-11,360027.2189,0.02454982444,0.003647803857,1.696296921e-11,6.7300286425460625
3,3:65450442:C:T,65450442,T,C,0.0472266,-0.0383585,0.00555977,5.23447e-12,359629.5725,-0.03854738289,0.005560310554,4.131889691e-12,6.932595313812035
3,3:65831405:A:C,65831405,C,A,0.401285,-0.0143539,0.00240326,2.33616e-09,360483.4016,-0.01273071074,0.002404876127,1.198611099e-07,5.293707479179446
3,3:66083438:G:T,66083438,T,G,0.402897,0.0466852,0.00240308,5.0165200000000005e-84,359722.5528,0.04623126574,0.002405766093,2.674841036e-82,19.216858145319282
3,3:67500168:A:G,67500168,G,A,0.511288,-0.0261321,0.00235556,1.3593e-28,360701.3152,-0.02610963029,0.002356068616,1.5364140430000001e-28,11.081863283900217
3,3:69172183:T:C,69172183,C,T,0.204139,0.0210014,0.00292072,6.46764e-13,360908.8737,0.02132546362,0.00292111968,2.868247764e-13,7.300441596422369
3,3:69965414:G:A,69965414,A,G,0.0565734,0.0315621,0.00509051,5.64537e-10,361670.9932,0.03101676922,0.005090872345,1.11074991e-09,6.092623644445362
3,3:73140580:G:T,73140580,T,G,0.0947127,-0.0576966,0.00402279,1.2237700000000001e-46,360334.2991,-0.0573384898,0.004024301936,4.60917393e-46,14.248058597957051
3,3:73329170:G:T,73329170,T,G,0.0510405,0.0437433,0.00535835,3.26291e-16,359664.5325,0.0430008119,0.005359330514,1.027390818e-15,8.023541706873724
3,3:74184060:G:A,74184060,A,G,0.329492,0.0125678,0.00250678,5.34654e-07,360322.394,0.01243734702,0.002506915704,7.00537099e-07,4.961214691086398
3,3:80064264:G:T,80064264,T,G,0.451924,-0.0264351,0.00236578,5.53003e-29,360742.7709,-0.02659333131,0.002366384523,2.654496826e-29,11.237958603737875
3,3:82947625:A:G,82947625,G,A,0.271511,0.0183983,0.00265338,4.09993e-12,359199.2126,0.01645095104,0.00266211243,6.423959481e-10,6.179660503670013
3,3:84125118:G:A,84125118,A,G,0.461442,-0.0260182,0.00236326,3.4758400000000004e-28,360316.4988,-0.02680451698,0.002382007933,2.240792244e-29,11.25290835880688
3,3:84925660:T:G,84925660,G,T,0.0949333,-0.0225096,0.00401904,2.13597e-08,360430.2331,-0.02551079545,0.004042154141,2.76901245e-10,6.311188183360274
3,3:85659912:A:T,85659912,T,A,0.278305,0.015647,0.00263487,2.88069e-09,358729.4673,0.01650231601,0.002637987477,3.958735985e-10,6.255646076366875
3,3:86195142:C:A,86195142,A,C,0.584454,0.0146567,0.00239134,8.84813e-10,360168.2594,0.01508863342,0.00239865125,3.165149811e-10,6.290465702340013
3,3:88030786:G:T,88030786,T,G,0.828292,-0.0164461,0.00312526,1.4234e-07,360100.0075,-0.01538432856,0.003126876206,8.653040901e-07,4.9200312217285145
3,3:88840298:T:A,88840298,A,T,0.438661,0.030435,0.00246692,5.799269999999999e-35,333687.9311,0.02987111736,0.002468007013,1.014052422e-33,12.103335688535989
12,12:41434825:T:A,41434825,A,T,0.511293,0.0190193,0.00235985,7.68163e-16,359511.5937,0.0159900616,0.002379777178,1.827972773e-11,6.719142341485216
12,12:41723083:T:A,41723083,A,T,0.878772,0.0242645,0.00360937,1.78718e-11,360480.8161,0.02161174905,0.003632035743,2.676303879e-09,5.9503128766428555
12,12:42272309:T:G,42272309,G,T,0.614104,-0.0231173,0.00242029,1.28662e-21,360347.5787,-0.02221696375,0.002425986304,5.29122139e-20,9.157909800796633
12,12:44307258:G:C,44307258,C,G,0.621998,-0.0284761,0.00243132,1.11856e-31,359870.0624,-0.02879513452,0.002432316571,2.466407611e-32,11.838563640653668
12,12:45444706:T:A,45444706,A,T,0.504473,-0.0123978,0.00236772,1.64049e-07,357009.1001,-0.01279033445,0.00236830549,6.640839712e-08,5.400626947835179
12,12:48044557:T:A,48044557,A,T,0.635441,0.0158679,0.00244636,8.80668e-11,360864.4817,0.01593160287,0.002446694443,7.441374823e-11,6.511480383494702
12,12:48596489:C:T,48596489,T,C,0.0485197,0.0273494,0.0054792,5.99435e-07,360990.9985,0.0283796454,0.005482295544,2.259672205e-07,5.176598957905433
12,12:49269849:G:C,49269849,C,G,0.0959225,0.0188088,0.00400213,2.60632e-06,360199.7439,0.01967179231,0.004004346025,8.987170493e-07,4.912610495492831
12,12:49951050:T:C,49951050,C,T,0.159519,-0.0248426,0.00321825,1.17292e-14,360268.9741,-0.02489759231,0.003218669297,1.031042181e-14,7.735368257063907
12,12:51938427:T:C,51938427,C,T,0.135942,0.0289445,0.00343765,3.78272e-17,360390.4491,0.02882546897,0.003438339847,5.135802736e-17,8.383542713251755
12,12:52395024:A:G,52395024,G,A,0.461773,-0.0337302,0.00236265,3.15943e-46,360446.0404,-0.03390716975,0.002363445319,1.120500904e-46,14.346500626613397
12,12:56631261:T:C,56631261,C,T,0.0151655,-0.108503,0.00963354,2.01991e-29,360856.1545,-0.1082758631,0.009635373297,2.673481605e-29,11.237329344957708
12,12:62253171:C:A,62253171,A,C,0.291212,-0.0164403,0.00259513,2.37565e-10,359903.6727,-0.01622488581,0.002595307613,4.062079458e-10,6.251623402454836
12,12:64333771:C:A,64333771,A,C,0.353147,-0.0143468,0.00246633,5.99459e-09,360059.4893,-0.01407936528,0.002466483486,1.141271197e-08,5.708274699553371
12,12:65771947:T:A,65771947,A,T,0.400554,0.0162228,0.0024011,1.4168e-11,361403.2645,0.01637074907,0.002401277483,9.26277117e-12,6.817516586857529
12,12:66111314:T:C,66111314,C,T,0.15066,0.0330785,0.00329546,1.04959e-23,359952.6607,0.0330881528,0.00329599351,1.0281313719999999e-23,10.038901077811893
12,12:69951090:G:A,69951090,A,G,0.105758,0.0366993,0.00383542,1.09091e-21,359562.0458,0.03674875098,0.0038359221,9.689385398e-22,9.58016091619796
12,12:72235142:C:T,72235142,T,C,0.532026,-0.0119347,0.002359,4.21198e-07,361108.1699,-0.01184769998,0.00235916948,5.114173197e-07,5.021979167007535
12,12:72323465:G:A,72323465,A,G,0.164877,-0.0208258,0.0031762,5.50449e-11,360164.1824,-0.02056984574,0.003176525096,9.444776838e-11,6.475581057395807
12,12:73067023:A:C,73067023,C,A,0.484384,-0.0263216,0.00235769,6.17398e-29,360278.8491,-0.02526917021,0.002358778218,8.861892384e-27,10.712821585840166
12,12:75604887:C:G,75604887,G,C,0.0228336,0.142163,0.00791691,4.55702e-72,357464.2905,0.1396527168,0.007922744299,1.533775015e-69,17.626811055561493
12,12:80302036:C:G,80302036,G,C,0.577091,-0.0118599,0.00238457,6.57518e-07,360526.659,-0.01186675747,0.002384664688,6.481811033e-07,4.976279277214675
12,12:83204617:T:A,83204617,A,T,0.636917,-0.0255845,0.00246737,3.45318e-25,355295.6232,-0.02560830977,0.002467810512,3.15749176e-25,10.376935200444596
12,12:85343036:A:G,85343036,G,A,0.34654,-0.0344567,0.00251851,1.3442399999999999e-42,348165.2664,-0.03407100966,0.002519371995,1.1346483919999999e-41,13.523612125409846
12,12:86498136:A:G,86498136,G,A,0.210508,0.0220265,0.00292627,5.19827e-14,351530.8723,0.02174348533,0.002926775078,1.092880743e-13,7.429161705469462
12,12:91236786:C:T,91236786,T,C,0.113004,-0.0339126,0.00371876,7.597309999999999e-20,360883.2399,-0.03377177758,0.003719249767,1.083097237e-19,9.080266100881092
12,12:93209727:T:G,93209727,G,T,0.136164,0.0299056,0.00343347,3.0510400000000003e-18,360767.2698,0.02976526214,0.003433861113,4.391541638e-18,8.66816133806749
12,12:94566780:C:G,94566780,G,C,0.014999,0.0642286,0.00968912,3.38589e-11,360709.8577,0.06382794666,0.009689753549,4.483223042e-11,6.587158934149275
12,12:99585487:A:G,99585487,G,A,0.129974,0.0205504,0.0035014,4.38325e-09,360881.7637,0.02051803655,0.003501597324,4.639220847e-09,5.859621952921049
12,12:104620812:C:T,104620812,T,C,0.186646,0.0166389,0.00302244,3.69156e-08,360768.3326,0.01667505057,0.003022569495,3.451375277e-08,5.516846046909502
12,12:107001676:C:A,107001676,A,C,0.0320209,0.045549,0.00669123,9.96217e-12,360505.0147,0.04561754073,0.006691921103,9.308559218e-12,6.816807913283613
12,12:108907161:C:A,108907161,A,C,0.246415,0.016355,0.00273262,2.16456e-09,360809.1762,0.01566951911,0.002734977887,1.008436704e-08,5.729303766762045
12,12:108938789:G:A,108938789,A,G,0.0101002,-0.0675162,0.0117595,9.39732e-09,361859.579,-0.06586781374,0.01176976596,2.189025391e-08,5.596357137759093
12,12:111159649:G:A,111159649,A,G,0.0878826,0.0219397,0.00416469,1.37966e-07,359853.7844,0.02158920514,0.004164958367,2.177200026e-07,5.183534440837786
12,12:112093088:A:T,112093088,T,A,0.209943,-0.0220684,0.00292151,4.23816e-14,353373.4262,-0.02194377089,0.002921820154,5.898816349000001e-14,7.510308552002684
12,12:115506299:C:G,115506299,G,C,0.218886,0.0143288,0.00284719,4.84047e-07,360979.7037,0.01437668284,0.00284733252,4.437199501e-07,5.049175935376877
12,12:116491254:T:C,116491254,C,T,0.342877,0.0128102,0.0024794,2.38433e-07,361217.057,0.01294575146,0.002479536788,1.779247028e-07,5.221036252679305
12,12:127663460:C:G,127663460,G,C,0.0112697,0.108971,0.0111648,1.67921e-22,360140.2044,0.1094583847,0.01116649796,1.099510738e-22,9.802391501086165
12,12:127901045:T:C,127901045,C,T,0.480199,-0.0168672,0.00235707,8.32188e-13,360756.0271,-0.01709896852,0.002357313132,4.058858407e-13,7.253583873896647
12,12:128303336:C:G,128303336,G,C,0.542686,-0.0213569,0.00236331,1.62044e-19,360890.7877,-0.02141728164,0.002363628417,1.2903728940000002e-19,9.061188080985913
12,12:130841130:C:T,130841130,T,C,0.166725,-0.0224869,0.00315984,1.10943e-12,360660.2823,-0.02241239898,0.003160069274,1.31828898e-12,7.092375842644265
12,12:132037794:C:A,132037794,A,C,0.0278407,-0.0374916,0.00715465,1.60521e-07,361119.6868,-0.03775838275,0.007154982235,1.311616497e-07,5.277215443708226
12,12:132858010:C:T,132858010,T,C,0.122019,-0.0200959,0.00359804,2.33537e-08,360741.7883,-0.020086328,0.003598220843,2.373661581e-08,5.582294382813123
4,4:4051839:T:G,4051839,G,T,0.558969,-0.0212405,0.00237371,3.62994e-19,360385.9168,-0.02117522056,0.002373975718,4.674297089e-19,8.919729211821702
4,4:5785824:G:A,5785824,A,G,0.147003,0.0166916,0.00332643,5.22669e-07,360840.8251,0.01651541374,0.003326554375,6.879996901e-07,4.964720812657691
4,4:8912367:T:A,8912367,A,T,0.262532,-0.023635,0.00267583,1.0253200000000001e-18,361110.5404,-0.0236173464,0.002676143319,1.093204265e-18,8.825142596931295
4,4:9858626:A:G,9858626,G,A,0.0650559,0.0226382,0.00479344,2.32763e-06,358246.944,0.02389304515,0.004795490405,6.28008699e-07,4.982398697970077
4,4:10651505:G:C,10651505,C,G,0.325404,-0.0265766,0.0026187,3.38093e-24,332509.38,-0.02682387169,0.002620147478,1.346118433e-24,10.237542701403619
4,4:11816170:G:T,11816170,T,G,0.0951691,0.0244319,0.00401503,1.16521e-09,360654.1123,0.02446430901,0.004015294764,1.109662779e-09,6.09278034313697
4,4:13517539:G:T,13517539,T,G,0.206805,-0.0194388,0.00291132,2.443e-11,360082.3175,-0.01952355726,0.002911516757,2.005377825e-11,6.7056310814837605
4,4:15135563:C:G,15135563,G,C,0.0942299,0.0403984,0.00402796,1.1391600000000001e-23,361475.2783,0.04044874518,0.004028870804,1.0196050509999999e-23,10.039722579299667
4,4:15844876:C:G,15844876,G,C,0.0654222,-0.0301467,0.00476002,2.40236e-10,361384.971,-0.03060087232,0.004760675839,1.294281256e-10,6.427842044886601
4,4:20525520:G:A,20525520,A,G,0.315243,0.0249275,0.00253774,9.047760000000001e-23,360067.4882,0.02473700497,0.002538105793,1.914149116e-22,9.7462466057261
4,4:22881040:A:T,22881040,T,A,0.338551,-0.0231939,0.00249326,1.3769499999999998e-20,359597.2374,-0.0221460917,0.002494621248,6.83572834e-19,8.877536707327844
4,4:23375955:G:T,23375955,T,G,0.157095,0.0414302,0.00324405,2.4212e-37,359139.5179,0.0404257281,0.00324613454,1.3384863239999998e-35,12.453497414189124
4,4:28389096:T:G,28389096,G,T,0.319916,0.0229199,0.00252756,1.21795e-19,360143.7135,0.02276548974,0.002527873041,2.141217105e-19,9.005788412140433
4,4:38247273:T:A,38247273,A,T,0.727996,0.0160496,0.00264662,1.32758e-09,360948.0839,0.01597373049,0.002646775631,1.587992892e-09,6.0351660726016405
4,4:41586717:A:C,41586717,C,A,0.494997,0.0283739,0.00235872,2.52699e-33,359875.7264,0.02838511544,0.002359191618,2.420864515e-33,12.031712567741074
4,4:48688241:A:T,48688241,T,A,0.501239,0.0132908,0.00253353,1.55565e-07,311995.9007,0.01329096796,0.002533637675,1.556018189e-07,5.245804517017217
7,7:66057652:C:A,66057652,A,C,0.259191,-0.0226703,0.00285752,2.13522e-15,319048.8523,-0.0226967797,0.002857804422,1.988925006e-15,7.942033935308958
7,7:71686223:T:A,71686223,A,T,0.279401,0.0157949,0.00262391,1.7502e-09,360897.8864,0.01577327549,0.002624226754,1.847953058e-09,6.010637406221642
7,7:72266238:T:A,72266238,A,T,0.0574669,0.0358734,0.00506604,1.43212e-12,359861.4334,0.03541133584,0.005066728026,2.768626756e-12,6.9889948026193895
7,7:76922565:T:C,76922565,C,T,0.295465,0.0347643,0.00258257,2.71071e-41,360177.1603,0.03489271584,0.002583246915,1.416023177e-41,13.507309594522443
7,7:79027363:T:A,79027363,A,T,0.227028,0.0224736,0.00281683,1.48765e-15,359257.65,0.02268595795,0.002817195141,8.100354477999999e-16,8.052675379081949
7,7:80217967:A:C,80217967,C,A,0.310461,0.0218574,0.00254506,8.869890000000001e-18,360741.992,0.02210779498,0.002545458271,3.781016694e-18,8.685192459004567
7,7:82882154:T:C,82882154,C,T,0.590938,-0.0125588,0.00239803,1.63159e-07,359893.5387,-0.0125009959,0.002398154117,1.860540272e-07,5.2127575168681295
7,7:85471469:A:T,85471469,T,A,0.376427,0.0191333,0.00243451,3.8761e-15,359568.4969,0.01977588525,0.002435145022,4.622445677e-16,8.121029783169933
7,7:86946665:A:C,86946665,C,A,0.798425,-0.0430691,0.00293578,1.03054e-48,360471.0504,-0.04350283994,0.002937112316,1.235788731e-49,14.81143220264921
7,7:90112017:G:A,90112017,A,G,0.212151,-0.0144249,0.00288162,5.5645e-07,360458.8912,-0.0144538875,0.002881747475,5.284962559e-07,5.0156676202171395
7,7:93457995:T:C,93457995,C,T,0.200903,-0.0282431,0.00293816,7.12255e-22,360910.4372,-0.02823027327,0.002938557078,7.480331239999999e-22,9.606848708623247
7,7:95105416:T:G,95105416,G,T,0.191579,0.01867,0.00299111,4.3291e-10,361035.8263,0.01892612492,0.002991305589,2.499005775e-10,6.32704494973616
7,7:101478750:C:G,101478750,G,C,0.0420031,-0.0319128,0.00587755,5.65141e-08,359893.2811,-0.03140224276,0.005878455478,9.196690875e-08,5.341920658840107
7,7:101735238:A:G,101735238,G,A,0.066786,-0.0278523,0.00471972,3.61035e-09,360334.8816,-0.02748930428,0.00472046696,5.765230644e-09,5.823429019403623
7,7:107723076:C:A,107723076,A,C,0.113338,0.0183662,0.00371474,7.65152e-07,360767.587,0.01853377445,0.003714895386,6.067900258e-07,4.989043438436142
7,7:109203021:G:C,109203021,C,G,0.231306,0.0262899,0.00279443,5.08633e-21,360258.2026,0.02636491474,0.002794858783,3.971506339e-21,9.433362036166963
7,7:111700292:T:A,111700292,A,T,0.0166278,-0.0470117,0.00918521,3.08637e-07,362647.8836,-0.04723563849,0.009185717951,2.714077063e-07,5.142291407375263
7,7:115588545:A:T,115588545,T,A,0.0283415,0.0426491,0.00710112,1.90378e-09,360258.0981,0.04250766904,0.00710162513,2.155597282e-09,5.985625580324036
7,7:117897575:T:A,117897575,A,T,0.689539,0.0132979,0.00254428,1.72781e-07,361009.6952,0.01362021028,0.002544852708,8.695744109e-08,5.352062316684774
7,7:118816385:G:A,118816385,A,G,0.212387,0.014753,0.00287972,3.00753e-07,360640.4916,0.01511602959,0.002880364536,1.537950776e-07,5.2479571252435395
7,7:124694602:T:C,124694602,C,T,0.0203072,0.0436928,0.0083593,1.72521e-07,359860.9071,0.04397059548,0.008360506935,1.44587754e-07,5.25932169207632
7,7:125875150:G:A,125875150,A,G,0.0241724,0.0404208,0.00766399,1.33472e-07,361086.4888,0.04126992112,0.007665125726,7.280180569e-08,5.3841153550832175
7,7:129769362:T:G,129769362,G,T,0.653575,-0.0251034,0.00247238,3.22059e-24,361400.25,-0.02507670689,0.00247275287,3.625791481e-24,10.141210306228459
7,7:134214674:C:A,134214674,A,C,0.123069,0.0185585,0.0035882,2.31612e-07,360037.5352,0.01877297129,0.003588436898,1.681238976e-07,5.2315177397888855
7,7:135558402:A:G,135558402,G,A,0.295283,0.020933,0.00258165,5.14664e-16,360678.5748,0.02114445366,0.002581980484,2.6288441419999997e-16,8.18923837380949
7,7:137304582:T:C,137304582,C,T,0.0926677,-0.022168,0.00406004,4.76369e-08,360957.5864,-0.02228882081,0.00406023466,4.029817235e-08,5.48954005776602
7,7:137917699:C:A,137917699,A,C,0.182197,0.0179375,0.00305453,4.2987e-09,359854.6322,0.01800683695,0.003054702112,3.751511253e-09,5.8947931057704395
7,7:142694745:G:A,142694745,A,G,0.287507,-0.0260278,0.00267181,2.01598e-22,342047.8343,-0.02589388342,0.002672324962,3.336825551e-22,9.689646202541441
7,7:143351874:G:A,143351874,A,G,0.0760523,-0.0230134,0.00443901,2.16883e-07,361312.6168,-0.02283831734,0.004439603287,2.686277119e-07,5.144224801994116
7,7:144184288:C:G,144184288,G,C,0.203174,-0.0168086,0.00292331,8.93938e-09,361598.2686,-0.01680250269,0.002923652642,9.07909732e-09,5.747092677366013
7,7:152719945:C:T,152719945,T,C,0.731613,-0.013176,0.00265549,6.98753e-07,361314.6734,-0.01323906832,0.002655592757,6.184866683e-07,4.985353377358982
7,7:153472305:A:G,153472305,G,A,0.334216,0.0144697,0.00249563,6.71639e-09,360982.3707,0.01444155376,0.002495749485,7.18853321e-09,5.786459677462379
2,2:468610:C:T,468610,T,C,0.22152,-0.0351805,0.0028359,2.48382e-35,360546.2085,-0.03517428167,0.002836501282,2.5941535789999995e-35,12.400587263334083
2,2:4889751:C:A,4889751,A,C,0.13168,-0.0424275,0.0034906,5.49383e-34,358930.1872,-0.0424887912,0.00349132582,4.500985441e-34,12.16981553443213
2,2:11017327:G:A,11017327,A,G,0.595193,0.0148014,0.00240321,7.32857e-10,359462.339,0.01477810977,0.002403335344,7.797282858e-10,6.149000307798911
2,2:13577707:A:T,13577707,T,A,0.30265,-0.0129775,0.00256364,4.14802e-07,360621.8796,-0.01298160418,0.002563741107,4.115432185e-07,5.063539428593326
2,2:14741555:T:A,14741555,A,T,0.101848,0.0258065,0.0038918,3.33909e-11,361020.8025,0.02587714046,0.003892061057,2.956960291e-11,6.648698486746273
2,2:16913402:T:G,16913402,G,T,0.422804,0.0119425,0.00238625,5.59743e-07,359968.0828,0.01198806557,0.002386368242,5.072220032e-07,5.023560638718892
2,2:19851595:T:A,19851595,A,T,0.218813,-0.0141906,0.00284477,6.09342e-07,361606.4426,-0.01407577447,0.002844900641,7.50874533e-07,4.947720938701142
2,2:20608435:C:G,20608435,G,C,0.115147,0.0261834,0.00368532,1.20721e-12,361454.538,0.02618442112,0.003685607583,1.207536895e-12,7.1045059818024585
2,2:24975870:T:C,24975870,C,T,0.0134341,0.0558045,0.0102359,4.98918e-08,360218.4191,0.05154053723,0.01025426022,5.001480634e-07,5.026256026687803
2,2:25276576:C:G,25276576,G,C,0.241307,-0.017031,0.00275799,6.61615e-10,359187.3416,-0.01499779892,0.002774668264,6.471503099e-08,5.405258392359657
2,2:25463448:T:C,25463448,C,T,0.473241,0.0162068,0.00235737,6.21026e-12,361062.0235,0.01463286889,0.002375043175,7.224319828e-10,6.161095951445177
2,2:26411077:C:A,26411077,A,C,0.4433,-0.0124368,0.00237127,1.56571e-07,360474.3672,-0.01305876595,0.002372533379,3.709657273e-08,5.504144247489637
2,2:32176268:A:G,32176268,G,A,0.365487,0.0129688,0.00244968,1.19678e-07,359437.5647,0.02103891757,0.002510949987,5.3439332359999995e-17,8.378867631344821
2,2:32311315:C:G,32311315,G,C,0.540169,-0.0309752,0.00236388,3.20693e-39,360249.0081,-0.03547677486,0.002423456928,1.585835491e-48,14.63891288931544
2,2:37905778:C:G,37905778,G,C,0.110379,-0.0188686,0.00376551,5.4202e-07,359268.4288,-0.01875071322,0.003765677473,6.379055332e-07,4.979373128591886
2,2:38797486:A:T,38797486,T,A,0.14057,-0.0190286,0.00338791,1.94878e-08,360731.1377,-0.01915003972,0.003388070067,1.584098169e-08,5.652197074234829
2,2:40318472:C:A,40318472,A,C,0.3357,-0.0126607,0.00249394,3.84495e-07,360636.653,-0.01313065637,0.002495201458,1.422154601e-07,5.262363216365193
2,2:41119006:C:G,41119006,G,C,0.404766,0.0160627,0.00239816,2.11693e-11,360982.7568,0.01652188322,0.002399375334,5.741918122e-12,6.885910255839947
2,2:41790798:T:C,41790798,C,T,0.189937,-0.0146199,0.00300691,1.16191e-06,359576.0164,-0.01475652027,0.003007155787,9.241628965e-07,4.907135285040023
2,2:42336803:G:T,42336803,T,G,0.0143705,0.0539744,0.00989292,4.87682e-08,360842.8481,0.05388913812,0.009893589627,5.126269076e-08,5.446874203568581
2,2:49526560:T:G,49526560,G,T,0.538857,-0.0131547,0.00236546,2.68215e-08,359758.2795,-0.01338280559,0.002365628706,1.53873465e-08,5.657187688015822
2,2:52122845:A:C,52122845,C,A,0.0898721,-0.0544138,0.00412425,9.752390000000001e-40,359385.7973,-0.05577321711,0.004126782884,1.276622422e-41,13.514938555706195
2,2:52586231:C:T,52586231,T,C,0.0311177,-0.0368581,0.00677671,5.36308e-08,361273.9256,-0.04051133126,0.006779422067,2.291999044e-09,5.975631972701014
2,2:53320467:G:C,53320467,C,G,0.433755,0.0458618,0.00237725,6.9126e-83,360032.0741,0.04633081804,0.002378654697,1.6960215859999998e-84,19.477740126985736
2,2:55429548:T:A,55429548,A,T,0.347879,-0.0121743,0.00247438,8.65222e-07,360138.9646,-0.01214936164,0.00247456559,9.121827911e-07,4.909694731510431
2,2:56185453:A:C,56185453,C,A,0.458577,-0.0166947,0.00236465,1.66677e-12,360284.6073,-0.01665372883,0.002364903228,1.894536421e-12,7.042033954211338
2,2:57856438:C:A,57856438,A,C,0.0530037,-0.0478244,0.00525853,9.538019999999999e-20,360334.3256,-0.04713881473,0.0052592874,3.160597321e-19,8.962966110199645
2,2:60608845:G:A,60608845,A,G,0.446942,-0.0248025,0.00237099,1.31838e-25,359894.4702,-0.02481096976,0.002371404803,1.283377607e-25,10.462561992204922
2,2:65355499:G:C,65355499,C,G,0.228385,0.0176911,0.00280464,2.83362e-10,360842.865,0.01765305958,0.002804831423,3.09778686e-10,6.293804124997498
2,2:67934274:C:A,67934274,A,C,0.0901801,-0.0286306,0.0041079,3.18315e-12,361263.6202,-0.02868210518,0.004108201241,2.916917493e-12,6.98166995661058
2,2:68566968:T:A,68566968,A,T,0.154853,0.0219758,0.00325334,1.4321e-11,361096.1307,0.02183090216,0.003253585612,1.9489405e-11,6.70979797780099
2,2:71452823:T:C,71452823,C,T,0.223185,-0.0152824,0.00283075,6.71678e-08,360054.0525,-0.01522607875,0.002830913144,7.510715551e-08,5.378504381976899
2,2:72732511:T:C,72732511,C,T,0.106111,0.0302473,0.00382568,2.65718e-15,360289.7184,0.02999131355,0.00382612482,4.557381055e-15,7.838561197279497
2,2:75990854:T:A,75990854,A,T,0.978604,0.0457625,0.00813599,1.85975e-08,360902.6205,0.04542754855,0.008136523577,2.361813292e-08,5.583164372363251
2,2:77535072:A:C,77535072,C,A,0.0429271,0.0384143,0.00580699,3.71602e-11,361041.5046,0.03876892105,0.005807936108,2.469572867e-11,6.675163143857367
2,2:78346556:A:C,78346556,C,A,0.328826,0.0152226,0.00250669,1.2584e-09,360696.1951,0.01533308484,0.002507026008,9.592601841e-10,6.1160453824857175
2,2:79724245:A:T,79724245,T,A,0.0563334,0.0468233,0.00510452,4.62781e-20,361071.2675,0.04709565689,0.005105223672,2.8357721590000005e-20,9.224993832944055
2,2:82641505:G:C,82641505,C,G,0.0996157,-0.0242392,0.0039331,7.15164e-10,360509.7876,-0.02483284299,0.003934228739,2.754562161e-10,6.311997760534889
2,2:83669858:A:T,83669858,T,A,0.0109867,-0.0582493,0.0112975,2.52499e-07,360680.271,-0.05969235693,0.01130075798,1.276730061e-07,5.282155147083329
2,2:86327699:G:C,86327699,C,G,0.0150365,-0.0732416,0.00967563,3.74973e-14,360739.845,-0.07293930165,0.009676412517,4.7779979140000006e-14,7.537845407257764
2,2:90087440:C:G,90087440,G,C,0.315955,0.0167108,0.00289109,7.47113e-09,276887.4872,0.01670201707,0.002891274796,7.618150989e-09,5.776696526081431
8,8:47901725:A:G,47901725,G,A,0.225979,-0.0147278,0.00284237,2.20219e-07,354091.5663,-0.01426010093,0.002843850163,5.320906964e-07,5.014364369660358
8,8:50095399:G:T,50095399,T,G,0.129714,0.0190993,0.00350888,5.23893e-08,360005.3188,0.01855971198,0.003510718993,1.246213845e-07,5.286584319908854
8,8:58938979:G:T,58938979,T,G,0.00789423,-0.073625,0.0133047,3.1365e-08,360924.0032,-0.07412970752,0.01330543733,2.527228568e-08,5.571384516077384
8,8:60369133:A:G,60369133,G,A,0.133781,0.0175769,0.0034615,3.8195e-07,360370.0163,0.01729228607,0.003461697837,5.87384963e-07,4.995319315618246
8,8:64008217:G:A,64008217,A,G,0.192393,-0.0389909,0.00299349,8.97445e-39,359236.5526,-0.03907718535,0.00299428685,6.306399211999999e-39,13.050581760394799
8,8:67683688:A:T,67683688,T,A,0.14254,-0.0229788,0.00337282,9.57705e-12,359863.3124,-0.02322983323,0.003373084823,5.705271638e-12,6.886821544362924
8,8:69053936:A:T,69053936,T,A,0.568995,-0.0203989,0.00237951,1.01443e-17,360309.8519,-0.02043910771,0.002379767194,8.795846226999999e-18,8.588700508828008
8,8:71536174:A:G,71536174,G,A,0.413064,0.0128296,0.00239259,8.22568e-08,360538.1631,0.0129545466,0.002392715636,6.157689833e-08,5.414160548412114
8,8:75531048:C:T,75531048,T,C,0.277975,-0.0113068,0.00263456,1.77334e-05,359198.166,-0.01325966569,0.002648284826,5.531707324e-07,5.006888065747653
8,8:76309387:T:C,76309387,C,T,0.0508199,0.0355624,0.00535762,3.18993e-11,361369.3724,0.03816304745,0.005385670058,1.380087499e-12,7.086035170927658
8,8:79118226:A:T,79118226,T,A,0.303806,0.0122266,0.00256404,1.85676e-06,359854.4543,0.0151697731,0.002600589126,5.437224424e-09,5.8332063870976905
8,8:79611670:T:C,79611670,C,T,0.483963,0.0148079,0.00235627,3.29389e-10,360860.9574,0.0179195914,0.002390311513,6.541466366e-14,7.496759858513052
8,8:80256588:A:T,80256588,T,A,0.508818,0.0426506,0.00235596,3.23541e-73,360408.5336,0.04331589568,0.002357821224,2.2360854539999997e-75,18.37115352050118
8,8:80528025:C:G,80528025,G,C,0.0245692,0.0511494,0.00761106,1.81486e-11,360411.2566,0.05248195524,0.007612805156,5.42812958e-12,6.893904962041039
8,8:81700555:C:G,81700555,G,C,0.0787452,0.0438859,0.00437017,1.00195e-23,361084.4147,0.0437685749,0.004370817926,1.325367651e-23,10.013817926306364
8,8:89097000:G:C,89097000,C,G,0.126856,0.0192519,0.00353888,5.32853e-08,360716.7805,0.01920747022,0.003539085051,5.723158095e-08,5.427241771025751
8,8:95095697:T:G,95095697,G,T,0.655242,-0.0122762,0.00247775,7.25263e-07,360802.8334,-0.01232189845,0.002477854074,6.598920077e-07,4.972810376241712
8,8:96096457:A:C,96096457,C,A,0.118863,-0.0302562,0.00363713,8.92394e-17,361110.0236,-0.02955080063,0.003639537739,4.685598838999999e-16,8.119382940680643
8,8:96123775:G:A,96123775,A,G,0.408334,0.0149942,0.00239637,3.92775e-10,360647.9675,0.01429558555,0.002397825273,2.493274153e-09,5.961896269495196
8,8:105880990:A:C,105880990,C,A,0.145121,-0.0244337,0.00334355,2.72256e-13,360757.7727,-0.02430973172,0.00334382107,3.593661201e-13,7.270045618798616
8,8:115682302:G:T,115682302,T,G,0.130441,0.0303648,0.00349349,3.58178e-18,361416.1693,0.03023029149,0.003493892086,5.046049007e-18,8.65232547139408
8,8:116638432:G:C,116638432,C,G,0.526578,0.0230253,0.00236199,1.88904e-22,359706.7315,0.02288194703,0.00236233058,3.4521637680000003e-22,9.686174840948805
8,8:118497387:A:T,118497387,T,A,0.0996296,-0.0234763,0.00393638,2.46476e-09,359984.6654,-0.02334012043,0.003936584452,3.047326614e-09,5.929028251417785
8,8:124213711:C:G,124213711,G,C,0.309605,0.0190418,0.00254678,7.63015e-14,360889.9622,0.01905078655,0.002546996961,7.448948689e-14,7.479705253562728
8,8:128721568:T:C,128721568,C,T,0.158433,0.0158209,0.0032299,9.67337e-07,359740.2886,0.01661414492,0.003230973036,2.716134964e-07,5.142149047634454
8,8:129119517:T:C,129119517,C,T,0.395218,-0.0244142,0.0024142,4.8860700000000006e-24,359107.7808,-0.02464737474,0.002415276171,1.887381395e-24,10.20478528954112
8,8:133817614:A:C,133817614,C,A,0.833899,-0.0372892,0.00316739,5.46066e-32,359976.8511,-0.03705161109,0.003168360502,1.363810364e-31,11.694253563195064
8,8:134125744:C:A,134125744,A,C,0.55703,0.012892,0.00237223,5.49752e-08,360353.2607,0.01238551319,0.002372599594,1.787020309e-07,5.220228993261809
8,8:138082053:C:A,138082053,A,C,0.209554,-0.0239279,0.00289461,1.38564e-16,360495.581,-0.02386201973,0.002894895305,1.6823795769999998e-16,8.24279195478539
8,8:143461404:A:G,143461404,G,A,0.210013,0.0150723,0.00288978,1.83186e-07,361162.0738,0.01510072682,0.002889886655,1.738072679e-07,5.225369927181452
12,12:2352964:C:G,2352964,G,C,0.023863,0.0436003,0.00771424,1.58779e-08,361128.5329,0.04370110202,0.007714671306,1.473038674e-08,5.664674525538366
12,12:2933092:T:A,2933092,A,T,0.38975,0.019488,0.00241658,7.38809e-16,360369.226,0.01925103036,0.002416846684,1.647564317e-15,7.965350258849932
12,12:4004195:C:T,4004195,T,C,0.0327465,0.035093,0.00661707,1.13728e-07,360953.9769,0.03545914827,0.006617418705,8.393608063e-08,5.358456197309642
12,12:5373699:A:T,5373699,T,A,0.480998,-0.0334068,0.00236006,1.78767e-45,359850.5665,-0.03320103571,0.002361080933,6.521107256e-45,14.061794852501992
12,12:5555238:T:G,5555238,G,T,0.312312,0.0141977,0.00254872,2.54132e-08,358806.5855,0.01360004715,0.002549210744,9.554293957e-08,5.335003071837045
12,12:6094755:G:A,6094755,A,G,0.159565,0.0182027,0.00322509,1.66159e-08,358887.5086,0.01931645387,0.003227458229,2.163419292e-09,5.985036056062308
12,12:6298301:T:A,6298301,A,T,0.0189975,-0.0743655,0.00865661,8.68462e-18,358402.1845,-0.07665952296,0.008663626899,8.875661843e-19,8.848433093171225
12,12:6530048:T:G,6530048,G,T,0.348206,-0.02046,0.00247511,1.38641e-16,360001.4804,-0.02073890407,0.002475424877,5.3872630169999995e-17,8.377916963949135
12,12:11388436:T:A,11388436,A,T,0.0167346,-0.0700779,0.00915976,2.00488e-14,362575.0662,-0.06977555402,0.009160758606,2.6006642680000003e-14,7.616787759727592
12,12:12083420:T:A,12083420,A,T,0.0150628,-0.0657095,0.00967361,1.1026e-11,360558.1832,-0.06509613711,0.009674461942,1.712360443e-11,6.728657107781508
12,12:13152992:T:G,13152992,G,T,0.47051,0.0182178,0.00235931,1.15127e-14,360955.7438,0.01834344454,0.002359544894,7.595858980000001e-15,7.774145169538782
12,12:14089340:A:T,14089340,T,A,0.0194248,0.0524524,0.00853269,7.89311e-10,360966.9736,0.05233343571,0.008533228903,8.629163748e-10,6.132899551259114
12,12:19005221:T:G,19005221,G,T,0.341567,-0.0149485,0.00248302,1.74294e-09,361019.6153,-0.01504578825,0.002483165315,1.368711289e-09,6.059116627923744
12,12:20320773:G:C,20320773,C,G,0.668676,0.0136389,0.00250537,5.21647e-08,359976.5419,0.01383295259,0.002505571935,3.373132833e-08,5.520876250555544
12,12:22377610:C:T,22377610,T,C,0.261008,-0.0143514,0.00268293,8.84248e-08,360558.4065,-0.01441652109,0.002683133941,7.743053573e-08,5.373015811736549
12,12:22863730:A:G,22863730,G,A,0.142511,-0.0266872,0.00336999,2.39946e-15,360672.1863,-0.01899840527,0.003509829928,6.200750161e-08,5.41291334900259
12,12:22910338:C:A,22910338,A,C,0.525647,-0.0226449,0.00235831,7.87467e-22,360922.3438,-0.01897812731,0.002456219866,1.104927423e-14,7.726558836488134
12,12:25595196:C:T,25595196,T,C,0.519704,-0.0223562,0.00236219,2.97478e-21,359351.459,-0.02106540745,0.002377456377,7.966981989e-19,8.8604811654132
12,12:25700562:G:A,25700562,A,G,0.589782,0.0167304,0.00239493,2.8378e-12,360721.2294,0.01436814754,0.002410215093,2.501550001e-09,5.961354893897016
12,12:26648313:T:A,26648313,A,T,0.022527,-0.0836687,0.00795531,7.24967e-26,359142.0422,-0.08423801817,0.007956800982,3.426808631e-26,10.586920341549897
12,12:29836921:G:C,29836921,C,G,0.260802,0.0221183,0.00268339,1.68966e-16,360579.6477,0.02232510296,0.002683691034,8.885443504e-17,8.31880521161364
12,12:32674408:C:A,32674408,A,C,0.91698,0.0216428,0.0042727,4.07809e-07,360200.2427,0.02156580011,0.004272865218,4.484446403e-07,5.047151971738137
12,12:33236014:A:C,33236014,C,A,0.384654,-0.0213333,0.00245086,3.2049800000000004e-18,352048.3048,-0.0213847874,0.002451132377,2.674721099e-18,8.72445225752081
6,6:528476:G:T,528476,T,G,0.938809,0.0323352,0.00491797,4.87495e-11,360234.5984,0.03084519956,0.004923152119,3.720236358e-10,6.265335462814287
6,6:657165:A:T,657165,T,A,0.480296,0.015241,0.00235875,1.03818e-10,360408.4111,0.01455304087,0.002361226206,7.122616395e-10,6.163340400432604
6,6:2746756:T:A,2746756,A,T,0.444378,0.0127915,0.00236984,6.75736e-08,360968.2407,0.01280266045,0.002369971247,6.589020101e-08,5.402031972415739
6,6:4549763:C:T,4549763,T,C,0.0499445,-0.0295723,0.00541145,4.63822e-08,360225.2339,-0.02900013072,0.005412423068,8.411659367e-08,5.358067977253695
6,6:4592245:A:C,4592245,C,A,0.163603,0.017537,0.00318388,3.6304e-08,360844.8032,0.01727309965,0.003184412235,5.819310289e-08,5.42426619900234
6,6:4993452:A:G,4993452,G,A,0.0767613,0.026636,0.00442984,1.82468e-09,359913.4323,0.02655269928,0.004430135412,2.051775531e-09,5.993654100973111
6,6:5442385:G:T,5442385,T,G,0.114101,0.0421044,0.00370723,6.89461e-30,360201.7859,0.04156340207,0.003708429048,3.7327732e-29,11.207819141751044
6,6:5572368:C:G,5572368,G,C,0.143568,0.0193694,0.00336524,8.63507e-09,359460.7193,0.0190119513,0.003365913089,1.619682126e-08,5.64837855205833
6,6:10948392:C:T,10948392,T,C,0.0145398,-0.0491366,0.0098444,5.99938e-07,360469.0985,-0.04882495865,0.009844987465,7.072129882e-07,4.959372353045449
6,6:14772939:C:T,14772939,T,C,0.461873,0.0168039,0.00236591,1.2274e-12,359757.1148,0.01689894623,0.002366141761,9.199341426e-13,7.141983844137054
6,6:17731299:G:T,17731299,T,G,0.397209,-0.0121169,0.00240713,4.81217e-07,360793.4535,-0.01208163754,0.002407264535,5.198869433e-07,5.018824214929914
6,6:18671928:G:T,18671928,T,G,0.0770734,-0.0245069,0.0044173,2.89264e-08,360621.4391,-0.02433963296,0.004417570438,3.593787063e-08,5.509732850127335
6,6:20012552:T:G,20012552,G,T,0.177125,0.0220775,0.00308388,8.14282e-13,361080.277,0.0221807631,0.003084338195,6.412216182e-13,7.191417314728031
6,6:20258217:C:G,20258217,G,C,0.67037,0.0123749,0.00250343,7.68886e-07,361436.919,0.01257292012,0.002503663899,5.118726222e-07,5.021808288653205
6,6:22691098:G:A,22691098,A,G,0.870825,0.0191472,0.00351477,5.10787e-08,360192.8769,0.01856106375,0.003516740383,1.306606402e-07,5.277916970989552
6,6:22787141:G:A,22787141,A,G,0.620587,0.0153731,0.00242733,2.40206e-10,360788.9855,0.01483852098,0.002428733131,9.989840896e-10,6.109572431241315
6,6:26700428:C:T,26700428,T,C,0.0683468,-0.028647,0.00472616,1.35095e-09,351916.3667,-0.02883781334,0.004726618137,1.053070334e-09,6.101151500743713
6,6:29202913:A:C,29202913,C,A,0.0356891,0.0391377,0.00637508,8.30411e-10,357852.7846,0.03922805636,0.006375706138,7.615603822e-10,6.152739086608134
6,6:35998101:G:T,35998101,T,G,0.01641,-0.0482815,0.009281,1.97064e-07,360022.1375,-0.04888501907,0.009281541324,1.387411136e-07,5.266907441719214
6,6:37630636:A:T,37630636,T,A,0.408904,0.0293483,0.00239331,1.4606600000000001e-34,361423.2885,0.02925308031,0.002393931359,2.4403694669999998e-34,12.219682155890919
6,6:38162660:T:A,38162660,A,T,0.473193,0.0130839,0.00235846,2.89752e-08,360985.8472,0.01300706613,0.002358679745,3.496661237e-08,5.514553706399849
6,6:39052569:C:T,39052569,T,C,0.240298,-0.0274772,0.00275949,2.35865e-23,360000.7559,-0.02701180282,0.002760102864,1.28647125e-22,9.78652034035207
6,6:41029098:T:G,41029098,G,T,0.0259233,-0.0509431,0.00741854,6.56704e-12,360161.1768,-0.04629523144,0.007438271001,4.848728415e-10,6.223923736279046
6,6:41084611:A:T,41084611,T,A,0.795875,-0.0309189,0.00292361,3.90201e-26,360378.9208,-0.02960447526,0.002931592033,5.6133968620000005e-24,10.098429429044637
6,6:44590206:T:A,44590206,A,T,0.142092,0.0173559,0.00337337,2.67685e-07,360831.0637,0.01720480782,0.00337353972,3.397836965e-07,5.09992744949806
6,6:47342949:G:A,47342949,A,G,0.093464,0.0206142,0.0040536,3.67041e-07,359527.1097,0.02064459469,0.004054034874,3.536385815e-07,5.092357449217148
6,6:49870616:G:T,49870616,T,G,0.326505,-0.025319,0.00251309,7.188740000000001e-24,360339.164,-0.02544219974,0.002513600616,4.421406754e-24,10.121814729854442
6,6:54137942:G:A,54137942,A,G,0.162423,0.0173549,0.00319173,5.4085e-08,361171.9095,0.01728705537,0.003191866843,6.095729002e-08,5.415970095341474
6,6:57795152:A:G,57795152,G,A,0.78036,0.0164802,0.00313773,1.5032e-07,296617.2304,0.016491773,0.003137873323,1.474491774e-07,5.255716627920738
18,18:22400671:A:G,22400671,G,A,0.312867,0.0209901,0.00254086,1.44911e-16,360564.2292,0.02094006344,0.002541126204,1.71541573e-16,8.2404657458721
18,18:23462249:T:C,23462249,C,T,0.0549446,0.0272296,0.00517776,1.44962e-07,359523.5537,0.02703088782,0.0051780463,1.786460585e-07,5.220287006703667
18,18:24737628:T:G,24737628,G,T,0.190302,-0.0120917,0.00300695,5.79004e-05,359243.1465,-0.01508085082,0.003034844911,6.721833528e-07,4.96923278199108
18,18:24947746:G:C,24947746,C,G,0.498664,0.0173831,0.00235485,1.5647e-13,360992.2763,0.01905904035,0.002376813309,1.068381546e-15,8.01873680100636
18,18:27145064:C:A,27145064,A,C,0.0864314,0.0569547,0.00419179,4.88408e-42,360572.6821,0.05689164416,0.004192969963,6.170324611e-42,13.568340498984872
18,18:28331469:C:T,28331469,T,C,0.506234,0.0228412,0.00245869,1.5509899999999998e-20,331156.8667,0.02315276209,0.002459072313,4.719917318e-21,9.415242474815338
18,18:30479566:T:C,30479566,C,T,0.100137,0.0409637,0.0039251,1.70608e-25,360431.9051,0.04105253199,0.003925762292,1.357912983e-25,10.457212876504954
18,18:32784633:A:G,32784633,G,A,0.261825,0.0561986,0.00267754,9.47617e-98,360790.0275,0.05478547033,0.002683237354,1.164753599e-92,20.41767577822711
18,18:33765212:C:A,33765212,A,C,0.288547,-0.0261974,0.00259775,6.507260000000001e-24,361199.4799,-0.02321455073,0.002602077896,4.598347662e-19,8.921543342605606
18,18:36523094:T:G,36523094,G,T,0.37367,-0.0197739,0.0024376,4.99256e-16,359857.9751,-0.019430454,0.002437867933,1.583341916e-15,7.970265221089809
18,18:42029716:C:T,42029716,T,C,0.384288,-0.0146046,0.00242277,1.66087e-09,360349.7797,-0.01449457344,0.002422899486,2.19974088e-09,5.982325525162128
18,18:44649209:C:T,44649209,T,C,0.659616,-0.0120675,0.00248533,1.2014e-06,360886.0151,-0.01317149447,0.002490985391,1.238880844e-07,5.287664278397207
18,18:45022242:C:A,45022242,A,C,0.0624282,0.0270065,0.00487037,2.9407e-08,360479.4943,0.02884089578,0.004881488713,3.458297758e-09,5.908217241841239
18,18:48483579:C:T,48483579,T,C,0.208359,0.0154408,0.00290271,1.04151e-07,360118.0621,0.01551492072,0.002902856173,9.056256394e-08,5.344708726635214
18,18:51249872:G:C,51249872,C,G,0.0321929,0.037534,0.00667102,1.84122e-08,360956.9347,0.03646082484,0.006672641999,4.649305315e-08,5.46422614092952
18,18:51509898:A:T,51509898,T,A,0.0938733,-0.0405346,0.00403913,1.07202e-23,360577.7372,-0.04061261584,0.004040718167,9.108671076e-24,10.050841004373368
18,18:52144292:G:C,52144292,C,G,0.773187,0.0136472,0.00281605,1.25888e-06,359886.3045,0.01381106086,0.00281670231,9.425276851e-07,4.903273168402379
18,18:52851517:A:C,52851517,C,A,0.0885957,0.0279962,0.00415876,1.67757e-11,358360.8225,0.02824886358,0.004159605719,1.111769795e-11,6.79123587386336
18,18:55088159:C:A,55088159,A,C,0.0842462,0.0225196,0.00424639,1.13826e-07,359769.311,0.02256634845,0.004247148473,1.076611354e-07,5.313293988533467
18,18:56240895:C:A,56240895,A,C,0.316443,0.0139931,0.00253656,3.45958e-08,359608.2215,0.0137888734,0.002536964096,5.473909993e-08,5.435186655475632
18,18:57403952:C:G,57403952,G,C,0.301544,0.0156724,0.00256758,1.0357e-09,360449.3668,0.01544410984,0.002567773679,1.8034084e-09,6.01459153752779
18,18:61153962:T:A,61153962,A,T,0.382907,0.0118348,0.00242583,1.06864e-06,359942.8092,0.01193847175,0.002425966992,8.605087816e-07,4.921118790720959
18,18:61944202:C:T,61944202,T,C,0.0550515,-0.0383659,0.00516749,1.13471e-13,360266.4647,-0.03477347814,0.005213809232,2.566839379e-11,6.669495678241571
18,18:61944325:A:C,61944325,C,A,0.22961,0.0171584,0.00280317,9.30353e-10,360065.3844,0.01462674395,0.002828250297,2.320256642e-07,5.171658238846461
18,18:74935350:A:T,74935350,T,A,0.0380269,0.0335796,0.006154,4.85792e-08,361261.9648,0.0331020586,0.006154550293,7.512186991e-08,5.378469104013868
18,18:75385599:G:T,75385599,T,G,0.375726,0.0214142,0.00243269,1.3416100000000002e-18,360506.8277,0.02129543401,0.002433077425,2.087354243e-18,8.752468701237486
18,18:77352164:G:C,77352164,C,G,0.248954,-0.020796,0.00272219,2.18712e-14,361188.7238,-0.02077844498,0.002722430077,2.305745e-14,7.632315391878474
18,18:78353479:T:G,78353479,G,T,0.605355,0.0187342,0.00240855,7.37625e-15,361098.7926,0.01864853097,0.002408768292,9.791395338e-15,7.741936421172386
11,11:55376187:T:C,55376187,C,T,0.885764,-0.0239009,0.0037362,1.58533e-10,354295.5404,-0.02378901239,0.003736439587,1.930634803e-10,6.366759541026134
11,11:58721499:A:G,58721499,G,A,0.0677669,-0.033839,0.00470554,6.42944e-13,357744.7146,-0.03437957329,0.004709087371,2.863019187e-13,7.300687071919694
11,11:59652379:A:T,59652379,T,A,0.102669,-0.0171325,0.00388807,1.05118e-05,359346.5294,-0.0191329903,0.003893743867,8.933821501e-07,4.913777319087332
11,11:60434621:G:C,60434621,C,G,0.385845,-0.0169666,0.00241864,2.3046e-12,360997.7885,-0.0173741161,0.00242065264,7.102301644e-13,7.177451160444069
11,11:60997049:A:G,60997049,G,A,0.256074,0.0138861,0.00270087,2.72915e-07,360132.7451,0.01377394438,0.002700993501,3.404000232e-07,5.099584421399169
11,11:63792087:G:T,63792087,T,G,0.230889,-0.024847,0.00279679,6.47304e-19,360238.3518,-0.02651318441,0.002814233796,4.463770387e-21,9.421102272200843
11,11:63873640:T:G,63873640,G,T,0.0818807,-0.0191652,0.00429951,8.29325e-06,360126.0357,-0.0236079113,0.004325904388,4.833327545e-08,5.457335433831599
11,11:69913576:A:T,69913576,T,A,0.251047,0.013145,0.00272106,1.36007e-06,359486.8798,0.01336565481,0.002721213498,9.031205153e-07,4.9116524006011675
11,11:71166318:G:A,71166318,A,G,0.760781,0.0161309,0.00277944,6.49357e-09,355947.5899,0.01602552046,0.002779763775,8.162609483e-09,5.765065580077933
11,11:72127488:A:T,72127488,T,A,0.0774994,-0.026537,0.00440544,1.70649e-09,360669.8187,-0.02286862374,0.004442733463,2.640908313e-07,5.147421948774243
11,11:72369570:C:A,72369570,A,C,0.335833,0.0163188,0.00249813,6.48013e-11,359513.1633,0.01437952826,0.002520214249,1.158816237e-08,5.705676914455061
11,11:72565386:T:A,72565386,A,T,0.0231291,0.0426206,0.00782676,5.1692e-08,361577.5947,0.04742142774,0.007925160391,2.181848472e-09,5.98365527010064
11,11:72642778:T:C,72642778,C,T,0.255196,-0.0125107,0.00270136,3.63599e-06,360819.8829,-0.01517469786,0.002733668054,2.839767923e-08,5.551038955807324
11,11:75515067:G:C,75515067,C,G,0.0254793,0.0458581,0.00748057,8.78077e-10,360166.9147,0.04220163227,0.007493933926,1.787121169e-08,5.631439066146898
11,11:75693637:G:T,75693637,T,G,0.08715,0.0248584,0.00417216,2.55322e-09,361381.3086,0.02876660206,0.004237689025,1.134815201e-11,6.788275848060843
11,11:76072151:A:T,76072151,T,A,0.481576,-0.0119531,0.00235827,4.00968e-07,360436.8045,-0.01416062005,0.002396800013,3.460006765e-09,5.908135836613082
11,11:79734878:C:A,79734878,A,C,0.345823,-0.0296157,0.00247537,5.5538e-33,360907.132,-0.02967073501,0.002475942308,4.330302095e-33,11.983613234497062
11,11:79813429:A:G,79813429,G,A,0.191859,-0.0249365,0.00299482,8.351e-17,359834.3641,-0.02485199455,0.00299518109,1.064807065e-16,8.297326206075907
11,11:83895183:G:T,83895183,T,G,0.39716,-0.016966,0.0024094,1.90394e-12,360040.9434,-0.01698615839,0.002409592633,1.797037341e-12,7.049390074226708
11,11:87608733:T:G,87608733,G,T,0.822204,0.0285651,0.00309872,3.03219e-20,356473.5615,0.02853592184,0.003099153342,3.3334001410000003e-20,9.20765082943095
11,11:89625164:G:C,89625164,C,G,0.415403,0.016946,0.00281357,1.71429e-09,260312.7001,0.02224029001,0.002938850136,3.7993596220000003e-14,7.567684291745048
11,11:89750051:A:G,89750051,G,A,0.316901,0.0117782,0.00298787,8.08178e-05,258964.8552,0.01840409754,0.003120640871,3.689657281e-09,5.897537813796069
11,11:91406124:G:T,91406124,T,G,0.205964,0.0172624,0.00290948,2.97426e-09,361486.8589,0.01731627258,0.002909971127,2.670500086e-09,5.950668176509368
11,11:92677712:C:G,92677712,G,C,0.0541219,0.0275025,0.00521844,1.36314e-07,358982.9984,0.02697756905,0.005218846704,2.350242957e-07,5.169258761580976
11,11:93576659:A:C,93576659,C,A,0.153668,0.0180565,0.00326857,3.31063e-08,360180.7471,0.01835009152,0.003268979081,1.983877461e-08,5.613401329685658
11,11:94819736:A:T,94819736,T,A,0.043163,-0.0343609,0.00580636,3.26549e-09,359415.8778,-0.03256687519,0.005814883794,2.136032927e-08,5.600606365273135
11,11:95054576:C:T,95054576,T,C,0.232902,0.0150519,0.00278379,6.41404e-08,361463.9029,0.01409045537,0.00278777456,4.318046166e-07,5.054374041636996
11,11:95301083:C:G,95301083,G,C,0.106357,0.0330426,0.00381934,5.1087e-18,360911.096,0.03320438639,0.003819853686,3.542980351e-18,8.692580690118087
11,11:96114106:C:T,96114106,T,C,0.783787,0.0171549,0.0028627,2.06757e-09,360348.1183,0.01752921904,0.002862964279,9.197303644e-10,6.122751572060392
11,11:97472485:T:C,97472485,C,T,0.0110061,0.0917029,0.0112996,4.85045e-16,360051.3372,0.08838104783,0.01131341419,5.626165823e-15,7.8120579999732165
11,11:97795845:A:C,97795845,C,A,0.125434,-0.0198434,0.00355538,2.39004e-08,360894.01,-0.01942959996,0.003555957605,4.656359935e-08,5.463957144112239
11,11:98242106:C:G,98242106,G,C,0.691566,-0.0175279,0.00255133,6.42551e-12,360421.7999,-0.01629878503,0.002554621404,1.769520247e-10,6.380117619182054
11,11:99992848:A:C,99992848,C,A,0.306338,0.0199594,0.00255468,5.60502e-15,360829.3152,0.0198777838,0.002554944404,7.245360373e-15,7.780123813606083
11,11:101894331:T:G,101894331,G,T,0.0379755,0.0347728,0.00616188,1.67031e-08,360780.1466,0.03427668567,0.006162872539,2.670009323e-08,5.561803437129305
11,11:102813923:A:C,102813923,C,A,0.0917867,0.0230431,0.00407276,1.53395e-08,361920.684,0.02272069495,0.00407330146,2.433616606e-08,5.577955664003321
11,11:106659597:G:T,106659597,T,G,0.114332,-0.0231979,0.00370344,3.75936e-10,360329.9849,-0.02356177851,0.003704031976,2.002925963e-10,6.361116389563263
11,11:107887147:T:A,107887147,A,T,0.389753,-0.0151662,0.00241756,3.53797e-10,359997.89,-0.01539643669,0.002417996952,1.922163614e-10,6.367434283680602
11,11:112526287:C:G,112526287,G,C,0.259653,0.0246395,0.00268862,5.0101399999999994e-20,360087.69,0.02503064838,0.002689226345,1.305680433e-20,9.30775069437303
11,11:113069273:C:G,113069273,G,C,0.440234,-0.0131975,0.00237474,2.73957e-08,360112.0004,-0.01340432637,0.002375127715,1.665080781e-08,5.643623408267963
11,11:115139483:G:C,115139483,C,G,0.305669,-0.0186954,0.0025544,2.50509e-13,361357.3821,-0.01858104685,0.002554654623,3.505280541e-13,7.273408578487128
11,11:115665029:T:C,115665029,C,T,0.16578,0.0157541,0.00316953,6.68141e-07,360217.51,0.01583846013,0.003169668349,5.826456081e-07,4.996882445129277
11,11:119613617:T:G,119613617,G,T,0.276007,-0.0158594,0.00263585,1.78058e-09,360460.4395,-0.01573908474,0.00263600629,2.36082926e-09,5.970806974060748
11,11:122249316:G:T,122249316,T,G,0.293261,0.014367,0.00259239,2.99268e-08,359290.6431,0.01443900495,0.002592528923,2.555193976e-08,5.569467257202901
11,11:123161343:A:T,123161343,T,A,0.83115,0.0326548,0.00315275,3.89854e-25,358680.4106,0.0325630903,0.00315324787,5.328646463000001e-25,10.326841289517782
11,11:124741128:C:T,124741128,T,C,0.21339,0.0180541,0.00287814,3.54899e-10,359908.6105,0.01806423738,0.002878310628,3.474253066e-10,6.275986060806777
11,11:127316173:T:A,127316173,A,T,0.152579,0.0227864,0.00327426,3.42661e-12,361009.3903,0.02285463694,0.00327448607,2.959998062e-12,6.979610372872956
11,11:129403558:G:T,129403558,T,G,0.0792836,0.0289702,0.00436421,3.18107e-11,359934.4257,0.02887289052,0.004364529657,3.706741058e-11,6.615349828977001
10,10:1824149:G:T,1824149,T,G,0.46161,-0.0126801,0.00236332,8.08215e-08,360609.3142,-0.01262631052,0.002363420114,9.172935028e-08,5.342389381052715
10,10:3240542:G:T,3240542,T,G,0.736524,0.0340753,0.00267923,4.76344e-37,359207.4888,0.03403128845,0.002679836552,5.98774883e-37,12.699016447328464
10,10:11617025:C:G,11617025,G,C,0.566671,0.0147805,0.00238792,6.03416e-10,357481.8872,0.01476409416,0.002388075962,6.312537093e-10,6.182422332845373
10,10:14141689:A:G,14141689,G,A,0.719837,-0.0138549,0.00262181,1.2613e-07,361083.7113,-0.01399228682,0.002621927924,9.468449359e-08,5.336640527727947
10,10:16279544:G:A,16279544,A,G,0.371235,-0.0140066,0.00243468,8.77677e-09,361766.275,-0.01394167007,0.002434837826,1.028788094e-08,5.725913209137075
10,10:16886867:G:A,16886867,A,G,0.715648,-0.013908,0.00261546,1.05193e-07,359586.0215,-0.0137798396,0.002615627506,1.377132477e-07,5.268272935802351
10,10:18381219:G:T,18381219,T,G,0.9552,0.042406,0.00569734,9.85469e-14,360334.2081,0.04271465867,0.005698040383,6.560593964e-14,7.496376964515451
10,10:20510457:T:C,20510457,C,T,0.107952,0.032125,0.00379589,2.61333e-17,360708.5863,0.03199716651,0.003796417446,3.508640054e-17,8.428252942445257
10,10:23947589:A:C,23947589,C,A,0.152298,0.0589859,0.00327632,1.96145e-72,360901.7202,0.05887569553,0.003277840164,3.884749097e-72,17.961734735153488
10,10:24475096:T:A,24475096,A,T,0.313881,-0.0339792,0.00253771,7.10365e-41,360765.1963,-0.03402897868,0.002538395052,5.598767771e-41,13.405706354961806
10,10:28243692:T:A,28243692,A,T,0.792583,-0.0143208,0.00290424,8.18542e-07,360998.588,-0.01438932879,0.002904354142,7.255425011e-07,4.9543988392859015
10,10:29868894:A:T,29868894,T,A,0.29428,-0.0175634,0.00258105,1.01369e-11,361782.2602,-0.01786063242,0.002581250613,4.536511654e-12,6.919371691399576
10,10:31039470:G:C,31039470,C,G,0.791827,-0.0247543,0.00290837,1.72462e-17,358960.9525,-0.02470622489,0.002908741189,2.0001261349999998e-17,8.493785897291806
10,10:32573265:C:A,32573265,A,C,0.276545,0.0215903,0.00281943,1.89763e-14,314708.2702,0.02171778117,0.002819742737,1.3390730230000001e-14,7.702043482557607
10,10:33578425:G:A,33578425,A,G,0.128279,-0.0366231,0.00352919,3.17524e-25,359315.1872,-0.03682873458,0.003529732482,1.7368596540000001e-25,10.433860007184533
10,10:35947180:T:A,35947180,A,T,0.295741,0.0292753,0.00258286,8.96482e-30,360154.0464,0.02937347431,0.002583344141,5.87652731e-30,11.370329583200508
4,4:53097923:T:G,53097923,G,T,0.0662768,0.0254816,0.00473259,7.27748e-08,360832.7599,0.02531012717,0.004732859794,8.905682896e-08,5.347744972730117
4,4:59039412:T:C,59039412,C,T,0.201181,0.0178952,0.00293926,1.14214e-09,360215.3802,0.017984796,0.002939456947,9.451500376e-10,6.118407693759632
4,4:61209806:A:C,61209806,C,A,0.247816,0.0231207,0.00272932,2.4372e-17,360138.3906,0.02590207537,0.002756206478,5.575459694e-21,9.3977267584087
4,4:61305536:A:T,61305536,T,A,0.0178903,-0.0559366,0.0088939,3.19217e-10,359839.1846,-0.06820414111,0.008981142884,3.0982071030000005e-14,7.594149429635109
4,4:64347178:A:G,64347178,G,A,0.944724,-0.0348188,0.00515832,1.48039e-11,359919.3593,-0.03514878612,0.005158762786,9.530940478e-12,6.813413909123287
4,4:66774172:T:C,66774172,C,T,0.0772677,-0.0315889,0.00440955,7.86473e-13,360739.9713,-0.03148483537,0.004409909217,9.362644821e-13,7.139565424301114
4,4:70112508:A:C,70112508,C,A,0.215551,-0.0156938,0.00286264,4.20175e-08,360939.0799,-0.01625180317,0.002862871003,1.372778148e-08,5.6767500711592485
4,4:70662736:A:C,70662736,C,A,0.355842,-0.0495045,0.00245773,3.52277e-90,360838.0352,-0.04964170608,0.002459221358,1.301167048e-90,20.185944595232325
4,4:75999223:A:C,75999223,C,A,0.641376,0.0392726,0.00245267,1.09987e-57,361226.7124,0.03924687151,0.002453562562,1.3653415570000002e-57,15.99587152080127
4,4:77346275:T:G,77346275,G,T,0.0199159,-0.0413771,0.00843668,9.37426e-07,359983.7087,-0.0414380726,0.008437021279,9.040182017e-07,4.911457637678432
4,4:80370947:C:G,80370947,G,C,0.696028,-0.0360322,0.00255978,5.4588299999999994e-45,360590.3875,-0.03615787467,0.002560516766,2.8068707829999996e-45,14.121319239196108
4,4:83340890:C:T,83340890,T,C,0.0474736,-0.0391586,0.00553751,1.53534e-12,360661.5547,-0.03904213404,0.005537944956,1.790055528e-12,7.049931761726958
4,4:84877533:T:C,84877533,C,T,0.587985,-0.0166328,0.00332241,5.55285e-07,187014.5911,-0.01659384133,0.003322747998,5.913790918e-07,4.994011384549181
4,4:85069726:A:G,85069726,G,A,0.431814,0.0123797,0.00243109,3.53996e-07,344902.53,0.01262642275,0.002431297707,2.066151382e-07,5.1932853445495395
4,4:86942397:A:G,86942397,G,A,0.820758,0.0184441,0.00307397,1.97392e-09,359766.4723,0.01820248521,0.003074265773,3.201433529e-09,5.920921141517715
4,4:88251354:C:A,88251354,A,C,0.647758,-0.0198885,0.00246753,7.64729e-16,359965.6997,-0.01992498496,0.002467764549,6.797452262999999e-16,8.074102923665915
4,4:90016557:T:G,90016557,G,T,0.831771,-0.0248206,0.00315153,3.39712e-15,359828.794,-0.02469015812,0.003151870923,4.745001046e-15,7.833492780376781
4,4:93207806:T:C,93207806,C,T,0.277565,-0.017156,0.00262957,6.84238e-11,360689.9937,-0.0179520618,0.002635731121,9.68978014e-12,6.811036853102437
4,4:93444983:C:A,93444983,A,C,0.169727,0.0143064,0.00313242,4.94448e-06,361710.7551,0.01561071441,0.003139695603,6.624960524e-07,4.972047097522403
4,4:94966161:C:G,94966161,G,C,0.0615361,0.0355117,0.00491262,4.88652e-13,358823.7493,0.0353341517,0.004913129602,6.395159188e-13,7.191780914066756
4,4:98733547:A:T,98733547,T,A,0.0397972,0.0347941,0.00602397,7.65897e-09,360659.2201,0.03480403766,0.006024280052,7.591152564e-09,5.777294109765932
4,4:102434599:G:C,102434599,C,G,0.0319806,0.0373505,0.00668301,2.28712e-08,361714.4855,0.03366523985,0.006700001194,5.043205483e-07,5.024661768739381
4,4:103004104:T:A,103004104,A,T,0.577491,0.0205953,0.00238487,5.85505e-18,360344.4347,0.01957825891,0.002391104038,2.6569598659999997e-16,8.187957779694068
4,4:103982164:G:C,103982164,C,G,0.55199,0.0132949,0.00236756,1.96184e-08,360794.1066,0.01319662512,0.002367992111,2.5050795e-08,5.572917687815726
4,4:110865044:C:T,110865044,T,C,0.76173,-0.00985715,0.00276093,0.000356717,361511.2067,-0.01532138268,0.002824941095,5.840679187e-08,5.423611383302136
4,4:110896136:G:C,110896136,C,G,0.0790324,-0.0361311,0.00437547,1.49064e-16,358869.7457,-0.04130759808,0.004477310498,2.809673185e-20,9.225984683986507
4,4:113889667:C:A,113889667,A,C,0.327139,-0.0126134,0.00251417,5.25256e-07,359452.024,-0.01274807007,0.002514287607,3.972907132e-07,5.070251324672738
4,4:123786803:G:T,123786803,T,G,0.0607176,-0.0264807,0.00493007,7.82399e-08,360800.0736,-0.0267051192,0.004930284921,6.07610794e-08,5.416546838145705
4,4:125898550:A:T,125898550,T,A,0.477434,-0.0245023,0.0023584,2.79404e-25,360328.6506,-0.02453704259,0.00235876748,2.415510587e-25,10.402484686621166
4,4:131085282:A:G,131085282,G,A,0.0361331,0.0761447,0.006307,1.4881800000000001e-33,360890.1045,0.07620625975,0.006308341656,1.343326372e-33,12.08023659871348
4,4:134546110:A:G,134546110,G,A,0.279192,-0.0159134,0.00262582,1.35942e-09,360430.5324,-0.01584316323,0.002626045758,1.608564896e-09,6.0330872688472015
4,4:134815435:C:G,134815435,G,C,0.296938,-0.0259816,0.00257798,6.944210000000001e-24,360393.8931,-0.02608112134,0.002578506542,4.7490456230000006e-24,10.114816819417634
4,4:136554833:G:T,136554833,T,G,0.85235,0.0214217,0.00332041,1.1088e-10,360440.2703,0.0210589062,0.00332078656,2.274772723e-10,6.341541625608121
4,4:141226780:T:G,141226780,G,T,0.234171,-0.0137205,0.00278145,8.10759e-07,360480.3112,-0.01534099596,0.002789764989,3.818903646e-08,5.499028061678782
4,4:141710501:A:C,141710501,C,A,0.204341,-0.0180083,0.0029147,6.48016e-10,362078.1284,-0.019021272,0.002923503222,7.700978644e-11,6.5063283860475245
4,4:142737458:G:T,142737458,T,G,0.375571,0.0240855,0.00243017,3.7544900000000004e-23,361037.0115,0.02414264328,0.002430618359,2.999697193e-23,9.932716582430784
4,4:150069966:A:G,150069966,G,A,0.20458,0.017891,0.00291683,8.59438e-10,361236.103,0.01803183858,0.002917005048,6.344409443e-10,6.1816274854797575
4,4:153552950:A:T,153552950,T,A,0.160221,0.0187826,0.00321467,5.13831e-09,359682.9401,0.01881212086,0.003214849018,4.867659236e-09,5.851634323935769
4,4:155185343:G:C,155185343,C,G,0.293261,0.0400911,0.00258725,3.86419e-54,360278.868,0.04011680663,0.002588155129,3.460543062e-54,15.500155373414637
4,4:156835013:A:C,156835013,C,A,0.517961,-0.0130975,0.00235994,2.85982e-08,359666.4666,-0.01294207493,0.002360058807,4.163009054e-08,5.483793408712294
4,4:159862472:C:T,159862472,T,C,0.297851,0.016135,0.00257611,3.77315e-10,360341.1572,0.01581777623,0.002576289334,8.265068749e-10,6.139751471718821
4,4:162115870:T:C,162115870,C,T,0.169336,0.0691029,0.00314313,4.6784600000000005e-107,359447.3719,0.06978264458,0.003146601303,5.708401858e-109,22.17714856771608
4,4:162293447:A:G,162293447,G,A,0.387751,0.0182241,0.00241485,4.47502e-14,361233.8993,0.01367729408,0.002496631688,4.294348098e-08,5.478298679672931
4,4:162305920:T:A,162305920,A,T,0.0418449,0.0485101,0.00587861,1.56324e-16,360918.1448,0.0437510454,0.006080089022,6.210002398e-13,7.195790265848512
4,4:166282995:T:G,166282995,G,T,0.191849,0.0245248,0.00298816,2.26894e-16,361224.8055,0.02479600346,0.002988495265,1.0663570449999999e-16,8.297153336798075
4,4:169924448:C:G,169924448,G,C,0.292906,-0.0133464,0.00258726,2.49057e-07,360745.3099,-0.01335375745,0.002587477228,2.457419847e-07,5.160917864510767
4,4:171186884:G:T,171186884,T,G,0.143106,0.0163668,0.00336681,1.16713e-06,359805.3488,0.01726917747,0.003368062005,2.938745278e-07,5.127333595510811
4,4:171882205:C:G,171882205,G,C,0.270118,0.0184864,0.00265144,3.12568e-12,360819.502,0.01882857977,0.002652431639,1.26017176e-12,7.098610758955737
4,4:173205470:T:A,173205470,A,T,0.0358681,-0.0314812,0.00634569,7.01489e-07,359158.3878,-0.0314727251,0.006346184363,7.074230613e-07,4.959314652674549
4,4:174060545:G:A,174060545,A,G,0.213982,0.0179322,0.0028707,4.19812e-10,360816.1593,0.01819484255,0.002870992796,2.335624214e-10,6.3374741223140285
4,4:175424661:A:G,175424661,G,A,0.283773,0.014209,0.00261171,5.317e-08,360753.8717,0.01436744987,0.002611903091,3.781594497e-08,5.500759166565878
4,4:176629648:C:G,176629648,G,C,0.229202,0.0138521,0.00280398,7.80937e-07,360064.2953,0.01389497307,0.00280413415,7.226553189e-07,4.9551741559867954
4,4:178969097:T:A,178969097,A,T,0.246111,-0.0138719,0.00274065,4.16081e-07,358873.7688,-0.01371633932,0.002740899298,5.605933889e-07,5.004320782601769
4,4:179678940:C:T,179678940,T,C,0.0978607,0.0302258,0.00396803,2.59574e-14,359762.9589,0.0299041222,0.003968567635,4.874256092e-14,7.535243178487495
4,4:181117577:T:C,181117577,C,T,0.11719,-0.0388895,0.00366398,2.5882e-26,360013.2055,-0.03897677152,0.003664695889,2.0319790850000002e-26,10.63574514791069
4,4:184113878:A:C,184113878,C,A,0.207341,0.017589,0.00290476,1.4037e-09,360646.7731,0.01765834046,0.002904968577,1.211847314e-09,6.078668320135844
4,4:184688514:T:C,184688514,C,T,0.715207,0.0169711,0.00260985,7.89883e-11,360475.0365,0.01686194987,0.002610077125,1.044774626e-10,6.460326290166617
4,4:185091601:A:C,185091601,C,A,0.769504,0.0218341,0.0027944,5.57644e-15,361071.699,0.02163320835,0.002794703938,9.880318161e-15,7.740787156682354
4,4:185905429:A:T,185905429,T,A,0.355,0.0143186,0.00246071,5.92902e-09,360718.6497,0.01430375975,0.002460829228,6.151831395e-09,5.812577153769079
4,4:189009123:T:C,189009123,C,T,0.48343,-0.0123642,0.00235761,1.56913e-07,360311.7624,-0.01231263427,0.002357711378,1.767313183e-07,5.2222822457787705
9,9:424851:T:G,424851,G,T,0.0180763,0.0584836,0.00883822,3.66756e-11,361064.3615,0.0580372564,0.008838786743,5.16148968e-11,6.566201684406903
9,9:3341283:A:T,3341283,T,A,0.215969,-0.0204876,0.00286425,8.51477e-13,360367.8493,-0.02046828594,0.002864457685,8.959973645e-13,7.145605971833374
9,9:10302316:G:C,10302316,C,G,0.690729,-0.0376854,0.00254648,1.53706e-49,361213.1191,-0.03760160506,0.002547271071,2.593502599e-49,14.761524789443975
9,9:11821458:G:A,11821458,A,G,0.876632,0.0320106,0.00358274,4.10234e-19,360584.9719,0.03188229269,0.003583152652,5.694779446e-19,8.897832659237762
9,9:12538741:C:G,12538741,G,C,0.369552,0.0122264,0.00244079,5.46881e-07,360693.501,0.01226588169,0.002440880566,5.029417932e-07,5.02518716436042
9,9:24131918:T:C,24131918,C,T,0.703639,-0.035626,0.00259419,6.60343e-43,356574.3042,-0.03561745569,0.002594882302,7.090532698e-43,13.72603900475483
9,9:29338358:T:A,29338358,A,T,0.547994,0.0161077,0.00239421,1.72514e-11,352577.0024,0.01620766674,0.002395497288,1.32493865e-11,6.765888160755038
9,9:29797316:G:C,29797316,C,G,0.385265,0.0278834,0.00242012,1.04133e-30,360805.4884,0.02707540308,0.002425269192,6.126156088e-29,11.163875403732915
9,9:30237947:C:T,30237947,T,C,0.346083,0.020496,0.00247595,1.25673e-16,360815.411,0.0184794775,0.002481217769,9.494903763000001e-14,7.447745107616147
9,9:36786585:A:T,36786585,T,A,0.244681,0.0166316,0.0027421,1.31858e-09,360257.1503,0.01656112014,0.002742258125,1.548539763e-09,6.039227302863766
2,2:96894702:T:A,96894702,A,T,0.13466,0.0145184,0.00396909,0.000254372,272455.2536,0.02178878086,0.004131960104,1.34042539e-07,5.273231181227301
2,2:96989734:A:T,96989734,T,A,0.148026,-0.0334894,0.00376562,5.949940000000001e-19,279617.0165,-0.02083413809,0.00391652342,1.040248175e-07,5.319548961103876
2,2:97201902:T:A,97201902,A,T,0.320682,0.0421464,0.00324225,1.26285e-38,218246.5392,0.04221097658,0.003406403202,2.899925641e-35,12.391655971676132
2,2:105585222:G:A,105585222,A,G,0.723359,-0.018152,0.00263094,5.22931e-12,361055.3863,-0.01801587737,0.002631144131,7.532794691e-12,6.847164759139528
2,2:108418049:A:G,108418049,G,A,0.0572047,0.0624343,0.00506664,6.95501e-35,361120.0577,0.06263796367,0.005067797133,4.3016612869999997e-35,12.359998245020517
2,2:110528675:T:C,110528675,C,T,0.032315,-0.101847,0.00666274,9.85123e-53,360078.9838,-0.1016254009,0.006664973069,1.705778313e-52,15.247683651218065
2,2:115496192:G:A,115496192,A,G,0.620739,0.027679,0.00242667,3.94068e-30,360660.1108,0.02770456659,0.002428544495,3.818837918e-30,11.407889230376238
2,2:116476472:A:C,116476472,C,A,0.0221774,-0.0570582,0.00800193,1.00154e-12,360165.3319,-0.06951658894,0.008037765181,5.206843829e-18,8.648745935540164
2,2:116683265:G:T,116683265,T,G,0.116146,-0.0349304,0.00367856,2.20066e-21,359976.5099,-0.031259063,0.003704022034,3.194577502e-17,8.439221665817984
2,2:116779698:C:A,116779698,A,C,0.088013,0.0434919,0.0041583,1.34305e-25,360266.9721,0.04383083221,0.004197948039,1.610816266e-25,10.441013514888814
2,2:117622192:T:A,117622192,A,T,0.0440717,0.0403774,0.005737,1.9527e-12,360669.1056,0.04138780972,0.00573809505,5.480743873e-13,7.212813548635797
2,2:118475753:C:T,118475753,T,C,0.489012,-0.013352,0.0023569,1.47097e-08,360306.5821,-0.01342148061,0.002357365247,1.245164265e-08,5.693424312197812
2,2:118830871:T:C,118830871,C,T,0.0608258,-0.0619715,0.00493621,3.82302e-36,359179.5802,-0.06162920462,0.004939058438,9.851978521000001e-36,12.477925781529295
2,2:119085612:G:T,119085612,T,G,0.173796,0.0232669,0.00311035,7.42172e-14,360006.4784,0.02228277657,0.003111641994,8.003278541e-13,7.16109906376331
2,2:126115147:A:G,126115147,G,A,0.0132912,-0.0511488,0.0102791,6.49342e-07,360936.03,-0.05116932638,0.01027970066,6.434232964e-07,4.977705876116435
2,2:127422197:A:G,127422197,G,A,0.291601,-0.0148021,0.00259339,1.14666e-08,359982.5896,-0.01471694204,0.002593546356,1.391371665e-08,5.674447270222611
2,2:133672944:A:G,133672944,G,A,0.318735,0.0228781,0.00253106,1.58958e-19,359479.3944,0.02288153927,0.002531391916,1.579472479e-19,9.039113669192899
2,2:134674868:G:C,134674868,C,G,0.449706,-0.0173667,0.00236704,2.19067e-13,360681.5619,-0.0174696303,0.00236725057,1.586308603e-13,7.37971320881338
2,2:136923254:A:C,136923254,C,A,0.318792,-0.0188793,0.00252952,8.43992e-14,359909.0831,-0.01892757641,0.002529794147,7.327561151000001e-14,7.481864258578349
2,2:139498985:A:T,139498985,T,A,0.109656,-0.0444482,0.00377177,4.75979e-32,359977.4183,-0.04613532449,0.003776785975,2.569209191e-34,12.215498785313086
2,2:139935671:G:C,139935671,C,G,0.723827,-0.0233065,0.0026325,8.52985e-19,360974.3613,-0.02489779823,0.00263576076,3.515142140000001e-21,9.446152552176246
2,2:141982728:A:T,141982728,T,A,0.583705,-0.0165109,0.00238988,4.90045e-12,360345.4885,-0.01692696747,0.002391243813,1.454823263e-12,7.078729227850593
2,2:142207957:T:G,142207957,G,T,0.426942,-0.0132874,0.00238532,2.54199e-08,359273.4663,-0.01364328919,0.002387157053,1.09518615e-08,5.715287635915758
2,2:143102471:T:A,143102471,A,T,0.0895072,-0.0309607,0.00412626,6.23519e-14,360419.1897,-0.03121281352,0.004128727008,4.033416478e-14,7.559912161671309
2,2:143383343:A:C,143383343,C,A,0.0338633,-0.0343371,0.00650902,1.32613e-07,360820.1994,-0.03565260515,0.006511724463,4.37165061e-08,5.475140318448698
2,2:146277186:T:C,146277186,C,T,0.116434,0.0198989,0.00367112,5.95055e-08,360721.5266,0.02003559275,0.003671312311,4.833253575e-08,5.457338153980875
2,2:148168946:C:A,148168946,A,C,0.254462,0.0295688,0.00270488,8.220320000000001e-28,360238.9256,0.02934008546,0.002705534372,2.118609626e-27,10.84446967802189
2,2:149717575:C:T,149717575,T,C,0.447285,-0.0139325,0.00236654,3.92908e-09,361217.2242,-0.01343376938,0.002366868563,1.380771576e-08,5.6757563939134545
2,2:150169931:G:A,150169931,A,G,0.16635,0.0196274,0.00316294,5.46085e-10,360486.1233,0.01929703702,0.003163179351,1.057243444e-09,6.10051940744349
2,2:155580267:T:A,155580267,A,T,0.0195399,0.0990512,0.00849939,2.22029e-31,361270.4105,0.1006247813,0.008504754606,2.680118011e-32,11.831591381720814
2,2:156205801:T:G,156205801,G,T,0.168384,-0.0435116,0.00314399,1.50827e-43,361166.2657,-0.04415335547,0.003145693486,9.369408164e-45,14.036127698552257
2,2:156616725:C:A,156616725,A,C,0.661593,-0.0144183,0.00248695,6.73391e-09,361175.7999,-0.01361224046,0.002487603068,4.449076281e-08,5.472030741200228
2,2:159131670:T:A,159131670,A,T,0.140474,0.0240302,0.00338941,1.34553e-12,360545.1719,0.02411482729,0.003389763284,1.127147854e-12,7.11401513014913
2,2:164079277:A:G,164079277,G,A,0.032666,-0.0488699,0.00662964,1.69171e-13,360085.4512,-0.05032701174,0.006640286971,3.481166665e-14,7.579041682956205
2,2:164312653:T:A,164312653,A,T,0.109719,-0.0175602,0.00377034,3.20242e-06,360186.3725,-0.01948000909,0.003776187513,2.487440428e-07,5.158644538423376
2,2:167061063:C:T,167061063,T,C,0.359691,-0.043067,0.00245624,8.45852e-69,359659.5226,-0.04318038389,0.002457319018,4.026045858e-69,17.572152241406698
2,2:168264259:A:T,168264259,T,A,0.760962,-0.014348,0.00276206,2.05189e-07,360408.2791,-0.01426465338,0.002762277012,2.416084937e-07,5.164092275333319
2,2:172810432:A:G,172810432,G,A,0.317143,-0.0167325,0.00252894,3.68567e-11,361084.4689,-0.01673520905,0.002529107283,3.66457475e-11,6.617041974648413
2,2:174854939:C:A,174854939,A,C,0.151181,-0.0172589,0.00329006,1.55733e-07,360056.1854,-0.01729854394,0.003290243215,1.460051267e-07,5.257527425673911
2,2:178877742:G:A,178877742,A,G,0.138761,0.0270266,0.00340778,2.18264e-15,360340.7671,0.02564279824,0.003413362773,5.802037788e-14,7.512473752522524
2,2:179123409:T:A,179123409,A,T,0.338382,0.0173435,0.00249101,3.35055e-12,359997.4511,0.01638707142,0.002495036667,5.104076417e-11,6.567867974342679
2,2:182138432:G:T,182138432,T,G,0.102031,-0.0200861,0.0038946,2.50501e-07,359891.9284,-0.01970964662,0.003894825532,4.182249034e-07,5.060469707324493
2,2:183613020:T:A,183613020,A,T,0.678491,0.0381248,0.00252278,1.39498e-51,360041.0603,0.03787634227,0.00252365169,6.454723753e-51,15.008545917840193
2,2:186515413:T:C,186515413,C,T,0.456095,0.0196154,0.00238055,1.72969e-16,355719.408,0.01951743482,0.002380801477,2.4474032579999997e-16,8.197842200851424
2,2:191603754:C:T,191603754,T,C,0.329826,0.0292952,0.00250447,1.3358e-31,360623.9222,0.02920711715,0.002504948804,2.046036675e-31,11.65976610115182
2,2:196951146:T:G,196951146,G,T,0.728494,-0.0147727,0.00274233,7.17289e-08,336233.649,-0.01466674619,0.002742461841,8.892067139e-08,5.348021974538022
2,2:202354282:A:T,202354282,T,A,0.383719,-0.0254056,0.00242223,9.838690000000001e-26,360386.0884,-0.02585487879,0.002424201023,1.478896567e-26,10.665319643337186
2,2:203625862:T:G,203625862,G,T,0.352374,0.0125233,0.00246441,3.74343e-07,360859.6071,0.01340674095,0.002466146549,5.439481352e-08,5.436311542570863
2,2:207613907:G:A,207613907,A,G,0.0797178,0.0271934,0.00435274,4.17749e-10,359811.0716,0.02726209475,0.0043530227,3.78134278e-10,6.2627963667637205
2,2:209956267:C:A,209956267,A,C,0.779779,-0.0142354,0.00284339,5.54576e-07,360238.4479,-0.01440621558,0.002843528128,4.055857708e-07,5.066317240945541
2,2:212536897:G:C,212536897,C,G,0.838084,0.0163934,0.00319761,2.94907e-07,360465.2791,0.01629824551,0.003197762416,3.455056782e-07,5.096765609743786
2,2:213520822:T:G,213520822,G,T,0.691563,-0.0129354,0.00255149,3.98526e-07,360169.1049,-0.01293317444,0.002551604934,4.006619477e-07,5.068642981390316
2,2:216745495:G:T,216745495,T,G,0.225549,-0.0261519,0.00281627,1.6099899999999998e-20,360941.0149,-0.02623456754,0.002816623945,1.2288783330000001e-20,9.31418891988437
2,2:220754404:G:A,220754404,A,G,0.256461,-0.0138673,0.0027161,3.29946e-07,355528.9645,-0.0138226524,0.002716200675,3.60021485e-07,5.088965821717131
2,2:223391969:T:G,223391969,G,T,0.200363,-0.0169693,0.00294466,8.28281e-09,360000.1051,-0.01699480152,0.002944808325,7.875282881e-09,5.77110617887159
2,2:231819343:T:C,231819343,C,T,0.431847,0.0132597,0.00237855,2.48137e-08,360301.5817,0.01375121805,0.002380024519,7.570025284e-09,5.777763186985049
2,2:232023991:G:A,232023991,A,G,0.563438,0.015803,0.00237075,2.63594e-11,361748.2842,0.01691077348,0.002372940583,1.02949327e-12,7.126505232010691
2,2:232769010:A:T,232769010,T,A,0.506396,0.0264496,0.00235507,2.9080500000000004e-29,360657.5008,0.02679267086,0.002356187317,5.8183935290000004e-30,11.371197301118482
2,2:240855612:G:A,240855612,A,G,0.221307,-0.0256879,0.0028365,1.35736e-19,360659.7366,-0.02562430764,0.002836828944,1.6744264570000002e-19,9.03272920074944
