Chr,SNP,bp,A1,A2,freq,b,se,p,n,bJ,bJ_se,pJ,z
1,1:145609750:A:T,145609750,T,A,0.172372,0.0191134,0.00311683,8.66918e-10,360963.1742,0.01845670087,0.003119775831,3.297964353e-09,5.916034314582136
1,1:145861702:C:T,145861702,T,C,0.254279,-0.0143659,0.00270391,1.0789e-07,360853.5341,-0.01371937104,0.002706436632,3.995669148e-07,5.069163961862898
1,1:155586991:C:G,155586991,G,C,0.596905,0.0118122,0.00241439,9.96355e-07,356680.7428,0.01184798042,0.002414474449,9.244991651e-07,4.907063905731975
1,1:164465656:A:G,164465656,G,A,0.108297,0.0189381,0.00379781,6.14817e-07,359172.5064,0.01885825241,0.003797949451,6.856759444e-07,4.965377410443055
1,1:171910830:G:A,171910830,A,G,0.651081,0.0186653,0.00247269,4.41076e-14,360137.6898,0.01863066951,0.002472890786,4.9222801360000004e-14,7.533963738097732
1,1:180097745:T:A,180097745,A,T,0.918221,0.0222844,0.00430202,2.22041e-07,359973.0866,0.02226593597,0.004302174938,2.272930589e-07,5.175506875215775
1,1:184691775:T:A,184691775,A,T,0.55255,-0.0172254,0.00237092,3.73003e-13,359933.8477,-0.01622275594,0.002372351138,8.01603346e-12,6.838260862882432
1,1:185385567:A:T,185385567,T,A,0.137676,0.0406824,0.00341764,1.1488e-32,360648.6638,0.03984719936,0.003420097621,2.270606052e-31,11.650895318113495
1,1:188735991:T:G,188735991,G,T,0.252669,0.0169704,0.00270927,3.76114e-10,360927.1255,0.01672944937,0.002709522841,6.645065174e-10,6.174315682766374
1,1:190822561:A:C,190822561,C,A,0.0109395,-0.0575428,0.0113214,3.72413e-07,360731.9144,-0.06135647255,0.01134413936,6.350180227e-08,5.4086494006187875
1,1:191066699:G:C,191066699,C,G,0.440138,-0.0123221,0.00237213,2.05342e-07,360792.0496,-0.01292603527,0.002376776415,5.373903613e-08,5.4384733828655065
1,1:193460429:A:T,193460429,T,A,0.700413,-0.014308,0.00257423,2.72824e-08,359771.8031,-0.01439436874,0.002574475695,2.255257107e-08,5.591184553793195
1,1:197620837:C:G,197620837,G,C,0.123064,-0.0292937,0.00362199,6.09634e-16,353315.3256,-0.02928666599,0.003622359441,6.217970091999999e-16,8.08496960807264
1,1:198100744:G:T,198100744,T,G,0.18377,0.0155537,0.00304003,3.1172e-07,360879.2064,0.01562719302,0.00304017764,2.744116364e-07,5.140223654825643
1,1:200382866:G:T,200382866,T,G,0.380005,-0.0124382,0.00242766,3.00039e-07,360289.3327,-0.01245111367,0.00242776765,2.918636435e-07,5.1286265677030505
1,1:202881181:G:T,202881181,T,G,0.740113,-0.0136599,0.00268614,3.67147e-07,360466.7703,-0.01374512876,0.002686252668,3.106947206e-07,5.116841361849137
1,1:204183684:G:T,204183684,T,G,0.206644,-0.0245265,0.00290951,3.47601e-17,360429.2545,-0.02462744914,0.002909817161,2.5930859879999997e-17,8.46357271861591
1,1:206356707:C:T,206356707,T,C,0.106802,0.035547,0.00380752,1.00586e-20,361676.3417,0.03563162972,0.003808021868,8.203908365e-21,9.356991885845966
1,1:211578878:T:A,211578878,A,T,0.874195,-0.0196612,0.00355446,3.17867e-08,360035.961,-0.01978188362,0.003554642062,2.620253325e-08,5.565084549995403
1,1:215389853:G:T,215389853,T,G,0.685803,-0.0223148,0.00253633,1.39776e-18,360852.8876,-0.02221345489,0.002536625625,2.003584853e-18,8.757088421355045
1,1:220523614:A:G,220523614,G,A,0.0384861,-0.0496362,0.00612111,5.11868e-16,360775.7008,-0.04987671178,0.006121733834,3.7158240679999996e-16,8.147481274501946
1,1:221984750:G:T,221984750,T,G,0.399689,0.0117903,0.00240624,9.59329e-07,360106.4778,0.0118242148,0.002406333315,8.933277203e-07,4.9137892603211535
1,1:223265535:G:C,223265535,C,G,0.545449,0.0141307,0.0023681,2.4174e-09,359796.0991,0.01411245008,0.002368223595,2.536512741e-09,5.95908684880745
1,1:227871865:T:G,227871865,G,T,0.851319,-0.0162678,0.0033124,9.05683e-07,360224.9909,-0.01625763553,0.00331252064,9.204041074e-07,4.907934861954551
1,1:230360134:C:G,230360134,G,C,0.111861,0.0227183,0.00373796,1.22012e-09,360381.7732,0.0228911304,0.003738199139,9.150065979e-10,6.123571684873795
1,1:230911004:A:C,230911004,C,A,0.20778,0.0184151,0.00290235,2.22829e-10,360776.8788,0.018647543,0.002902562571,1.322947437e-10,6.424510253908322
1,1:234167337:T:A,234167337,A,T,0.630776,0.0154313,0.00244206,2.63663e-10,360172.3596,0.01539357225,0.002442205492,2.916681694e-10,6.30314373644034
1,1:235029184:C:T,235029184,T,C,0.217489,0.0165072,0.00285673,7.54926e-09,360188.5252,0.01663648909,0.002856873989,5.769022706e-09,5.823319178254453
1,1:239090645:T:A,239090645,A,T,0.07286,-0.0669144,0.00453266,2.6339399999999997e-49,360273.9497,-0.0669897169,0.004534058272,2.1304935520000003e-49,14.77478075517773
1,1:240224911:C:G,240224911,G,C,0.212767,-0.0145157,0.00287477,4.4356e-07,361403.0877,-0.0144146729,0.002874882828,5.330898398e-07,5.0140036176806575
1,1:243055592:T:A,243055592,A,T,0.380004,0.0209649,0.00242509,5.400910000000001e-18,361005.3097,0.02100045955,0.002425352516,4.770717782e-18,8.658724623105469
20,20:3677703:A:C,3677703,C,A,0.0398901,-0.0438643,0.00605129,4.21433e-13,357068.0868,-0.04435862229,0.006051916274,2.306993382e-13,7.329682084428652
20,20:3728793:A:T,3728793,T,A,0.484558,0.0213605,0.00236141,1.49466e-19,359525.5349,0.02149310038,0.002361751652,8.992411174000001e-20,9.100491307711808
20,20:4686319:T:A,4686319,A,T,0.585684,0.0125024,0.00238909,1.66761e-07,361579.628,0.01249138768,0.002389182141,1.71065425e-07,5.228311172111679
20,20:12466167:G:C,12466167,C,G,0.0663559,-0.0251153,0.00473213,1.11272e-07,360984.7128,-0.02509851943,0.004732340797,1.135308643e-07,5.303616224324092
20,20:15660072:T:A,15660072,A,T,0.353767,0.0123515,0.00246482,5.41372e-07,360570.192,0.01233024893,0.002464917399,5.665122005e-07,5.002297008006149
20,20:21154672:C:T,21154672,T,C,0.103259,-0.0324956,0.0038764,5.18056e-17,359881.9208,-0.03250484308,0.003876775904,5.0940088299999995e-17,8.38450400149825
7,7:64914898:C:A,64914898,A,C,0.293507,-0.0142742,0.00275986,2.31627e-07,316762.9544,-0.01418027859,0.002759982546,2.779519118e-07,5.137814588918781
7,7:66278364:G:T,66278364,T,G,0.706089,0.0261875,0.00278273,4.95561e-21,311265.1787,0.02606309005,0.002783151641,7.63419611e-21,9.364595757576259
7,7:69749246:G:C,69749246,C,G,0.284493,0.0178002,0.00260738,8.69336e-12,361510.7388,0.01765045459,0.00260757102,1.297421119e-11,6.768925737639162
7,7:72340895:T:G,72340895,G,T,0.0371098,0.0323196,0.00623873,2.21437e-07,359733.7342,0.03209029171,0.00623898868,2.696543544e-07,5.143508564596402
7,7:76922565:T:C,76922565,C,T,0.295465,0.0230184,0.00258301,5.057500000000001e-19,360176.0142,0.02304631585,0.00258329915,4.609605752000001e-19,8.92127257116157
7,7:80219094:C:T,80219094,T,C,0.688884,-0.0131278,0.00254392,2.46486e-07,360714.7635,-0.01320455573,0.002544027211,2.098264519e-07,5.190414502213436
7,7:86932171:G:T,86932171,T,G,0.798479,-0.0253604,0.00293616,5.779290000000001e-18,360610.3956,-0.02533024083,0.002936473864,6.349395146e-18,8.626073993212971
7,7:93463151:T:G,93463151,G,T,0.200003,-0.0282619,0.00294366,7.96951e-22,360794.7579,-0.02820765218,0.002944039369,9.585378624e-22,9.581275466972194
7,7:97320224:G:T,97320224,T,G,0.0510128,0.0305854,0.00534579,1.05727e-08,361633.5419,0.03059360718,0.005346024618,1.048544581e-08,5.722683557608713
7,7:107632210:C:A,107632210,A,C,0.0539749,-0.0334449,0.00521648,1.44382e-10,360057.7371,-0.03345607526,0.005216790444,1.4254034e-10,6.413152994956683
7,7:109177323:C:A,109177323,A,C,0.204463,0.015931,0.00292017,4.88698e-08,360698.3097,0.01591929874,0.00292029817,5.001474983e-08,5.451257992604227
7,7:115588545:A:T,115588545,T,A,0.0283415,0.0358032,0.00710142,4.61668e-07,360258.1371,0.03637768895,0.007102183151,3.022426128e-07,5.1220432051063005
7,7:116397046:T:G,116397046,G,T,0.018788,0.0495026,0.00867001,1.13308e-08,361035.1691,0.04994447211,0.008671037083,8.415426031e-09,5.759919099863916
7,7:123284787:T:G,123284787,G,T,0.018591,-0.0555468,0.00871607,1.85689e-10,360934.3783,-0.05565645131,0.008716629232,1.712980858e-10,6.3850887572087105
7,7:128314200:A:G,128314200,G,A,0.0556522,-0.0313871,0.0051426,1.03967e-09,359953.6504,-0.03062043574,0.005143518717,2.629370978e-09,5.953207798932561
7,7:129051803:A:T,129051803,T,A,0.200971,-0.0188453,0.00293696,1.39502e-10,361185.0937,-0.01787833522,0.002939424484,1.185023979e-09,6.082257025930113
7,7:129768977:G:T,129768977,T,G,0.653672,-0.0159487,0.00247291,1.12448e-10,361374.2698,-0.01538763364,0.002474746365,5.039715594e-10,6.21786291218575
7,7:136855217:G:C,136855217,C,G,0.297429,0.016158,0.00257389,3.44068e-10,361385.2875,0.01608173813,0.002574065196,4.167987103e-10,6.247603267776749
7,7:142832818:A:T,142832818,T,A,0.274007,-0.0187492,0.00270609,4.26e-12,343425.1665,-0.01870894517,0.002706295924,4.741126447e-12,6.91311877761968
7,7:146240519:C:T,146240519,T,C,0.176317,-0.0182335,0.00309581,3.87167e-09,359440.1013,-0.01818357181,0.003095994799,4.273163268e-09,5.873256575196204
7,7:147910095:G:A,147910095,A,G,0.465707,0.0133933,0.00236367,1.45995e-08,359887.4031,0.01343021332,0.002363780969,1.333891722e-08,5.681665727972109
7,7:148343741:G:C,148343741,C,G,0.415752,-0.020502,0.00238943,9.501760000000001e-18,360713.5751,-0.02049967577,0.002389676613,9.617603906e-18,8.5784309301436
7,7:152629609:C:T,152629609,T,C,0.458444,-0.0216178,0.00236393,6.001739999999999e-20,360555.1587,-0.0220366226,0.002364488897,1.165324087e-20,9.31982494312385
7,7:152772418:C:G,152772418,G,C,0.548072,0.0244443,0.00237108,6.444900000000001e-25,359205.9873,0.02466643515,0.002371727252,2.474162123e-25,10.400198896900815
12,12:39755445:C:T,39755445,T,C,0.367387,0.0138842,0.00244459,1.35159e-08,360225.2811,0.01389331331,0.002444696673,1.323199361e-08,5.683041770965751
12,12:44307258:G:C,44307258,C,G,0.621998,-0.018744,0.00243161,1.27623e-14,359868.9744,-0.01878582198,0.002431841409,1.1190856990000001e-14,7.724937123973449
12,12:48094123:C:A,48094123,A,C,0.375182,-0.0129649,0.00243335,9.93528e-08,360452.5871,-0.01307609425,0.002433523794,7.730134657e-08,5.373316785412126
12,12:51943957:T:A,51943957,A,T,0.138195,0.019168,0.00341366,1.96625e-08,360501.5925,0.01918775992,0.003413997193,1.906030467e-08,5.6203209420740725
12,12:52394657:A:G,52394657,G,A,0.461776,-0.0209546,0.00236306,7.50673e-19,360452.7873,-0.02240970053,0.002368856602,3.075492722e-21,9.460133851529777
12,12:52426166:A:T,52426166,T,A,0.0453731,-0.0418801,0.00566091,1.38434e-13,360426.2971,-0.04546505502,0.005674431044,1.126133058e-15,8.012266721977987
12,12:56514871:G:A,56514871,A,G,0.597729,0.0279049,0.00240331,3.6704799999999997e-31,360148.7037,0.02800944072,0.002404802013,2.368556983e-31,11.647295938952626
12,12:56631261:T:C,56631261,C,T,0.0151655,-0.0680341,0.00963466,1.65141e-12,360856.2677,-0.07047184811,0.009638045097,2.635078677e-13,7.311840461499347
12,12:57168877:G:C,57168877,C,G,0.23253,0.0149965,0.00278918,7.59242e-08,360378.3682,0.01445311137,0.002790659577,2.229562141e-07,5.17910227715317
12,12:59341486:G:A,59341486,A,G,0.0194858,-0.0480304,0.00853288,1.81535e-08,359654.3982,-0.04891796438,0.008533560033,9.900676677e-09,5.732421661162526
12,12:65248280:T:A,65248280,A,T,0.491584,0.0165059,0.0023605,2.70406e-12,359255.1284,0.01669168218,0.002360693896,1.541899219e-12,7.070667742345872
12,12:66159333:T:G,66159333,G,T,0.14866,0.0240737,0.00331374,3.74299e-13,359989.0927,0.02431505223,0.003314062355,2.185445443e-13,7.3369326299233135
12,12:69972897:C:G,69972897,G,C,0.779333,-0.0187401,0.00284145,4.25137e-11,360324.7701,-0.01873246423,0.002841637892,4.335423595e-11,6.592136275609601
12,12:73088397:G:C,73088397,C,G,0.481138,-0.0162763,0.00235827,5.14281e-12,360347.1179,-0.01591091422,0.002359011639,1.53303951e-11,6.744737481136268
12,12:75604887:C:G,75604887,G,C,0.0228336,0.0640912,0.00791981,5.86269e-16,357466.2537,0.05905998187,0.007947159152,1.073047133e-13,7.431584134707663
12,12:75649756:T:A,75649756,A,T,0.35717,0.0164935,0.00248257,3.06331e-11,353556.4197,0.01508915276,0.002490529374,1.373005808e-09,6.058612645778817
12,12:79814480:C:T,79814480,T,C,0.481342,0.0313406,0.00236183,3.549e-40,359122.0254,0.03138382501,0.002362428465,2.845222586e-40,13.28456098246344
12,12:83129400:C:T,83129400,T,C,0.210503,-0.0169182,0.00288947,4.77044e-09,360579.1351,-0.01756900095,0.002890638777,1.21769923e-09,6.077895685130775
12,12:83203799:A:G,83203799,G,A,0.36303,0.0158567,0.00246778,1.31582e-10,355273.0064,0.01614781322,0.002468753894,6.115950586e-11,6.540876050563508
12,12:85344029:C:A,85344029,A,C,0.346702,-0.0236733,0.00251854,5.5073399999999996e-21,348186.1625,-0.02382182139,0.002518951737,3.167907479e-21,9.457037639939507
12,12:91250607:C:G,91250607,G,C,0.113046,-0.0230745,0.00371882,5.48275e-10,360806.276,-0.02263553373,0.003719102194,1.155572015e-09,6.0862897950257295
12,12:92938379:C:G,92938379,G,C,0.874349,-0.0181542,0.00355243,3.21685e-07,360872.4939,-0.0181924163,0.003552594581,3.041105154e-07,5.120881621926902
12,12:94717411:C:T,94717411,T,C,0.653756,-0.0253307,0.0024721,1.23482e-24,361602.0934,-0.02524389591,0.002472493128,1.790579903e-24,10.209895277007217
12,12:99086914:A:T,99086914,T,A,0.158742,-0.0291272,0.00321923,1.4647e-19,361462.8067,-0.02870868501,0.003219944391,4.838933487e-19,8.915894662728665
12,12:99587888:T:C,99587888,C,T,0.131286,0.0222046,0.00348669,1.91236e-10,360841.3635,0.02167488801,0.003487228897,5.115990375e-10,6.215504817778528
12,12:101455741:A:T,101455741,T,A,0.275489,0.014876,0.00263804,1.71116e-08,360194.186,0.01487587886,0.002638185529,1.713605668e-08,5.638678059779473
12,12:104040380:G:C,104040380,C,G,0.262545,-0.0357504,0.00267908,1.30791e-40,359883.1892,-0.03576525032,0.002679756039,1.242168963e-40,13.34645758773864
12,12:107411894:G:T,107411894,T,G,0.295458,0.0167476,0.00258348,9.02811e-11,360100.3206,0.01661141862,0.002583659936,1.280970487e-10,6.4294137121302635
12,12:112018848:A:T,112018848,T,A,0.209182,-0.0165175,0.00292542,1.64146e-08,353403.2796,-0.01641992747,0.002925561759,1.993406505e-08,5.612572498080701
12,12:114245740:G:A,114245740,A,G,0.291233,-0.0142183,0.00258683,3.87838e-08,362218.7758,-0.01419399542,0.002586944826,4.093279229e-08,5.486779338060765
12,12:128303336:C:G,128303336,G,C,0.542686,-0.0137479,0.0023635,6.00413e-09,360887.6256,-0.0137479,0.002363607517,6.009605775e-09,5.8164902172292425
6,6:1498125:C:A,1498125,A,C,0.218701,-0.0182766,0.00285242,1.482e-10,360024.4152,-0.01831140408,0.002852596114,1.369863095e-10,6.419206697411913
6,6:5423146:C:A,5423146,A,C,0.150474,0.0228272,0.00329991,4.60376e-12,359564.1085,0.02281194093,0.003300126825,4.763750325e-12,6.912443714947227
6,6:10983089:T:A,10983089,A,T,0.278279,-0.0149483,0.00262427,1.22637e-08,361885.1043,-0.01501055699,0.002624398872,1.067642963e-08,5.719617223642825
6,6:21783345:G:C,21783345,C,G,0.205053,-0.0145429,0.00291752,6.20979e-07,360756.8271,-0.01453806853,0.002917637236,6.266342214e-07,4.982822521805791
6,6:22760695:T:A,22760695,A,T,0.572141,0.0132396,0.00238068,2.67975e-08,360772.5094,0.01317505124,0.00238078854,3.131834187e-08,5.533902326327562
6,6:24416296:G:T,24416296,T,G,0.95698,0.0363641,0.00581104,3.90983e-10,360037.9059,0.03652677767,0.005811927465,3.282847802e-10,6.284795859887767
6,6:25001110:G:T,25001110,T,G,0.512953,0.0124521,0.00235722,1.27491e-07,360573.7991,0.01327135163,0.002359296442,1.85367212e-08,5.625131032177432
6,6:25039872:T:A,25039872,A,T,0.276446,-0.0176949,0.00263508,1.88195e-11,360373.833,-0.01810298886,0.002637321555,6.688510336e-12,6.864156866150513
6,6:31200687:G:T,31200687,T,G,0.26731,-0.0174179,0.0027067,1.23525e-10,348826.3044,-0.01736592977,0.002706892846,1.404095147e-10,6.415447806019285
6,6:33275725:G:T,33275725,T,G,0.223301,0.0162069,0.00282917,1.01414e-08,360558.243,0.01622523603,0.002829350781,9.773437973e-09,5.734614505545822
6,6:37630636:A:T,37630636,T,A,0.408904,0.0148537,0.00239369,5.46286e-10,361422.3414,0.01480066008,0.002393843901,6.297414328e-10,6.182800839193065
6,6:38162660:T:A,38162660,A,T,0.473193,0.0136173,0.00235846,7.7572e-09,360985.2621,0.01363315654,0.002358591539,7.460703636e-09,5.780210907472436
6,6:39327449:C:G,39327449,G,C,0.0435986,-0.0400695,0.00576268,3.57497e-12,361456.9764,-0.0400193029,0.005763213648,3.81362593e-12,6.9439214549833395
6,6:41050134:G:T,41050134,T,G,0.79259,-0.0186744,0.00290718,1.33299e-10,360250.5004,-0.01856763503,0.002907382319,1.698636745e-10,6.38637543767769
6,6:45363199:A:C,45363199,C,A,0.0443728,-0.035562,0.00572928,5.4042e-10,359603.9886,-0.03570781614,0.005729655743,4.602088608e-10,6.232104988790074
6,6:49873472:A:T,49873472,T,A,0.326478,-0.0163819,0.0025134,7.14258e-11,360326.6038,-0.01638155985,0.00251355116,7.158552166e-11,6.517297165337984
6,6:57795905:C:T,57795905,T,C,0.209812,-0.0182824,0.00319453,1.04725e-08,295837.991,-0.01830549762,0.0031947034,1.004589681e-08,5.72995215142664
2,2:466247:T:C,466247,C,T,0.221011,-0.0210099,0.00283856,1.34826e-13,360569.4348,-0.02099155143,0.002838772366,1.418476315e-13,7.394587773720776
2,2:1721618:A:C,1721618,C,A,0.154549,-0.0207815,0.00325314,1.68109e-10,361732.1561,-0.02070653203,0.003253329477,1.95645979e-10,6.364720258550069
2,2:4889751:C:A,4889751,A,C,0.13168,-0.0287236,0.00349102,1.91243e-16,358930.2543,-0.02875238159,0.003491377004,1.7917485939999999e-16,8.23525547572175
2,2:5776457:C:G,5776457,G,C,0.0199381,-0.0424684,0.00841982,4.56458e-07,361096.0789,-0.04246332217,0.008420197271,4.582131876e-07,5.043031748941075
2,2:6441623:T:G,6441623,G,T,0.581263,-0.0165106,0.00238665,4.59245e-12,360783.9177,-0.01646787731,0.002386814473,5.217806333e-12,6.899521306028213
2,2:14760094:A:C,14760094,C,A,0.0838772,0.026033,0.00424905,8.97639e-10,360553.5282,0.02604094632,0.004249277039,8.880961345e-10,6.128323966876097
2,2:16674972:C:G,16674972,G,C,0.0853353,0.0237291,0.00421895,1.86292e-08,360046.5985,0.02367020416,0.004219154136,2.021190444e-08,5.61017763205985
2,2:22616881:C:T,22616881,T,C,0.686359,0.0141303,0.00253885,2.61407e-08,360496.2054,0.01409685366,0.002538958869,2.820671888e-08,5.552218207281246
2,2:26420014:C:G,26420014,G,C,0.437283,-0.0125996,0.00237542,1.13251e-07,360270.6657,-0.01248592516,0.002375535867,1.471857022e-07,5.256045734122355
2,2:26974746:G:C,26974746,C,G,0.0359416,-0.0313962,0.00634277,7.42764e-07,358845.8586,-0.03141504893,0.00634298021,7.318063412e-07,4.952726934331709
2,2:32159564:C:G,32159564,G,C,0.360851,0.00760644,0.00245618,0.00195599,359529.2856,0.01293833463,0.002520002697,2.832649064e-07,5.134254278935003
2,2:32341205:A:T,32341205,T,A,0.540506,-0.0203329,0.0023644,8.03079e-18,360234.1231,-0.02308812061,0.002426029221,1.785331399e-21,9.51683533328719
2,2:38639968:C:A,38639968,A,C,0.0780516,-0.0221497,0.00438981,4.52084e-07,360732.8881,-0.02228806979,0.00439007544,3.835986162e-07,5.076921819366275
2,2:40320711:T:G,40320711,G,T,0.336141,-0.012983,0.00249327,1.91781e-07,360601.5989,-0.01350633835,0.002494631242,6.157630627e-08,5.4141622708018655
2,2:41119006:C:G,41119006,G,C,0.404766,0.0125176,0.00239824,1.79506e-07,360982.747,0.01291069777,0.002399401175,7.415555898e-08,5.380799969809134
2,2:41786294:A:C,41786294,C,A,0.187274,-0.0169714,0.00302246,1.96605e-08,359762.1253,-0.01714000979,0.003022817675,1.426229295e-08,5.670209596746519
2,2:47874569:A:T,47874569,T,A,0.235946,-0.0161934,0.00277488,5.36058e-09,360354.6532,-0.0162588161,0.002775082377,4.660584518e-09,5.858858906226984
2,2:49442131:A:G,49442131,G,A,0.532685,-0.0112859,0.00236485,1.82176e-06,359319.9675,-0.01159545278,0.002365052725,9.446546187e-07,4.902830561631559
2,2:52122845:A:C,52122845,C,A,0.0898721,-0.0291384,0.00412499,1.62213e-12,359387.4052,-0.0297225479,0.004125536246,5.82445798e-13,7.2045295757171255
2,2:53320467:G:C,53320467,C,G,0.433755,0.0243729,0.00237816,1.20943e-24,360029.8972,0.02437742366,0.002378615938,1.2010113980000002e-24,10.248574925675959
2,2:57969326:A:G,57969326,G,A,0.0407156,-0.0475495,0.00596315,1.54195e-15,360130.4997,-0.04626848784,0.00596718236,8.916517507e-15,7.753825012983179
2,2:58761668:T:A,58761668,A,T,0.396154,0.0187479,0.00240922,7.17367e-15,360230.1875,0.01829420815,0.002410818559,3.23928926e-14,7.588380337335873
2,2:60409817:C:A,60409817,A,C,0.255619,0.015365,0.00270094,1.28055e-08,360361.9913,0.01577825119,0.002701367314,5.193862354e-09,5.8408388626856675
2,2:60577734:A:T,60577734,T,A,0.114207,0.0327215,0.00370357,1.0043300000000001e-18,360442.6185,0.03335145584,0.003705028001,2.223009283e-19,9.001674435658334
2,2:61400810:T:A,61400810,A,T,0.507912,-0.0131724,0.00235612,2.26287e-08,360522.6473,-0.01336525135,0.002357164508,1.427520576e-08,5.670054552679528
2,2:63484678:G:T,63484678,T,G,0.118775,-0.0226446,0.00363864,4.87185e-10,360960.464,-0.01894172824,0.003676840619,2.582299533e-07,5.15163157796914
2,2:64101018:C:T,64101018,T,C,0.240362,0.0176649,0.00275279,1.39082e-10,361516.5114,0.01606280657,0.002781166394,7.669540181e-09,5.775564743142802
2,2:69933585:C:T,69933585,T,C,0.507608,-0.012752,0.00235655,6.26133e-08,360386.2495,-0.01272127561,0.002356685977,6.740624132e-08,5.397951077976819
2,2:71545183:T:A,71545183,A,T,0.0555162,-0.0249539,0.00514011,1.20594e-06,361084.4969,-0.02540044616,0.005140605064,7.766735705e-07,4.941139388022826
2,2:72639174:A:T,72639174,T,A,0.10746,0.029291,0.00380402,1.36406e-14,360383.3431,0.02937233026,0.003804548743,1.16038847e-14,7.7203190822675705
2,2:75373491:G:C,75373491,C,G,0.0307112,-0.035492,0.00682597,1.99879e-07,360649.2015,-0.03552311144,0.006826305422,1.951951253e-07,5.2038561482343235
2,2:77535072:A:C,77535072,C,A,0.0429271,0.0321845,0.00580714,2.98851e-08,361042.3533,0.0319696723,0.005807561658,3.695128763e-08,5.504835623391328
2,2:79149214:C:T,79149214,T,C,0.63522,-0.0124647,0.00244583,3.46506e-07,360875.4076,-0.01247819351,0.002445967599,3.369066434e-07,5.101536715000451
2,2:79724245:A:T,79724245,T,A,0.0563334,0.0253486,0.00510499,6.85676e-07,361070.7147,0.02573786714,0.00510542313,4.624284479e-07,5.041279926194873
2,2:80075027:C:A,80075027,A,C,0.926792,-0.0398455,0.0045231,1.2644100000000001e-18,360320.9699,-0.03929655915,0.004526944564,3.937138156e-18,8.680592084670378
2,2:80430198:G:A,80430198,A,G,0.0282097,0.038029,0.00711933,9.21595e-08,360008.3451,0.03549949637,0.007124877855,6.277744362e-07,4.982470870723439
2,2:83778195:A:C,83778195,C,A,0.013269,0.0558376,0.0103005,5.93524e-08,360086.8347,0.05575616062,0.0103013341,6.214445768e-08,5.412518425162038
2,2:86327699:G:C,86327699,C,G,0.0150365,-0.0577484,0.009676,2.40095e-09,360740.3859,-0.05008829176,0.009708042244,2.476582067e-07,5.159463721015097
2,2:86373537:A:G,86373537,G,A,0.256693,-0.0256729,0.00269598,1.6984e-21,360638.0054,-0.02455223737,0.002705140631,1.124927611e-19,9.076140844080205
2,2:88082883:T:C,88082883,C,T,0.782946,-0.0176785,0.00285497,5.94013e-10,361116.5955,-0.01777371077,0.002855142037,4.810704422e-10,6.225158167148655
2,2:91486528:T:A,91486528,A,T,0.12419,0.0250642,0.00391397,1.51773e-10,300196.5307,0.02505539909,0.00391426768,1.543182338e-10,6.401043857583087
3,3:95700147:T:C,95700147,C,T,0.0599698,-0.0249906,0.00496756,4.88774e-07,359690.7736,-0.02502793809,0.00496773354,4.701759181e-07,5.0380999480902116
3,3:105467110:G:A,105467110,A,G,0.197551,-0.0146937,0.00295623,6.68401e-07,361174.9998,-0.01468854052,0.002956340675,6.747728689e-07,4.9684871044166785
3,3:112609640:G:C,112609640,C,G,0.0793557,0.0308873,0.00435712,1.35408e-12,360737.2309,0.0309322225,0.004357438315,1.259201344e-12,7.09871724254116
3,3:113837264:G:T,113837264,T,G,0.382909,0.0123615,0.00242188,3.32561e-07,361026.5438,0.01243367552,0.002421982913,2.841370906e-07,5.133675986425095
3,3:120318240:T:C,120318240,C,T,0.271858,-0.0226951,0.00264638,9.866720000000001e-18,360885.4654,-0.02251784132,0.002646960039,1.7840302989999998e-17,8.5070575256992
3,3:121437898:G:A,121437898,A,G,0.339839,0.0136242,0.00248811,4.36e-08,360265.0432,0.01337102998,0.002488511501,7.739285436e-08,5.373103549903988
3,3:123317477:T:A,123317477,A,T,0.0490163,-0.0429426,0.00545542,3.51259e-15,360641.674,-0.04287376143,0.005455913016,3.896324471e-15,7.8582193858788605
3,3:129072295:G:C,129072295,C,G,0.35134,0.0130502,0.00246843,1.24517e-07,360330.0389,0.01360904821,0.002469922262,3.59018173e-08,5.50990953010002
3,3:130117144:G:A,130117144,A,G,0.0279558,-0.0539481,0.00714193,4.24015e-14,360963.0423,-0.05532698989,0.007146552279,9.803943959e-15,7.741773617549437
3,3:133196214:A:G,133196214,G,A,0.0192167,0.0513983,0.00856753,1.98483e-09,361671.3791,0.05128229357,0.00856803036,2.159818612e-09,5.985307172744426
3,3:134898177:C:G,134898177,G,C,0.368477,-0.0373265,0.00243905,7.506099999999999e-53,361241.8523,-0.03730048898,0.002439844654,9.184700249e-53,15.288058983119175
3,3:138180525:C:G,138180525,G,C,0.407352,0.0123834,0.00239562,2.35249e-07,361148.5136,0.01228157696,0.002395806022,2.955200885e-07,5.126281863899582
3,3:139582335:G:T,139582335,T,G,0.44219,-0.0152769,0.00237287,1.21073e-10,360269.4484,-0.0152594195,0.002373146727,1.275735127e-10,6.430036257930881
3,3:145287371:G:A,145287371,A,G,0.0863273,0.0214212,0.00419042,3.19024e-07,361272.7224,0.02146105065,0.004190635021,3.036087406e-07,5.121192979692802
3,3:147560649:T:A,147560649,A,T,0.0393435,0.0331117,0.00605722,4.59348e-08,360825.0843,0.03348157237,0.006057564609,3.253203696e-08,5.527233225090971
3,3:148080426:T:C,148080426,C,T,0.137086,0.0174326,0.00342547,3.59928e-07,360485.9516,0.01749292074,0.003425660494,3.282893622e-07,5.106437363141685
3,3:168606696:G:A,168606696,A,G,0.195999,0.0148871,0.00296771,5.26879e-07,360526.195,0.01486502043,0.002967826722,5.479251174e-07,5.008722483630229
3,3:170633564:A:G,170633564,G,A,0.353793,-0.01225,0.00246469,6.6912e-07,360284.2073,-0.01226936609,0.002464800538,6.43000115e-07,4.977833257029255
3,3:175094172:C:G,175094172,G,C,0.58558,0.0173215,0.00239531,4.78856e-13,359341.1156,0.01712334343,0.002395538268,8.804170611e-13,7.148014982159325
3,3:175527447:T:C,175527447,C,T,0.746819,-0.0147481,0.0027107,5.31012e-08,360143.3727,-0.0148142167,0.002710845374,4.634397023e-08,5.464795905397148
3,3:178846009:T:C,178846009,C,T,0.0164932,0.0461137,0.00925147,6.21589e-07,360401.6593,0.04657984951,0.009253032209,4.803265382e-07,5.034009226153338
3,3:179532638:T:C,179532638,C,T,0.41448,-0.0305114,0.00239185,2.92649e-37,360255.9675,-0.03104064521,0.002393072782,1.785882347e-38,12.971041016169144
3,3:180159669:A:T,180159669,T,A,0.122655,-0.0260401,0.00359099,4.1294e-13,360556.3209,-0.02770501689,0.003596662768,1.3293046760000001e-14,7.7029787547766
3,3:180411869:C:A,180411869,A,C,0.710362,0.0139199,0.00259856,8.47734e-08,360151.429,0.01503703238,0.002600273715,7.343891019e-09,5.78286520117364
3,3:180950007:C:T,180950007,T,C,0.205099,0.0138517,0.00291504,2.017e-06,361183.354,0.01463643364,0.002917920956,5.274496268e-07,5.016048707523659
3,3:182922669:A:G,182922669,G,A,0.0779752,0.030392,0.00439242,4.54956e-12,360708.2221,0.03070130762,0.004392831407,2.769382615e-12,6.988956501056995
3,3:184786667:A:C,184786667,C,A,0.574809,0.020963,0.0023836,1.44097e-18,360290.5758,0.02001532007,0.002388573152,5.3101741059999995e-17,8.379613600379278
3,3:185069807:A:C,185069807,C,A,0.052371,-0.0376774,0.00528026,9.66063e-13,361592.5919,-0.03527199512,0.005291184419,2.625447417e-11,6.666181392835706
16,16:6262592:G:A,6262592,A,G,0.184733,0.0209343,0.00303918,5.66124e-12,359769.8554,0.02084406975,0.003039389782,6.98417716e-12,6.857978490762722
16,16:10279016:T:A,10279016,A,T,0.48986,-0.023615,0.00235994,1.4357900000000002e-23,359546.4654,-0.02359270852,0.00236027397,1.590784289e-23,9.995749993378945
16,16:12085226:C:A,12085226,A,C,0.388759,0.014722,0.0024402,1.60984e-09,353712.8091,0.01468302417,0.002440340123,1.77905078e-09,6.016794147509904
16,16:18761118:T:A,18761118,A,T,0.431829,0.0186337,0.00237516,4.33272e-15,361566.9266,0.01859173215,0.002375369418,5.001247656e-15,7.82688031980043
16,16:25366302:T:C,25366302,C,T,0.281474,0.0146454,0.00261771,2.21105e-08,361141.7958,0.01472468909,0.002617829578,1.857553807e-08,5.624769929159995
16,16:30262662:C:G,30262662,G,C,0.464394,-0.015247,0.00236013,1.04671e-10,361231.1323,-0.01574651959,0.002360790693,2.557697079e-11,6.670019344235021
16,16:33612349:A:C,33612349,C,A,0.0771234,0.0258252,0.00467728,3.3654e-08,321426.4777,0.02916310939,0.004693516357,5.182106294e-10,6.213488389468502
16,16:34159658:G:C,34159658,C,G,0.0824246,0.0309574,0.00436653,1.34648e-12,347060.2528,0.0336265318,0.004381917836,1.6680481820000003e-14,7.673930242082247
8,8:2182459:C:G,2182459,G,C,0.0814215,-0.0349764,0.00430292,4.35864e-16,361455.0863,-0.03493807837,0.004303407573,4.712007026e-16,8.118700768480522
8,8:2764665:T:G,2764665,G,T,0.160487,0.0170798,0.00320232,9.63566e-08,362313.7364,0.01709238388,0.003202526532,9.44157727e-08,5.33715605763481
8,8:4261392:T:G,4261392,G,T,0.429531,0.0422556,0.00238232,2.32218e-70,359674.1099,0.04210458563,0.002383384432,7.68043492e-70,17.66588094840757
8,8:12360382:C:A,12360382,A,C,0.448323,0.0291712,0.00236775,7.16314e-35,360898.797,0.02908629967,0.002368251458,1.134997176e-34,12.281761538347588
8,8:17728106:G:A,17728106,A,G,0.313358,-0.0134181,0.00254041,1.27958e-07,360498.3297,-0.01344086634,0.002540511382,1.219060791e-07,5.290614494086136
8,8:18768849:T:A,18768849,A,T,0.0579747,0.0254835,0.00504933,4.49217e-07,359514.4007,0.02551372723,0.005049516946,4.355929352e-07,5.052706526752193
8,8:28091542:T:A,28091542,A,T,0.0555454,0.025249,0.00514332,9.15446e-07,360720.1085,0.02523461339,0.005143487891,9.289160087e-07,4.906128666921751
8,8:28593402:T:A,28593402,A,T,0.488385,0.014607,0.00236317,6.37139e-10,358735.1091,0.01459453632,0.002363293616,6.595147442e-10,6.1755070217225185
8,8:40786727:A:G,40786727,G,A,0.149581,0.0409162,0.00330222,2.99064e-35,360752.5964,0.04097383264,0.003302929502,2.445937359e-35,12.405300390210991
8,8:43069826:C:G,43069826,G,C,0.194345,-0.0214277,0.00298811,7.46e-13,358045.0229,-0.01844003112,0.003008735433,8.852707438e-10,6.128831042353733
8,8:43237739:T:A,43237739,A,T,0.138528,0.0320689,0.00347786,2.96204e-20,346741.8712,0.02967993011,0.003502053758,2.350654046e-17,8.475006999021629
10,10:3240542:G:T,3240542,T,G,0.736524,0.0202053,0.00267964,4.69991e-14,359208.6058,0.02025665572,0.00267986013,4.0665437570000004e-14,7.558848125405709
10,10:7252197:A:G,7252197,G,A,0.362692,-0.0157112,0.0024529,1.50383e-10,359914.8784,-0.01584191057,0.002453066147,1.060930578e-10,6.458003828952599
10,10:14936766:G:C,14936766,C,G,0.189694,0.018342,0.00300408,1.02451e-09,360849.2688,0.01843797849,0.00300433288,8.402614582e-10,6.137129015477139
10,10:16280122:A:T,16280122,T,A,0.630474,0.0128027,0.00243714,1.49584e-07,361734.6082,0.01284872258,0.002437302145,1.351668354e-07,5.271698712594371
10,10:20510457:T:C,20510457,C,T,0.107952,0.0243333,0.00379608,1.45598e-10,360709.2119,0.02429916026,0.003796394851,1.547794623e-10,6.40058824587211
10,10:22315327:T:C,22315327,C,T,0.172071,0.019671,0.00311854,2.83427e-10,361280.9718,0.01975294622,0.003118805461,2.396653788e-10,6.333497381291139
10,10:23947589:A:C,23947589,C,A,0.152298,0.0353227,0.0032773,4.41495e-27,360899.8991,0.03512209369,0.003277867979,8.663197485e-27,10.714920159998305
10,10:24480081:A:G,24480081,G,A,0.681838,0.0203406,0.00252808,8.58739e-16,361000.1008,0.02017894707,0.002528363194,1.451150626e-15,7.981031806619472
10,10:25751253:T:C,25751253,C,T,0.154438,-0.0191459,0.00325623,4.11225e-09,361513.9222,-0.01894346977,0.003256462392,5.984408357e-09,5.817192858280059
10,10:30191266:A:C,30191266,C,A,0.216321,0.0197912,0.00286218,4.69506e-12,360419.2233,0.02009941967,0.002862911671,2.208832396e-12,7.02062165368147
10,10:30549112:C:T,30549112,T,C,0.331269,-0.0116891,0.0025042,3.04528e-06,360329.4826,-0.01228530315,0.00250533397,9.406779313e-07,4.903658872274023
10,10:31039470:G:C,31039470,C,G,0.791827,-0.0173224,0.00290854,2.59184e-09,358962.1326,-0.01763275214,0.002909386222,1.355781928e-09,6.060643309116489
10,10:32469454:A:C,32469454,C,A,0.293278,0.0169373,0.00271995,4.75744e-10,326433.66,0.01699689835,0.002720179561,4.145533235e-10,6.248447195798925
10,10:33578425:G:A,33578425,A,G,0.128279,-0.023013,0.00352954,7.03522e-11,359315.2637,-0.02320893431,0.003529796749,4.860495793e-11,6.575147511418368
10,10:35946748:T:C,35946748,C,T,0.296082,0.0198428,0.00258246,1.5498e-14,360100.6069,0.01982850919,0.002582680516,1.62233281e-14,7.677492073510496
4,4:8912367:T:A,8912367,A,T,0.262532,-0.017049,0.00267591,1.87669e-10,361112.4124,-0.01698096778,0.002676076477,2.217448362e-10,6.345471785259447
4,4:10651505:G:C,10651505,C,G,0.325404,-0.016943,0.00261888,9.83953e-11,332511.9508,-0.01687891795,0.002619047509,1.158460747e-10,6.444678033520926
4,4:12057231:T:C,12057231,C,T,0.618821,-0.0147485,0.00242559,1.20032e-09,360733.4065,-0.01467281301,0.002425726394,1.458991142e-09,6.048832649177993
4,4:15116869:A:T,15116869,T,A,0.0956811,0.0212599,0.00400033,1.06995e-07,361564.9595,0.02125725764,0.004000526127,1.074712624e-07,5.313615500854345
4,4:20525520:G:A,20525520,A,G,0.315243,0.0120572,0.00253795,2.02723e-06,360067.8886,0.0133318718,0.002539172836,1.517048022e-07,5.250478270318107
4,4:21009390:T:C,21009390,C,T,0.500841,0.0412896,0.00235914,1.4772300000000001e-68,359537.015,0.04146216748,0.002361218983,5.018797836e-69,17.55964515723191
4,4:22091478:T:A,22091478,A,T,0.201281,-0.0206226,0.00293683,2.19011e-12,361032.2037,-0.02034303831,0.002937186964,4.328217171e-12,6.926027712684618
4,4:23375955:G:T,23375955,T,G,0.157095,0.0246645,0.00324446,2.92233e-14,359140.1443,0.02424073899,0.003244780532,7.977734956e-14,7.470686769394115
4,4:28389096:T:G,28389096,G,T,0.319916,0.0157189,0.00252766,5.01669e-10,360144.848,0.01585107418,0.002527825726,3.595770704e-10,6.270635675934251
4,4:32791282:G:C,32791282,C,G,0.174684,0.0249809,0.00310677,8.95293e-16,359741.0731,0.02505457261,0.003107073337,7.400653727999999e-16,8.06372103021912
4,4:41572737:C:G,41572737,G,C,0.705384,0.0139263,0.00259816,8.32466e-08,356870.7887,0.01394329082,0.002598261796,8.032734719e-08,5.36639180911853
11,11:7607810:G:C,7607810,C,G,0.0661214,0.0416426,0.00473554,1.4541e-18,361296.3797,0.04156688148,0.004736059633,1.683706845e-18,8.77668034210751
11,11:11836771:G:C,11836771,C,G,0.710296,-0.0174392,0.00259882,1.94341e-11,360020.6908,-0.0173881136,0.002598988191,2.226532952e-11,6.69033959454416
11,11:14556216:T:A,14556216,A,T,0.168107,-0.0162086,0.00315223,2.72029e-07,360086.7056,-0.01616005775,0.003152351417,2.954126799e-07,5.126350337355171
11,11:17368369:C:A,17368369,A,C,0.1265,-0.0174988,0.00354712,8.09156e-07,359909.6377,-0.01748203159,0.003547246641,8.293191658e-07,4.928338330900966
11,11:30526683:A:T,30526683,T,A,0.296769,-0.0198468,0.00257996,1.44453e-14,360175.5292,-0.01992512837,0.00258028183,1.1445151480000002e-14,7.722074440992363
11,11:31240699:A:G,31240699,G,A,0.384667,0.0160537,0.00275576,5.69804e-09,278354.038,0.0162904513,0.00275604598,3.404391527e-09,5.910805341498694
11,11:33398263:T:C,33398263,C,T,0.22257,0.0167185,0.00283397,3.65342e-09,360054.0035,0.01667818249,0.002834129175,3.986214035e-09,5.884764405630875
11,11:35799386:T:C,35799386,C,T,0.273068,0.0163718,0.00264449,5.98852e-10,360440.3512,0.01629962468,0.002644640328,7.125916559e-10,6.163267083023926
11,11:37983526:C:A,37983526,A,C,0.180436,0.0229822,0.00306646,6.66013e-14,359815.2573,0.02309533691,0.003066746302,5.0394642360000004e-14,7.530892560280651
11,11:41520308:C:G,41520308,G,C,0.711772,0.0185328,0.00259929,1.00596e-12,360977.6711,0.01854820084,0.002599514956,9.660822627e-13,7.135254520151336
11,11:43833572:A:G,43833572,G,A,0.29883,0.0183964,0.00256848,7.94429e-13,361965.0079,0.01836737526,0.002568672155,8.644153627e-13,7.150533097128543
22,22:17966215:G:A,17966215,A,G,0.0153362,-0.0881608,0.00962001,5.0115799999999995e-20,358159.5325,-0.08796032623,0.009621148554,6.108509921000001e-20,9.142393523632936
22,22:18282655:C:A,18282655,A,C,0.306669,0.0185917,0.00255846,3.69027e-13,359669.4921,0.0185060216,0.002558656846,4.734515687e-13,7.2327094697871805
22,22:27016839:C:A,27016839,A,C,0.554609,-0.0149922,0.00237161,2.59338e-10,360306.4649,-0.01489549404,0.002371750404,3.377462669e-10,6.280380100232504
22,22:29224560:C:G,29224560,G,C,0.249631,-0.013707,0.00272087,4.71355e-07,361006.9799,-0.01373539261,0.002720965192,4.464932242e-07,5.047985417227637
22,22:34826471:G:A,34826471,A,G,0.0187436,0.056851,0.0086983,6.33221e-11,359732.1674,0.05682038029,0.008698853431,6.492358455e-11,6.531939035495171
22,22:38494607:A:C,38494607,C,A,0.805421,-0.0198388,0.00297656,2.65059e-11,360523.3578,-0.01986168482,0.002976773134,2.51962714e-11,6.672219858861437
22,22:39279605:T:A,39279605,A,T,0.017624,-0.0444427,0.008962,7.08807e-07,360008.9885,-0.04413512321,0.008962383146,8.458272764e-07,4.924485205667417
22,22:47287145:A:G,47287145,G,A,0.703303,0.0203262,0.00258047,3.36416e-15,360252.5552,0.02036095589,0.002580696354,3.028800911e-15,7.889713897739711
22,22:49886542:C:T,49886542,T,C,0.0535087,-0.0255668,0.00523602,1.04604e-06,360547.7393,-0.02832431146,0.00525742093,7.144778602e-08,5.387491668847599
22,22:49928184:T:C,49928184,C,T,0.182477,-0.0167202,0.00305139,4.26728e-08,360408.8,-0.01824656809,0.003063890753,2.595022124e-09,5.955358581938317
9,9:1230317:G:A,1230317,A,G,0.322556,0.0133434,0.00251976,1.18759e-07,360844.6125,0.01331827461,0.002519860337,1.254834728e-07,5.285322529365246
9,9:2279234:C:G,2279234,G,C,0.401953,-0.0146876,0.00240533,1.02095e-09,359953.1234,-0.01476994819,0.002405483096,8.246060515e-10,6.140117224087115
9,9:2623751:C:G,2623751,G,C,0.369335,0.0142528,0.00244293,5.40652e-09,360137.6864,0.01434541739,0.002443114634,4.311558262e-09,5.871774164977639
9,9:3347227:G:A,3347227,A,G,0.21134,-0.014105,0.00288688,1.03012e-06,360406.911,-0.01418284002,0.002887051463,8.989065336e-07,4.91256917369332
9,9:10299415:G:T,10299415,T,G,0.691567,-0.0200003,0.00254904,4.30009e-15,361183.9429,-0.01996208103,0.002549274627,4.859546641e-15,7.83049453306311
9,9:11814069:T:C,11814069,C,T,0.87905,0.0214354,0.00361391,3.00704e-09,360524.1501,0.02138622413,0.003614113129,3.270314875e-09,5.917419673002162
9,9:15005039:C:A,15005039,A,C,0.420811,0.0125876,0.0023878,1.35288e-07,360258.364,0.01260191854,0.002387896489,1.310196043e-07,5.277414074710339
9,9:24128485:A:G,24128485,G,A,0.2949,0.0240572,0.00259949,2.16203e-20,356241.6394,0.02403151798,0.002599808895,2.3840502310000002e-20,9.243570951010229
9,9:29797316:G:C,29797316,C,G,0.385265,0.0258928,0.00242017,1.04123e-26,360806.0874,0.0259222216,0.002420576431,9.224336535e-27,10.709110965478125
9,9:31694636:T:G,31694636,G,T,0.0160257,0.06271,0.00936947,2.18941e-11,361631.4929,0.06311472792,0.00937012296,1.630958044e-11,6.735741696179407
5,5:3310184:A:G,3310184,G,A,0.510713,-0.0121095,0.00235707,2.78551e-07,360411.2186,-0.01208647141,0.002357163252,2.935377122e-07,5.1275495660917425
5,5:7851559:T:C,7851559,C,T,0.455476,0.014275,0.0023597,1.4545e-09,362306.1231,0.01435789989,0.002359836168,1.170172261e-09,6.084278258252375
5,5:10163459:A:G,10163459,G,A,0.711943,-0.0130695,0.00260009,4.99572e-07,360898.2949,-0.01298652412,0.002600194097,5.900547196e-07,4.994444120530591
5,5:11918459:T:A,11918459,A,T,0.28551,-0.0165423,0.00260779,2.24973e-10,360665.4103,-0.01655749891,0.002607952612,2.169309757e-10,6.348849604787221
5,5:15083808:A:G,15083808,G,A,0.0116083,0.066354,0.0110047,1.64511e-09,360095.4902,0.06554555343,0.01100568249,2.591034488e-09,5.955610066850111
5,5:16199882:A:G,16199882,G,A,0.194037,0.0177434,0.00298136,2.66011e-09,359951.8639,0.01751785011,0.00298162922,4.221774529e-09,5.875261079578499
5,5:22839172:C:T,22839172,T,C,0.219611,0.0245564,0.00284278,5.73499e-18,361222.0206,0.02441966902,0.002843104276,8.76633784e-18,8.58908666352412
5,5:32423830:A:G,32423830,G,A,0.458785,-0.0130275,0.00236377,3.56437e-08,360653.0515,-0.01299728945,0.002363882076,3.83510028e-08,5.498281653708008
5,5:36417088:C:T,36417088,T,C,0.0266142,-0.0428539,0.0073284,4.98999e-09,359631.4059,-0.04279236588,0.007328814389,5.254007516e-09,5.838920677842262
5,5:39166846:T:A,39166846,A,T,0.566017,0.0228167,0.00238014,9.18613e-22,359498.8097,0.02280646566,0.002380454609,9.637208794000001e-22,9.580718562653342
5,5:42528084:G:T,42528084,T,G,0.363234,0.0214992,0.00246348,2.6221500000000003e-18,356417.0178,0.02063282132,0.002465981955,5.911380364999999e-17,8.366979846776697
5,5:43194460:C:T,43194460,T,C,0.726946,-0.0275334,0.00268606,1.1869400000000001e-24,349303.5196,-0.02633608771,0.002690194132,1.247137118e-22,9.789660677915716
5,5:45289043:C:G,45289043,G,C,0.0850523,0.0312438,0.00438312,1.01876e-12,334657.652,0.03031125943,0.004385318339,4.779146704e-12,6.911986106101476
5,5:45661039:T:C,45661039,C,T,0.271369,-0.0212958,0.00339332,3.48245e-10,219746.0519,-0.02250460688,0.003394608793,3.367936512e-11,6.629514106723166
9,9:72087805:G:C,72087805,C,G,0.0820722,-0.0206391,0.00433494,1.92617e-06,353486.0727,-0.02152343362,0.004336066785,6.912176539e-07,4.963815062640923
9,9:73516296:C:T,73516296,T,C,0.181624,0.0179563,0.00307909,5.49096e-09,355106.3618,0.01951691155,0.003081531278,2.396445667e-10,6.333510774119748
9,9:73610195:G:A,73610195,A,G,0.227129,-0.0251483,0.00281333,3.94535e-19,360125.278,-0.02606757747,0.002815245811,2.0552236660000002e-20,9.259432113581786
9,9:74638056:A:G,74638056,G,A,0.0274647,0.0505663,0.00720838,2.30471e-12,360542.1641,0.05246714859,0.007211285927,3.446302613e-13,7.275699385813578
9,9:77023921:A:T,77023921,T,A,0.877551,-0.0209008,0.00359841,6.3147e-09,359651.0065,-0.02101898573,0.003598614343,5.193349253e-09,5.840855320016713
9,9:79364069:T:A,79364069,A,T,0.260032,-0.0136915,0.0026857,3.43598e-07,360566.0868,-0.01378416297,0.002685873086,2.865307584e-07,5.1320976563819665
9,9:80575977:T:A,80575977,A,T,0.0085019,0.0730965,0.0128243,1.20008e-08,360957.9462,0.07318727246,0.01282521612,1.153135798e-08,5.706513775301588
9,9:86726690:G:T,86726690,T,G,0.0146744,-0.0644879,0.00978709,4.43153e-11,361302.8956,-0.06419972808,0.009787769469,5.410496958e-11,6.5591786038008495
9,9:87760538:G:A,87760538,A,G,0.0958503,0.0553173,0.00399984,1.7265099999999999e-43,360762.7299,0.05522539516,0.004000926471,2.439493319e-43,13.803151735052218
9,9:90805403:A:T,90805403,T,A,0.38042,0.014742,0.00242535,1.21567e-09,360924.9336,0.01482921489,0.002425486337,9.721670475e-10,6.113914007176697
9,9:97438091:T:C,97438091,C,T,0.488077,-0.012162,0.00236367,2.67077e-07,358485.98,-0.01214997952,0.002363766938,2.746039859e-07,5.140091996667059
9,9:100383842:A:G,100383842,G,A,0.338863,0.01458,0.00248924,4.71152e-09,360479.3788,0.01452924818,0.002489367868,5.330200273e-09,5.836521137260859
9,9:101733761:G:C,101733761,C,G,0.875561,-0.0176979,0.00356986,7.14005e-07,360409.3151,-0.01763763541,0.003569996868,7.791511746e-07,4.940518454818992
9,9:107152732:G:C,107152732,C,G,0.619705,0.0224247,0.00242617,2.41267e-20,360678.2756,0.02244964236,0.002426507957,2.206787314e-20,9.251831338626845
9,9:107608215:C:G,107608215,G,C,0.291136,-0.018634,0.0025934,6.72562e-13,360504.6559,-0.01877863361,0.002593633763,4.477606961e-13,7.240279594555849
9,9:113297978:C:G,113297978,G,C,0.257821,-0.0144266,0.00269505,8.65636e-08,360060.7226,-0.01429102084,0.002695169012,1.14253677e-07,5.302458130221335
9,9:119670187:A:G,119670187,G,A,0.0410527,-0.0355238,0.00593684,2.18437e-09,360645.6041,-0.03510105509,0.005937242457,3.379516851e-09,5.912013084224968
9,9:121571937:G:C,121571937,C,G,0.0787661,0.0456643,0.00437315,1.60822e-25,360530.1482,0.04546162482,0.004373893961,2.644405753e-25,10.393856189784294
9,9:131936720:C:A,131936720,A,C,0.0760842,-0.0249823,0.0044407,1.84839e-08,360996.5864,-0.02498741383,0.004440904624,1.837435324e-08,5.6266495107686865
9,9:135677426:C:G,135677426,G,C,0.0604304,0.0244709,0.00494718,7.56216e-07,360115.2869,0.02437944045,0.004947354668,8.317219232e-07,4.927772938473309
9,9:137826775:T:G,137826775,G,T,0.479056,0.0140077,0.00235916,2.8951e-09,360276.8034,0.0140175668,0.002359277936,2.824864097e-09,5.941464795693321
3,3:7526230:G:A,7526230,A,G,0.62777,0.0150631,0.00243605,6.28052e-10,360810.1196,0.01505336162,0.002436193323,6.448825883e-10,6.1790505202858235
3,3:8200649:T:A,8200649,A,T,0.208469,0.016876,0.00289688,5.69603e-09,361324.8586,0.01682369618,0.002897027125,6.351572893e-09,5.807227704158966
3,3:12159046:G:T,12159046,T,G,0.125022,-0.0198224,0.00356173,2.61758e-08,360550.5683,-0.01955238932,0.003561923595,4.035796853e-08,5.48927813820779
3,3:16968863:A:C,16968863,C,A,0.538601,0.0238899,0.00235982,4.3747400000000005e-24,361480.0872,0.02392626779,0.002360183502,3.7676548970000004e-24,10.137460824433813
3,3:20314522:T:C,20314522,C,T,0.347156,0.0152072,0.00247425,7.94442e-10,360613.7758,0.01538462134,0.002474464291,5.056070771e-10,6.217354356640421
3,3:21460287:C:G,21460287,G,C,0.522556,-0.0153018,0.00235713,8.49634e-11,360940.8204,-0.01536745883,0.00235732971,7.077236027e-11,6.519011220539023
3,3:31920247:A:T,31920247,T,A,0.481628,0.0164851,0.00235866,2.77016e-12,360218.6718,0.01656822904,0.002358844776,2.157990764e-12,7.023874232239858
3,3:32169186:T:C,32169186,C,T,0.301589,-0.0139163,0.00256759,5.96345e-08,360326.1089,-0.01394202605,0.002567730216,5.644623851e-08,5.429708293778166
3,3:41330882:C:G,41330882,G,C,0.15304,-0.027295,0.00327486,7.79621e-17,359891.7594,-0.02721062161,0.003275206228,9.727639819e-17,8.308063589209809
3,3:44863265:C:T,44863265,T,C,0.364663,-0.0126519,0.00244872,2.38357e-07,360166.0421,-0.01252111808,0.002448842389,3.169541276e-07,5.113076340169478
3,3:49208739:G:T,49208739,T,G,0.471104,-0.0155104,0.00263109,3.74942e-09,290067.3441,-0.01772951702,0.002660862663,2.681639071e-11,6.663071065836515
3,3:50708520:G:T,50708520,T,G,0.374364,-0.0151708,0.00300782,4.56614e-07,236125.781,-0.0174729841,0.003043712877,9.429668043e-09,5.740680808638573
3,3:52831194:A:G,52831194,G,A,0.547006,-0.0165307,0.00245905,1.79007e-11,333911.3035,-0.0158179299,0.002460891472,1.295290874e-10,6.427723481501015
3,3:54917532:C:T,54917532,T,C,0.4893,-0.0135294,0.00235501,9.20094e-09,361029.5657,-0.0138846499,0.002356121374,3.792204431e-09,5.893011307998941
3,3:55465921:C:G,55465921,G,C,0.194512,0.0247784,0.00297458,8.10833e-17,360884.9545,0.02527845083,0.002976035238,1.996399652e-17,8.49400252632358
3,3:55892765:T:A,55892765,A,T,0.460047,-0.0153935,0.00236006,6.92464e-11,361621.0579,-0.01528167509,0.002360269712,9.509736627e-11,6.474546113228266
3,3:60788444:C:T,60788444,T,C,0.888636,0.0194477,0.00374672,2.09743e-07,360168.2028,0.02046922468,0.00374993231,4.800158604e-08,5.458558445285642
3,3:61040820:A:T,61040820,T,A,0.031631,-0.0454537,0.00674008,1.54527e-11,359559.0529,-0.04708284845,0.006746019362,2.965431596e-12,6.979352700233178
3,3:64146773:C:T,64146773,T,C,0.698563,0.0128262,0.00256939,5.98005e-07,359928.9619,0.01274063141,0.002569495266,7.106954721e-07,4.958417934676203
3,3:65833600:G:C,65833600,C,G,0.401153,-0.0129638,0.0024037,6.92396e-08,360485.3043,-0.01196530458,0.002405219916,6.534076059e-07,4.974723725013426
3,3:66083438:G:T,66083438,T,G,0.402897,0.027694,0.00240419,1.07095e-30,359722.8558,0.02729830546,0.002406038597,7.785839472000001e-30,11.345747110639556
3,3:67500168:A:G,67500168,G,A,0.511288,-0.018127,0.00235606,1.43217e-14,360700.2922,-0.01819265479,0.002356341185,1.1567276020000001e-14,7.720721814740083
3,3:69172183:T:C,69172183,C,T,0.204139,0.0174266,0.00292114,2.43837e-09,360909.4727,0.01761598378,0.002921404242,1.639887829e-09,6.029971315417841
3,3:73140580:G:T,73140580,T,G,0.0947127,-0.0390787,0.0040239,2.7066399999999998e-22,360334.954,-0.03908770384,0.00402447018,2.666894232e-22,9.7125092476148
3,3:80071989:T:G,80071989,G,T,0.452905,-0.0188044,0.00236558,1.88302e-15,360817.7248,-0.01868132216,0.002366241384,2.904663399e-15,7.894935101008275
3,3:82543887:G:A,82543887,A,G,0.128982,-0.0219261,0.00351926,4.66e-10,359586.3822,-0.0218673866,0.003520747562,5.264623775e-10,6.211006672565296
3,3:82947625:A:G,82947625,G,A,0.271511,0.0167879,0.00265373,2.51645e-10,359200.3739,0.01469852016,0.002667017027,3.563530152e-08,5.5112209675442765
3,3:83641564:T:C,83641564,C,T,0.0130969,-0.0596726,0.0103718,8.75484e-09,359846.9439,-0.05231479456,0.01040911744,5.011745025e-07,5.025862649888596
3,3:84114450:T:G,84114450,G,T,0.460922,-0.0171323,0.00236406,4.27042e-13,360287.9347,-0.0155940508,0.002374320106,5.106533142e-11,6.567796296966539
3,3:87571726:G:A,87571726,A,G,0.316969,0.0145301,0.0025386,1.04327e-08,358611.0219,0.01506738034,0.002539629785,2.976224374e-09,5.9329042480890575
3,3:88838243:C:T,88838243,T,C,0.438654,0.0180735,0.00246755,2.40327e-13,333698.8333,0.01811567387,0.002468581959,2.160106062e-13,7.338493990022715
19,19:1651481:A:C,1651481,C,A,0.765379,-0.0163051,0.00278477,4.77107e-09,359586.9231,-0.0163415314,0.002784902817,4.413491363e-09,5.86790005749777
19,19:3283409:G:A,3283409,A,G,0.0391201,0.0577455,0.00606796,1.8020999999999997e-21,361746.3656,0.0576604737,0.006068738434,2.074275213e-21,9.501229016060112
19,19:9047019:A:G,9047019,G,A,0.113201,-0.0206534,0.00371658,2.74477e-08,361133.5267,-0.02064094609,0.00371676044,2.800414604e-08,5.553477665081907
19,19:15638015:C:A,15638015,A,C,0.191849,0.0270224,0.00298827,1.53372e-19,361640.8309,0.02696546872,0.002988617757,1.834718582e-19,9.022722513389658
19,19:24179525:G:A,24179525,A,G,0.0413802,0.0665425,0.00595883,5.97665e-29,355429.9953,0.06640508641,0.005959886315,7.833514194000001e-29,11.142005551829053
1,1:603215:T:C,603215,C,T,0.844996,0.0167007,0.00326092,3.0335e-07,359153.7084,0.01679906652,0.003261050201,2.585099586e-07,5.151428369562839
1,1:1870090:A:T,1870090,T,A,0.0246192,-0.0407081,0.00760053,8.51558e-08,360594.8101,-0.04061059355,0.007600852621,9.14713587e-08,5.342899747562412
1,1:4713577:C:A,4713577,A,C,0.0988721,-0.0231627,0.00394962,4.50796e-09,359896.4759,-0.02309608526,0.003949824279,4.994048878e-09,5.847370320445589
1,1:6010412:C:T,6010412,T,C,0.526309,-0.0183251,0.00236015,8.22717e-15,360165.4807,-0.01834952043,0.002360355192,7.601541816000001e-15,7.774050487059068
1,1:16735804:G:T,16735804,T,G,0.496573,-0.0142921,0.00235644,1.31997e-09,360340.6045,-0.01433450447,0.00235658127,1.18135432e-09,6.082754137310104
1,1:23430840:G:T,23430840,T,G,0.245695,0.0146881,0.0027372,8.04978e-08,360245.7241,0.01472046677,0.002737407453,7.551829999e-08,5.377521257884879
1,1:24465120:T:G,24465120,G,T,0.0470088,0.0267614,0.00556288,1.50465e-06,360823.338,0.02780780694,0.005566397515,5.863611306e-07,4.995655963316518
1,1:24755934:C:A,24755934,A,C,0.834902,-0.020868,0.00317196,4.74608e-11,360665.8985,-0.02150023816,0.003174003217,1.253951894e-11,6.773855188565803
1,1:29351758:G:A,29351758,A,G,0.192765,-0.0236875,0.00298679,2.18475e-15,360310.2075,-0.02413520802,0.002988285914,6.659426158e-16,8.076606025858341
1,1:29438774:G:C,29438774,C,G,0.210573,0.0145619,0.00288898,4.64489e-07,360541.7646,0.01524640035,0.002890298288,1.327368346e-07,5.275026599607493
1,1:34464004:A:T,34464004,T,A,0.366031,0.0177829,0.00244821,3.7759e-13,359619.2905,0.01777513769,0.002448474565,3.88011999e-13,7.259678309135305
1,1:36088758:G:T,36088758,T,G,0.0534782,-0.0347313,0.00526789,4.31554e-11,356087.0008,-0.03415099228,0.005268455818,9.041654772e-11,6.482163552234994
1,1:36894175:G:A,36894175,A,G,0.915349,0.0243594,0.00423088,8.54283e-09,360636.5802,0.0243538402,0.004231175933,8.622787544e-09,5.755808925376585
1,1:40287092:T:G,40287092,G,T,0.0543828,-0.0358894,0.0051989,5.09083e-12,359859.1521,-0.03584662392,0.005199259055,5.403028485e-12,6.894563925513037
1,1:46530433:T:C,46530433,C,T,0.239608,-0.0217459,0.00275773,3.14309e-15,360971.3783,-0.02184340848,0.002757973593,2.37332216e-15,7.920093410408516
1,1:53369148:A:G,53369148,G,A,0.552119,0.0233908,0.00236877,5.39817e-23,360438.6219,0.02345407356,0.002369104863,4.1638852900000004e-23,9.899972739197404
1,1:59113061:T:G,59113061,G,T,0.0992966,-0.0321915,0.00393859,3.00866e-16,360505.3514,-0.03255807176,0.003939229018,1.39592541e-16,8.265087308005814
1,1:59773823:T:G,59773823,G,T,0.267297,-0.0229178,0.00266279,7.5507e-18,360167.6603,-0.02319901608,0.002663251168,3.017698107e-18,8.710787911686744
1,1:61615023:A:T,61615023,T,A,0.353489,-0.0181573,0.00246114,1.61539e-13,361326.6839,-0.01754734917,0.00246324801,1.050956855e-12,7.123663187289047
1,1:61744895:G:T,61744895,T,G,0.253889,0.0154115,0.00270569,1.22781e-08,360701.0866,0.01441958472,0.002708150907,1.012238616e-07,5.324513003587949
1,1:62134205:G:C,62134205,C,G,0.505838,0.0145466,0.00235652,6.71031e-10,360347.0198,0.01465086376,0.002357168892,5.117799344e-10,6.2154493085852245
1,1:62534188:A:T,62534188,T,A,0.0223577,-0.0466871,0.0079631,4.55149e-09,360891.8725,-0.04765291872,0.007964601813,2.189455211e-09,5.983088651364823
1,1:72120323:C:T,72120323,T,C,0.182278,-0.0168007,0.00315558,1.01501e-07,337019.5892,-0.01694738723,0.003155790527,7.862712862e-08,5.370250998918725
1,1:74999643:C:A,74999643,A,C,0.523094,-0.0133134,0.00235869,1.65889e-08,360410.3622,-0.01337680771,0.002358844572,1.420366338e-08,5.670915273005109
1,1:80014888:G:T,80014888,T,G,0.155126,-0.0207076,0.00325218,1.92609e-10,360840.629,-0.02067046858,0.003252373576,2.077462914e-10,6.35550255743438
1,1:87746099:G:T,87746099,T,G,0.0521824,-0.0313526,0.00529444,3.18707e-09,360793.5983,-0.03128135395,0.005294702613,3.461864416e-09,5.908047389327473
1,1:93465138:A:C,93465138,C,A,0.573991,0.0161255,0.00238062,1.25765e-11,360936.4109,0.01612724942,0.002380768033,1.252963228e-11,6.773969238690631
1,1:97624771:C:G,97624771,G,C,0.486097,0.0204423,0.00235676,4.1916100000000006e-18,360466.1322,0.02049123072,0.002357008228,3.506813602e-18,8.693745943087986
1,1:101694455:T:C,101694455,C,T,0.14254,-0.0173826,0.00336802,2.45659e-07,360792.8343,-0.01722385915,0.003368178715,3.159071243e-07,5.113701085187221
1,1:105138419:G:A,105138419,A,G,0.494924,-0.0261862,0.00235581,1.0647900000000001e-28,360466.8313,-0.02735057716,0.002368353966,7.5252495059999995e-31,11.54834857991831
1,1:105288488:C:G,105288488,G,C,0.0495796,-0.0208421,0.00543051,0.000124083,359974.8351,-0.02704296299,0.005458590947,7.262767253e-07,4.954202147142497
1,1:110705086:A:G,110705086,G,A,0.225139,-0.0181279,0.0028207,1.30524e-10,360372.6384,-0.01814678644,0.002820862395,1.250575119e-10,6.433063332747218
1,1:113282384:T:A,113282384,A,T,0.0917742,0.021717,0.00407473,9.84485e-08,361446.2022,0.02168457725,0.004074910712,1.029234566e-07,5.3214852502515395
6,6:68923303:G:A,68923303,A,G,0.749903,-0.0177523,0.00272035,6.7759e-11,360428.2914,-0.01730534742,0.002721698668,2.040130213e-10,6.358289263784141
6,6:69255157:T:A,69255157,A,T,0.261607,0.0185311,0.00267827,4.55436e-12,361019.0265,0.01803213055,0.002679588955,1.703184109e-11,6.729439049355986
6,6:75675098:G:A,75675098,A,G,0.0131455,-0.0673019,0.0103562,8.11065e-11,359543.3187,-0.07236902796,0.0104367858,4.090061764e-12,6.9340340356510906
6,6:75714123:G:A,75714123,A,G,0.472416,0.0114415,0.00236054,1.25392e-06,360218.5375,0.01314660639,0.002378890485,3.269420098e-08,5.526360491538138
6,6:76955050:T:A,76955050,A,T,0.542392,-0.0279475,0.00236524,3.2737e-32,360170.131,-0.02688290895,0.00236702596,6.825852003000001e-30,11.357251421948916
6,6:78348213:A:T,78348213,T,A,0.0972904,0.0445776,0.00397928,4.0106600000000004e-29,359629.0412,0.0435148853,0.003981216922,8.280615874e-28,10.930046303063515
6,6:85328205:A:C,85328205,C,A,0.812541,-0.0157322,0.00301882,1.87554e-07,360391.5339,-0.01562065053,0.003018968022,2.289276371e-07,5.174168926655826
6,6:94451354:T:A,94451354,A,T,0.225346,-0.0216063,0.00282145,1.89507e-14,359964.9711,-0.02175293274,0.002821733653,1.267412358e-14,7.709066628904823
6,6:96518365:A:G,96518365,G,A,0.581687,-0.0169754,0.00239086,1.2487e-12,359644.5169,-0.01720161255,0.002391115943,6.29347637e-13,7.1939684064078016
6,6:97963174:G:T,97963174,T,G,0.0802686,-0.02928,0.00433977,1.51264e-11,359781.0231,-0.02942871899,0.004340114848,1.196517996e-11,6.78063139355892
6,6:101126165:G:T,101126165,T,G,0.482677,-0.0137614,0.00236185,5.6643e-09,359144.5341,-0.0137227834,0.00236196373,6.250853692e-09,5.809904371393544
6,6:105823350:G:A,105823350,A,G,0.0852008,-0.021743,0.00422175,2.60305e-07,360119.6877,-0.02174527835,0.004221939211,2.597337335e-07,5.150542739541117
6,6:108173600:G:T,108173600,T,G,0.73801,0.0161115,0.00267752,1.77511e-09,360892.0735,0.01613420797,0.002677667085,1.686168386e-09,6.025471971621148
6,6:113254297:T:A,113254297,A,T,0.206501,-0.0150988,0.00291288,2.17933e-07,359821.5481,-0.01565416124,0.002913869874,7.774187043e-08,5.372292489681713
6,6:113491928:C:G,113491928,G,C,0.0439718,-0.0447207,0.00573763,6.49453e-15,361451.7307,-0.04550183563,0.005739865156,2.238981765e-15,7.927335293310156
6,6:118672205:A:G,118672205,G,A,0.0335678,0.0395261,0.00654282,1.53185e-09,360217.7513,0.03931711214,0.00654341679,1.870725739e-09,6.0086516573553
6,6:120191029:G:C,120191029,C,G,0.907271,0.0212246,0.00406086,1.72729e-07,360588.4261,0.02073379164,0.004061540562,3.309551721e-07,5.1049081804048715
6,6:121099486:A:C,121099486,C,A,0.232572,0.020198,0.00278624,4.20076e-13,361025.5986,0.01982918838,0.002787126834,1.122682905e-12,7.1145626162774045
6,6:121794873:C:G,121794873,G,C,0.423821,-0.0158312,0.00238375,3.11369e-11,360511.3012,-0.01563126972,0.002384219835,5.521983932e-11,6.556136095562681
6,6:131190752:A:G,131190752,G,A,0.148442,0.0169977,0.00331367,2.90546e-07,360422.6515,0.0168852856,0.003313823581,3.479896432e-07,5.095408728700214
6,6:133120813:C:G,133120813,G,C,0.0157121,0.0470719,0.00947285,6.72801e-07,360483.9016,0.04715839533,0.009473332393,6.423951847e-07,4.9780154832154
6,6:134285565:G:C,134285565,C,G,0.0180235,-0.0438919,0.00885174,7.10468e-07,360749.8842,-0.04415494336,0.008852147332,6.099214702e-07,4.98804885458497
6,6:145247978:T:C,145247978,C,T,0.43263,0.0147889,0.00237646,4.88013e-10,360863.2866,0.01470461545,0.002376606908,6.123028734e-10,6.187230795510251
6,6:147248393:A:T,147248393,T,A,0.0184925,0.048247,0.00874732,3.4776e-08,360211.3295,0.04840326192,0.008747751649,3.143990654e-08,5.533223148319857
6,6:148587295:C:T,148587295,T,C,0.428845,0.0146663,0.00237634,6.75903e-10,361673.0027,0.0146394353,0.002376490728,7.269616982e-10,6.160106213551362
6,6:156845262:C:A,156845262,A,C,0.368214,-0.020923,0.00243932,9.742230000000001e-18,361357.4893,-0.02086668277,0.002439592549,1.1956925799999999e-17,8.553347475402541
6,6:162134139:G:C,162134139,C,G,0.183762,0.0169708,0.0030392,2.35263e-08,361081.0867,0.01568701434,0.00304707751,2.629750372e-07,5.148216377337903
6,6:162181429:A:G,162181429,G,A,0.62729,-0.0147768,0.00243265,1.24593e-09,361568.2902,-0.01391277337,0.002438965308,1.167705671e-08,5.704375262889143
6,6:164163530:A:G,164163530,G,A,0.0987916,-0.0230606,0.00394325,4.97562e-09,361358.5584,-0.023122914,0.0039434534,4.528820492e-09,5.863620450034988
6,6:168968268:C:A,168968268,A,C,0.540637,-0.0139842,0.00236213,3.21915e-09,361012.1299,-0.01400267116,0.002362263616,3.073012059e-09,5.927649676842841
6,6:169386617:G:C,169386617,C,G,0.0585075,-0.0340969,0.00502449,1.15348e-11,359720.636,-0.03429794206,0.005024852521,8.752112032e-12,6.825661433178609
18,18:708596:A:G,708596,G,A,0.327603,0.0198014,0.00252277,4.20284e-15,357237.0626,0.01998814453,0.002523023455,2.331600457e-15,7.92229834026652
18,18:3994157:C:G,3994157,G,C,0.622041,-0.0126753,0.00242908,1.80817e-07,361060.7261,-0.01276285887,0.002429176237,1.488418896e-07,5.253986382545039
18,18:5402833:T:C,5402833,C,T,0.773708,0.0367249,0.00282775,1.47245e-38,357624.4955,0.03682691285,0.002828482852,9.414208562e-39,13.020023375414828
18,18:6288137:G:T,6288137,T,G,0.47608,-0.0141844,0.00235957,1.84094e-09,360666.8136,-0.01409138752,0.002359700374,2.348154669e-09,5.971685081404322
17,17:29001039:A:C,29001039,C,A,0.500418,0.0128889,0.00238286,6.34176e-08,352615.6939,0.01294143711,0.002382966669,5.609911522e-08,5.430809116365362
17,17:32753809:C:T,32753809,T,C,0.15227,0.0194479,0.00328246,3.12978e-09,359882.9405,0.01947851887,0.003282619284,2.959405284e-09,5.933834290483015
17,17:37291090:C:G,37291090,G,C,0.128305,-0.0182335,0.00352423,2.29547e-07,360334.2293,-0.01820092838,0.003524398549,2.413854083e-07,5.164265087205947
17,17:41936633:T:A,41936633,A,T,0.0949596,-0.0222927,0.00402161,2.97152e-08,360106.2019,-0.02231162164,0.004021873213,2.896678346e-08,5.547569617033575
17,17:48890473:A:C,48890473,C,A,0.320703,-0.0159882,0.00252344,2.36242e-10,360809.0316,-0.01435740085,0.002532463012,1.433463363e-08,5.669342763139239
17,17:49080321:G:C,49080321,C,G,0.313607,0.0189312,0.00253931,8.98824e-14,360593.1122,0.01773584616,0.002548378427,3.410961174e-12,6.959659512138853
17,17:49933597:C:G,49933597,G,C,0.165435,-0.0242149,0.00317091,2.23622e-14,360536.1079,-0.02419264584,0.003171340261,2.3745632660000004e-14,7.628524172417713
17,17:52118875:A:C,52118875,C,A,0.0586087,0.0451041,0.00501659,2.46155e-19,360435.4726,0.04362888472,0.005029012109,4.119603779e-18,8.675438391154607
17,17:52212333:A:C,52212333,C,A,0.260859,-0.0154313,0.00268419,8.98804e-09,360308.8601,-0.01411899296,0.002690687491,1.54298248e-07,5.247355186072777
17,17:55398437:G:T,55398437,T,G,0.566446,0.0595451,0.00237899,3.8258499999999996e-138,359526.871,0.05959732753,0.002381090812,2.925070723e-138,25.02942232595537
17,17:59978784:A:C,59978784,C,A,0.500803,0.0157155,0.00245071,1.43181e-10,333348.262,0.01556613323,0.002450897593,2.13646014e-10,6.351196914329827
17,17:61853592:G:C,61853592,C,G,0.241905,-0.0164143,0.00275589,2.58588e-09,359367.9169,-0.01628945496,0.002756197916,3.418627175e-09,5.91011801635801
17,17:63861937:T:A,63861937,A,T,0.152744,-0.0405144,0.00337192,2.99892e-33,340060.9831,-0.04037217641,0.003372831348,5.1140859319999996e-33,11.969817712332292
17,17:69673808:T:C,69673808,C,T,0.43706,-0.0142799,0.0023768,1.87947e-09,360116.0075,-0.01431557122,0.002376929973,1.71515567e-09,6.0227147550046904
17,17:77447309:C:G,77447309,G,C,0.207434,-0.0146088,0.00290222,4.81443e-07,361466.3858,-0.0147158083,0.002902338852,3.971318689e-07,5.070327432601243
17,17:79419610:C:A,79419610,A,C,0.257593,0.0213165,0.00269578,2.63605e-15,360125.6022,0.02135665168,0.002696027166,2.346115074e-15,7.921526885682725
12,12:396790:C:T,396790,T,C,0.378773,-0.0235772,0.00242559,2.48842e-22,361531.5168,-0.02349284751,0.002425913687,3.522169737e-22,9.684123403026911
12,12:4419929:G:T,4419929,T,G,0.305709,0.0224879,0.00255551,1.37697e-18,361098.5292,0.02252799853,0.002555802998,1.202737046e-18,8.814450310774696
12,12:5373699:A:T,5373699,T,A,0.480998,-0.019401,0.0023605,2.0582e-16,359850.3626,-0.01944551907,0.00236073587,1.7649644249999998e-16,8.237058333001904
12,12:6298301:T:A,6298301,A,T,0.0189975,-0.0428857,0.00865722,7.28313e-07,358402.1203,-0.04306599246,0.008657523061,6.544965923e-07,4.974401125652398
12,12:6492940:C:T,6492940,T,C,0.269686,-0.0322826,0.00265144,4.26496e-34,361421.5453,-0.03233591418,0.002652010126,3.387892664e-34,12.192982923776363
12,12:13152992:T:G,13152992,G,T,0.47051,0.013183,0.00235941,2.3062e-08,360954.7483,0.01323232094,0.002359538303,2.046629275e-08,5.608012772319043
12,12:17245626:C:T,17245626,T,C,0.0652168,0.038831,0.00476589,3.72153e-16,361481.1107,0.03854404563,0.004766600762,6.151709035e-16,8.086275220966368
12,12:18812212:A:T,18812212,T,A,0.294152,-0.0136047,0.00258562,1.42841e-07,360643.4462,-0.01332801291,0.002585865065,2.547437367e-07,5.154179578198525
12,12:22870350:C:G,22870350,G,C,0.171854,-0.0189766,0.00311916,1.17417e-09,361524.2628,-0.01902372291,0.003119354763,1.06995883e-09,6.098608319787319
12,12:25736981:G:T,25736981,T,G,0.49397,0.0126417,0.00235671,8.13891e-08,360578.6351,0.01261098523,0.002356832013,8.755630016e-08,5.350820576281777
12,12:26648313:T:A,26648313,A,T,0.022527,-0.050747,0.0079561,1.79189e-10,359141.8278,-0.05082085652,0.007956619265,1.689037124e-10,6.387242474143949
18,18:24955408:T:C,24955408,C,T,0.487268,0.0136324,0.00235592,7.19407e-09,360932.1056,0.01363118603,0.002356062891,7.226334635e-09,5.785578170290023
18,18:27170853:A:G,27170853,G,A,0.0857918,0.0468687,0.00420657,7.93742e-29,360535.9303,0.04687912525,0.004207349168,7.816439808e-29,11.1421998455822
18,18:28310577:T:G,28310577,G,T,0.505494,0.0130509,0.0024564,1.07873e-07,331835.3196,0.01321631339,0.002456547498,7.447104361e-08,5.380035761881287
18,18:30479566:T:C,30479566,C,T,0.100137,0.0285256,0.00392549,3.68955e-13,360431.5927,0.02857139252,0.003925827934,3.393065794e-13,7.277800504845049
18,18:32784633:A:G,32784633,G,A,0.261825,0.0352054,0.00267859,1.8999699999999998e-39,360789.9018,0.03521563611,0.002679256424,1.846893511e-39,13.14380952660916
18,18:34860657:A:C,34860657,C,A,0.166866,0.0166167,0.00316579,1.53158e-07,359223.6933,0.01663562474,0.003165942804,1.483817446e-07,5.254556310676799
18,18:36417410:A:T,36417410,T,A,0.231206,0.01981,0.00279828,1.45075e-12,359578.1133,0.01983191163,0.002798503319,1.37433429e-12,7.086613582108101
18,18:42022817:T:C,42022817,C,T,0.384434,-0.0161904,0.00242251,2.33948e-11,360382.5883,-0.0161173282,0.002422665468,2.87714624e-11,6.6527254434783565
18,18:51518551:T:G,51518551,G,T,0.0939801,-0.0258265,0.00403738,1.58813e-10,360597.7572,-0.02601086055,0.004037672869,1.178761972e-10,6.442042580938965
18,18:52848657:G:T,52848657,T,G,0.0883487,0.0206258,0.00416333,7.2681e-07,358512.9771,0.02090591196,0.004163565572,5.136144184e-07,5.0211559295696855
18,18:59900751:G:A,59900751,A,G,0.0719582,-0.0273002,0.00456256,2.18562e-09,360028.6028,-0.02753105689,0.004562869344,1.602317571e-09,6.033715807839708
18,18:61956166:C:T,61956166,T,C,0.0519548,-0.0285828,0.00531297,7.46107e-08,359982.0395,-0.02794335203,0.005316532537,1.47273913e-07,5.255935487186505
18,18:62445161:T:A,62445161,A,T,0.102101,-0.0200268,0.00389409,2.70734e-07,360034.2696,-0.01930573726,0.003896696437,7.255913791e-07,4.954385739850744
18,18:66211158:G:T,66211158,T,G,0.0951428,-0.0282423,0.0040177,2.07677e-12,360142.7101,-0.0280726443,0.00401805358,2.815721918e-12,6.98662766463159
18,18:66367482:A:G,66367482,G,A,0.090119,-0.0387457,0.00411044,4.27755e-21,361210.8518,-0.03892061314,0.004111142056,2.877070659e-21,9.467104909011201
18,18:68030681:A:C,68030681,C,A,0.762047,0.0205873,0.00276405,9.48005e-14,361254.9223,0.0212494796,0.002766879933,1.591596488e-14,7.679942792804952
18,18:68201700:A:T,68201700,T,A,0.508688,-0.0114875,0.00235879,1.11586e-06,359939.2114,-0.01240438996,0.0023611302,1.491696135e-07,5.253581509397491
18,18:75385599:G:T,75385599,T,G,0.375726,0.0131307,0.0024329,6.77602e-08,360508.1542,0.01318082674,0.002433015256,6.044279066e-08,5.417486268322849
11,11:59945707:C:A,59945707,A,C,0.480536,0.0164165,0.00236106,3.58105e-12,359625.3885,0.01644045249,0.002361217422,3.338082299e-12,6.9627016711043055
11,11:63789961:A:C,63789961,C,A,0.22439,-0.0219465,0.00282675,8.26088e-15,359840.2251,-0.02197548959,0.002826985297,7.636385055e-15,7.773471483321974
11,11:72127488:A:T,72127488,T,A,0.0774994,-0.0231192,0.00440553,1.54037e-07,360669.7076,-0.02316994921,0.004405724186,1.447969731e-07,5.259055771949315
11,11:77401523:A:G,77401523,G,A,0.292035,-0.0181648,0.0025908,2.36586e-12,360603.9525,-0.01729095561,0.002593539213,2.612018989e-11,6.666934327936841
11,11:78115548:G:A,78115548,A,G,0.445318,0.0166491,0.00237048,2.16742e-12,360543.6251,0.01589501016,0.002372981561,2.108168575e-11,6.698328558988748
11,11:79734878:C:A,79734878,A,C,0.345823,-0.0169619,0.00247572,7.33039e-12,360907.1394,-0.01692376746,0.002475905964,8.178578199e-12,6.835383777119897
11,11:83276016:C:A,83276016,A,C,0.217845,0.014136,0.00285422,7.32407e-07,360544.8475,0.01413097438,0.002854354999,7.395779203e-07,4.950671652597758
11,11:85581261:C:A,85581261,A,C,0.194126,-0.0161105,0.00299498,7.48823e-08,356640.144,-0.01599935816,0.002995176117,9.207455799e-08,5.3417086458425445
11,11:87608733:T:G,87608733,G,T,0.822204,0.0179993,0.00309897,6.32087e-09,356473.0911,0.01799457175,0.003099183376,6.389514397e-09,5.806230082850058
11,11:93510066:C:G,93510066,G,C,0.0155151,0.0508946,0.00953927,9.54594e-08,360060.8475,0.05017613672,0.009539810126,1.443237325e-07,5.259657797931313
11,11:94706456:T:G,94706456,G,T,0.0184356,-0.0716382,0.00875868,2.86847e-16,360470.8626,-0.07186174015,0.008759632941,2.330242114e-16,8.203738744993151
11,11:95301083:C:G,95301083,G,C,0.106357,0.0264775,0.00381952,4.15173e-12,360909.7497,0.02666342603,0.003819839413,2.946596695e-12,6.980247897138497
11,11:97434616:A:G,97434616,G,A,0.0109728,0.0615709,0.0113183,5.33371e-08,359981.6401,0.05655562639,0.01133549271,6.061362576e-07,4.989251710259359
11,11:97648009:T:C,97648009,C,T,0.0822567,-0.0322238,0.00428455,5.45136e-14,361104.7405,-0.03204929383,0.004288131884,7.782126739e-14,7.473952456915619
11,11:98262494:T:A,98262494,A,T,0.704125,-0.013358,0.00258175,2.29224e-07,360400.5848,-0.01332379577,0.002585409387,2.557279097e-07,5.153456871083914
11,11:100429772:A:T,100429772,T,A,0.202082,0.0170369,0.00292955,6.0486e-09,361639.4591,0.01698983154,0.002929717736,6.665746496e-09,5.799135982020077
11,11:103257597:T:A,103257597,A,T,0.0703099,-0.0232013,0.0046079,4.77808e-07,360589.3037,-0.02318301856,0.004608114156,4.881512095e-07,5.030912380895453
11,11:112526287:C:G,112526287,G,C,0.259653,0.0179935,0.00268879,2.20392e-11,360087.2211,0.01808030881,0.002689033918,1.771437437e-11,6.723719135327024
11,11:113082310:G:T,113082310,T,G,0.453489,0.0124917,0.00236752,1.319e-07,360261.3031,0.01254151567,0.002367693618,1.177635487e-07,5.29693351143712
11,11:119623951:T:C,119623951,C,T,0.570919,0.0122172,0.00237892,2.81376e-07,360993.1535,0.01223523986,0.002379077314,2.706004068e-07,5.142850880885665
11,11:120588011:T:C,120588011,C,T,0.887083,-0.0213194,0.00372071,1.00565e-08,360902.1025,-0.02117702329,0.00372095016,1.260798104e-08,5.691294529459647
11,11:123161343:A:T,123161343,T,A,0.83115,0.0248692,0.00315298,3.09045e-15,358678.9826,0.02483477136,0.003153279895,3.384238567e-15,7.875853773519841
11,11:128183964:T:G,128183964,G,T,0.119699,0.0326921,0.00362819,2.05896e-19,360748.6021,0.03277776531,0.003628667199,1.670225729e-19,9.033003996352436
11,11:130572253:T:C,130572253,C,T,0.00999473,0.0686453,0.0118624,7.18116e-09,359426.4163,0.06734280656,0.01186330517,1.374274565e-08,5.67656362160327
11,11:131230494:G:T,131230494,T,G,0.623889,-0.0144851,0.00243507,2.70817e-09,359679.0696,-0.01442968652,0.002435223094,3.115259767e-09,5.925406405496251
14,14:20996321:T:A,20996321,A,T,0.292514,0.0128138,0.00259145,7.63172e-07,360025.3215,0.01289229761,0.002591543358,6.532964959e-07,4.974756671618843
14,14:22119936:G:A,22119936,A,G,0.0602195,0.0245036,0.00494641,7.28042e-07,361359.4523,0.02445975374,0.00494658112,7.623003327e-07,4.944779666324364
14,14:24348041:A:T,24348041,T,A,0.400899,0.0183099,0.00240346,2.58011e-14,360606.879,0.01284090699,0.002456135117,1.712657865e-07,5.228094700948001
14,14:24385483:A:C,24385483,C,A,0.235316,0.0340844,0.00277816,1.3550400000000001e-34,360149.879,0.03110708658,0.002839408316,6.25445399e-28,10.955481958939222
14,14:25464514:G:T,25464514,T,G,0.401536,0.0180694,0.00240523,5.81143e-14,359889.2458,0.01815398837,0.002405433447,4.451398019e-14,7.5470757225236165
14,14:36045723:G:C,36045723,C,G,0.217514,-0.0158637,0.00285677,2.80987e-08,360214.5018,-0.01594082885,0.002856966614,2.410248177e-08,5.57963427779839
14,14:38197280:C:G,38197280,G,C,0.37666,-0.0141956,0.00243302,5.39801e-09,360002.7282,-0.01421252103,0.002433226863,5.18829106e-09,5.841017640450075
14,14:41449167:C:A,41449167,A,C,0.566159,-0.015271,0.00237527,1.28441e-10,361050.5565,-0.01521302224,0.002375446292,1.510810171e-10,6.40427960473543
14,14:43235699:T:C,43235699,C,T,0.535971,0.015315,0.00236567,9.56455e-11,359473.8845,0.01229881865,0.002438385879,4.562902549e-07,5.043836070377768
14,14:43435184:G:C,43435184,C,G,0.0945656,0.0270567,0.00402804,1.85653e-11,360147.6507,0.0221079844,0.004151854702,1.01038939e-07,5.324845397251091
14,14:46358434:A:T,46358434,T,A,0.351354,0.02091,0.00246755,2.3795e-17,360530.2009,0.02101248446,0.00246784959,1.673228339e-17,8.51449154160161
14,14:54543901:A:G,54543901,G,A,0.305132,0.0129415,0.00255444,4.0583e-07,361659.9411,0.01293308862,0.002554559652,4.132586241e-07,5.06274676728512
14,14:59378227:G:T,59378227,T,G,0.253382,-0.0150748,0.0027954,6.94526e-08,338464.6678,-0.01536518696,0.002796692503,3.928044602e-08,5.494056619924368
14,14:60724343:T:G,60724343,G,T,0.0111046,-0.0557425,0.0112307,6.92971e-07,361256.9125,-0.05773429359,0.01123580776,2.770588458e-07,5.138419490900937
14,14:62948599:C:A,62948599,A,C,0.0699062,-0.022875,0.00461435,7.14919e-07,361426.2318,-0.02284324122,0.004614602705,7.413437315e-07,4.950207565051909
14,14:64274759:G:T,64274759,T,G,0.76967,0.0371261,0.00280252,4.7729600000000006e-40,359209.7229,0.03711042292,0.002803218475,5.258487359e-40,13.238505400475429
14,14:67698410:G:T,67698410,T,G,0.367226,0.0171864,0.00244806,2.21607e-12,359274.984,0.02097347189,0.002556793539,2.343891062e-16,8.203036956281984
14,14:67803209:C:T,67803209,T,C,0.274776,-0.0107331,0.00264322,4.89549e-05,359397.6253,-0.01777117302,0.002756344187,1.138071171e-10,6.447370797818291
14,14:68469381:G:C,68469381,C,G,0.443697,-0.0128144,0.00237175,6.56035e-08,360364.3501,-0.01206681766,0.002377375789,3.860964762e-07,5.075687956372975
14,14:72048707:C:A,72048707,A,C,0.256779,-0.0187749,0.00269525,3.26833e-12,360893.2311,-0.01895829502,0.002695463892,2.015501135e-12,7.033407153502319
14,14:78320771:T:A,78320771,A,T,0.386549,0.0119387,0.002416,7.75554e-07,361497.3194,0.01194135942,0.002416117587,7.717654393e-07,4.942375108004212
14,14:82091961:A:C,82091961,C,A,0.271979,0.0170291,0.00264777,1.26515e-10,360431.7834,0.01704597647,0.002647960555,1.215387953e-10,6.437398184732402
14,14:87444645:A:T,87444645,T,A,0.500136,-0.0151598,0.00235839,1.29444e-10,359825.2371,-0.01501157677,0.002358545129,1.955936686e-10,6.364761303662127
14,14:88536373:G:C,88536373,C,G,0.721113,-0.0218116,0.00263703,1.3298e-16,357740.359,-0.02184353299,0.002637307072,1.206016824e-16,8.282514092465908
14,14:91460124:A:C,91460124,C,A,0.361834,0.0213244,0.0024518,3.4083e-18,360419.6448,0.02141324522,0.002452089724,2.487705152e-18,8.732651587099918
14,14:96393045:A:G,96393045,G,A,0.47008,-0.01276,0.00235808,6.26486e-08,361225.46,-0.01285079216,0.0023581978,5.053652808e-08,5.449412326650462
14,14:100793636:G:T,100793636,T,G,0.554516,0.0130373,0.00237344,3.95416e-08,359561.8163,0.01306057658,0.002373544631,3.743114463e-08,5.502562037140813
14,14:102819814:A:T,102819814,T,A,0.0483573,-0.0269517,0.00549288,9.26787e-07,360369.0726,-0.02689733737,0.005493073557,9.751324651e-07,4.89659151491315
14,14:105968834:G:A,105968834,A,G,0.735009,-0.0142323,0.00267278,1.0107e-07,359607.1069,-0.01420700493,0.002672895197,1.065331549e-07,5.315212113795422
7,7:10318571:A:G,10318571,G,A,0.0735731,0.0278468,0.00451256,6.79497e-10,360539.7495,0.02782067266,0.004512793078,7.055193581e-10,6.164845624238037
7,7:11839150:T:C,11839150,C,T,0.348454,0.0140254,0.00247414,1.43925e-08,360078.6554,0.01408859061,0.002474260485,1.240525898e-08,5.694061193399368
7,7:12938422:C:A,12938422,A,C,0.224397,-0.0222518,0.00282414,3.30577e-15,360471.9312,-0.02229328449,0.002824395317,2.947295625e-15,7.893117636832564
7,7:30660803:A:G,30660803,G,A,0.0762299,0.030242,0.00443435,9.12284e-12,361385.0055,0.03022393394,0.004434634306,9.3983075e-12,6.815428703807082
7,7:32665646:A:C,32665646,C,A,0.459445,0.0162334,0.00236315,6.45875e-12,360796.5839,0.01623807392,0.002363325441,6.381681747e-12,6.870858172257961
7,7:36650098:T:A,36650098,A,T,0.0306945,0.0464306,0.00682813,1.04861e-11,360740.3697,0.04659538957,0.006828622301,8.882289244e-12,6.823541779895552
7,7:38602036:G:A,38602036,A,G,0.82723,-0.0158496,0.00312035,3.78784e-07,359619.1652,-0.01668141476,0.003123049345,9.223817166e-08,5.341386868160419
7,7:38649664:A:C,38649664,C,A,0.510898,-0.0149253,0.0023541,2.29818e-10,361362.8028,-0.0153928151,0.002356164476,6.446649942e-11,6.53299685008917
7,7:52106147:T:G,52106147,G,T,0.392636,-0.0150594,0.00241645,4.60944e-10,359363.1092,-0.01506244718,0.002416699446,4.586035335e-10,6.232652225302823
7,7:53097452:C:T,53097452,T,C,0.268979,0.0144384,0.00265254,5.23559e-08,361715.8376,0.01506945727,0.002653278892,1.350414935e-08,5.679560228454114
7,7:53506655:C:G,53506655,G,C,0.367435,0.0221796,0.00244785,1.30049e-19,359269.7899,0.0223790395,0.002448652905,6.284220487e-20,9.139326955773669
20,20:36545014:A:T,36545014,T,A,0.608334,0.0144261,0.00242191,2.57962e-09,358189.0854,0.0144137012,0.002422034137,2.663907368e-09,5.951072687131164
20,20:38360016:C:T,38360016,T,C,0.462106,0.0267384,0.00236533,1.26401e-29,359876.3852,0.02675957001,0.002365748398,1.154340286e-29,11.311249341909097
20,20:39168650:G:C,39168650,C,G,0.0819251,-0.0214463,0.00429867,6.07016e-07,360193.6097,-0.02143580158,0.004298827592,6.15052711e-07,4.986429700016683
20,20:63982673:T:A,63982673,A,T,0.3539,-0.0153807,0.00246837,4.63691e-10,359320.1527,-0.01386475723,0.002472795224,2.059625336e-08,5.6069168588785665
20,20:64096271:G:C,64096271,C,G,0.176822,-0.0332052,0.00308705,5.58619e-27,360805.1242,-0.03218350598,0.003092913097,2.338664283e-25,10.405564259537938
13,13:24718261:T:G,24718261,G,T,0.108022,-0.029286,0.00379799,1.25219e-14,359973.1793,-0.02862200502,0.003799309935,4.9407614660000004e-14,7.5334746334665645
13,13:24800975:A:G,24800975,G,A,0.0582549,0.0278403,0.00503359,3.18812e-08,359962.658,0.02664450319,0.005035138761,1.21176746e-07,5.291711798764467
13,13:25206451:G:A,25206451,A,G,0.307069,-0.0219801,0.00255703,8.290010000000001e-18,359607.7346,-0.0217219677,0.002557468054,2.0042936799999998e-17,8.493544099612828
13,13:26791031:C:T,26791031,T,C,0.518017,-0.0116046,0.0023561,8.42441e-07,361013.5525,-0.01179449733,0.002356231633,5.567059264e-07,5.00566122821423
13,13:27180831:G:T,27180831,T,G,0.326319,-0.0125117,0.00251334,6.42281e-07,360318.7371,-0.01249405627,0.002513494331,6.668012522e-07,4.970791505636381
13,13:32818732:G:T,32818732,T,G,0.0145578,-0.0485291,0.00983802,8.10891e-07,360366.35,-0.04910509218,0.009838476789,6.002785184e-07,4.99112751222856
13,13:36720998:G:T,36720998,T,G,0.257434,-0.0150906,0.00269299,2.10007e-08,360917.2419,-0.01513962896,0.002693117629,1.891973781e-08,5.621599590368282
13,13:39033260:G:T,39033260,T,G,0.545078,-0.0164853,0.00236679,3.28361e-12,360198.8538,-0.01646613017,0.00236696849,3.485022303e-12,6.956632603926215
13,13:40920322:G:T,40920322,T,G,0.118842,0.0154529,0.00363567,2.13481e-05,361494.3393,0.01987763491,0.003649979121,5.152714269e-08,5.445958524977546
13,13:41019559:T:G,41019559,G,T,0.505339,-0.0308687,0.00235771,3.70269e-39,359946.395,-0.03201730152,0.002367489332,1.1327335339999999e-41,13.52373634264807
13,13:43027066:C:T,43027066,T,C,0.350118,-0.0135642,0.00247112,4.04326e-08,360116.4074,-0.01345839514,0.002471256752,5.152323383e-08,5.4459720258156326
13,13:49819109:G:C,49819109,C,G,0.67708,-0.012978,0.00251919,2.58321e-07,360601.1621,-0.01301088868,0.002519294441,2.410862932e-07,5.164497038637335
13,13:53975982:G:T,53975982,T,G,0.157866,0.0200745,0.00322717,4.96272e-10,361373.1358,0.02028570055,0.003227484139,3.272247737e-10,6.285298293142131
13,13:58537868:T:G,58537868,G,T,0.287366,0.0136028,0.00260213,1.71836e-07,360846.9762,0.01371828824,0.002602342187,1.353015582e-07,5.271515909218129
13,13:61308871:T:C,61308871,C,T,0.791606,-0.0147465,0.0029,3.67828e-07,360657.0626,-0.01444445321,0.002900804957,6.376068426e-07,4.979463777853714
13,13:61968992:G:C,61968992,C,G,0.424059,-0.0120495,0.00238683,4.45924e-07,359615.0265,-0.0118922339,0.002387504531,6.324643018e-07,4.981030923957648
13,13:64916968:C:G,64916968,G,C,0.0303879,-0.038031,0.00685963,2.95553e-08,360893.2628,-0.03876959367,0.006861602779,1.602387603e-08,5.6502241413121
13,13:66420953:G:C,66420953,C,G,0.41507,-0.0122342,0.00239332,3.19258e-07,359797.0037,-0.0127593747,0.002394045636,9.841367697e-08,5.3296288542429435
13,13:69249865:C:T,69249865,T,C,0.102507,0.0416664,0.00388429,7.683239999999999e-27,360387.1791,0.04193595276,0.003885032748,3.665057298e-27,10.79423404644104
13,13:74449665:G:T,74449665,T,G,0.195692,0.0147522,0.00296409,6.46194e-07,361832.7678,0.0146448436,0.002964204638,7.789680015e-07,4.9405642958176905
13,13:75648280:T:C,75648280,C,T,0.366714,0.0177207,0.00244252,4.02196e-13,361117.8254,0.01779844838,0.00244274951,3.187354491e-13,7.286235574764276
13,13:78090173:C:T,78090173,T,C,0.211965,-0.016656,0.00287946,7.28275e-09,361279.9638,-0.01661457124,0.002879616491,7.940492846e-09,5.769716659120216
13,13:85573122:G:T,85573122,T,G,0.536904,-0.0112406,0.00236521,2.01006e-06,359734.0233,-0.01162495297,0.002365595697,8.915675352e-07,4.91417573372429
13,13:87020625:C:A,87020625,A,C,0.118104,0.0203837,0.0036521,2.38809e-08,360172.8733,0.02138832071,0.003653447689,4.79069101e-09,5.854284098386607
13,13:88089072:C:T,88089072,T,C,0.0374442,-0.0386828,0.00620646,4.59099e-10,360388.2795,-0.04317612564,0.006224535346,4.020994854e-12,6.936441555873848
13,13:88686640:G:C,88686640,C,G,0.253582,0.0183088,0.00272959,1.98263e-11,354785.1607,0.01773707319,0.002764973679,1.40900766e-10,6.414915745749492
13,13:89372998:G:T,89372998,T,G,0.311658,-0.0147798,0.00254704,6.52931e-09,359518.3912,-0.0130609201,0.002574876844,3.927375271e-07,5.0724445832951846
13,13:94851274:C:G,94851274,G,C,0.246174,0.0197881,0.00273735,4.87835e-13,359814.6469,0.01974912877,0.002737601324,5.432113786e-13,7.214026599440671
13,13:96409021:G:C,96409021,C,G,0.120296,-0.0291863,0.00361972,7.45848e-16,360827.7309,-0.029267305,0.003620105992,6.234084103e-16,8.084654168877163
13,13:104733662:T:A,104733662,A,T,0.398231,0.0201509,0.00240594,5.5197e-17,360659.1352,0.02010828094,0.002406207569,6.442301178e-17,8.356835544473347
13,13:105328874:C:A,105328874,A,C,0.198893,0.016664,0.00295338,1.67854e-08,360021.7813,0.01665007662,0.002953543119,1.727139544e-08,5.637323021590869
13,13:106687588:C:G,106687588,G,C,0.0609978,-0.067641,0.00491858,5.06894e-43,360934.252,-0.05784325328,0.005255302019,3.5497033899999997e-28,11.006646824649412
13,13:106697320:C:A,106697320,A,C,0.665279,0.0243366,0.0024951,1.78894e-22,360859.9556,0.01404811099,0.002665570054,1.36268589e-07,5.270208887933432
13,13:108355814:G:T,108355814,T,G,0.341609,-0.0158788,0.00248434,1.64422e-10,360438.6777,-0.01580015097,0.002484490015,2.023920564e-10,6.3595147795351465
13,13:110654870:T:A,110654870,A,T,0.0899193,-0.0204965,0.00411651,6.39114e-07,360823.5295,-0.02044604183,0.004116671785,6.812159344e-07,4.9666436621203705
10,10:42326764:A:T,42326764,T,A,0.0864647,-0.0271247,0.00419016,9.59237e-11,360780.022,-0.0251154241,0.004195592664,2.148734413e-09,5.986144535788997
10,10:43327931:C:G,43327931,G,C,0.139131,0.0239714,0.00340619,1.95908e-12,360047.5486,0.02233047176,0.003411187453,5.900141655e-11,6.546245865310411
10,10:43696564:C:G,43696564,G,C,0.247207,-0.0198356,0.00273254,3.9063e-13,360068.6965,-0.01870657533,0.002735437721,7.996860162e-12,6.838603996131703
10,10:48439779:A:C,48439779,C,A,0.228219,0.0224455,0.00280747,1.30039e-15,360383.7159,0.02230156952,0.002807740264,1.975255485e-15,7.94288909339087
10,10:56292029:C:G,56292029,G,C,0.147679,-0.0306867,0.00333951,3.9860499999999995e-20,356392.0535,-0.03069928991,0.003339933753,3.8708959050000005e-20,9.191586474559635
10,10:60326525:T:G,60326525,G,T,0.492115,-0.0254019,0.00235872,4.8491e-27,359743.9937,-0.0259384986,0.00235995529,4.217661149e-28,10.991097462698116
10,10:60651442:C:G,60651442,G,C,0.0446128,-0.0308363,0.00570548,6.4964e-08,360628.3442,-0.03178207473,0.005708105145,2.578494554e-08,5.567885300402959
10,10:61694761:T:C,61694761,C,T,0.247671,0.0207222,0.00273058,3.23295e-14,360127.3392,0.02168304728,0.002735744328,2.266255818e-15,7.925831028169091
10,10:61930267:C:A,61930267,A,C,0.387701,0.0144676,0.00241641,2.13659e-09,360971.9546,0.01576362227,0.002420752713,7.422190283e-11,6.511868058784242
10,10:63099772:A:T,63099772,T,A,0.506542,0.0151465,0.00235497,1.26314e-10,360937.5971,0.01505060294,0.002355197081,1.654746522e-10,6.390379413008452
10,10:64742757:G:T,64742757,T,G,0.032179,-0.0337772,0.006669,4.09014e-07,361242.1744,-0.03406971411,0.00666949671,3.250898248e-07,5.10828861477915
10,10:65925235:A:T,65925235,T,A,0.259805,-0.0142024,0.0026816,1.18286e-07,361828.6834,-0.01381705938,0.002681910982,2.577978748e-07,5.151945561480235
10,10:66640681:A:T,66640681,T,A,0.177086,0.0232278,0.00308808,5.4165e-14,360026.3631,0.0228004929,0.003088826553,1.56394366e-13,7.381603501774869
10,10:67766700:T:A,67766700,A,T,0.482325,0.0257143,0.00235649,1.0192599999999999e-27,360783.6332,0.02543650519,0.002357110713,3.780207657e-27,10.791391787289372
10,10:71262439:C:G,71262439,G,C,0.21645,-0.0258758,0.00286145,1.53319e-19,360265.8652,-0.02572880394,0.002861840005,2.46553574e-19,8.990301307916758
10,10:74596543:C:T,74596543,T,C,0.596454,-0.0147761,0.00269184,4.03999e-08,286882.8053,-0.01484451984,0.002692002218,3.501619711e-08,5.514304461096844
10,10:80033303:A:G,80033303,G,A,0.288482,-0.0146679,0.00259873,1.66016e-08,360954.9873,-0.01541379336,0.002600655001,3.08727623e-09,5.926888939160754
10,10:80442725:G:A,80442725,A,G,0.010755,-0.0680547,0.0114066,2.43004e-09,361450.504,-0.07064369455,0.01141512309,6.069874296e-10,6.188605588658615
10,10:80896585:T:G,80896585,G,T,0.118855,0.0189559,0.00364099,1.92801e-07,360397.5565,0.01895195392,0.003641157274,1.940739976e-07,5.204925932567669
10,10:85558055:A:C,85558055,C,A,0.258251,0.0248361,0.00269317,2.93411e-20,360071.9008,0.02473789542,0.002693545737,4.148368997e-20,9.184137874544657
10,10:87551799:A:T,87551799,T,A,0.859258,0.017141,0.0033896,4.26275e-07,360116.704,0.01696819197,0.003389772241,5.565861437e-07,5.005702673697717
10,10:89840359:C:G,89840359,G,C,0.399408,0.0131482,0.00240613,4.64626e-08,360286.375,0.01318797881,0.002406245872,4.235795809e-08,5.480727868860112
10,10:95536323:T:C,95536323,C,T,0.443628,-0.0167568,0.00237946,1.89506e-12,358028.1147,-0.01682997156,0.002379640599,1.521838454e-12,7.0724846294320605
10,10:101809653:G:A,101809653,A,G,0.0942215,0.0350278,0.00408715,1.03681e-17,350924.9751,0.03555625943,0.004089098111,3.4567282509999998e-18,8.695379388024666
10,10:103535181:A:C,103535181,C,A,0.377598,-0.0136181,0.00243288,2.17586e-08,359698.3468,-0.01326249767,0.00243510235,5.140467004e-08,5.446382025790415
10,10:103931741:T:A,103931741,A,T,0.585899,-0.0235267,0.00239114,7.68872e-23,360630.701,-0.02316388131,0.002392641836,3.620853106e-22,9.681299123618599
10,10:106267549:C:T,106267549,T,C,0.398545,0.0478267,0.00240929,1.2050799999999999e-87,359239.0352,0.04770263649,0.002410640927,3.750297161e-87,19.78836248721832
10,10:109102814:C:G,109102814,G,C,0.461085,-0.0247365,0.0023662,1.41538e-25,359568.9363,-0.02466242317,0.002366572656,1.9852506900000002e-25,10.42115614218438
10,10:113037898:C:T,113037898,T,C,0.244303,-0.0286015,0.00274209,1.8137299999999999e-25,360368.9016,-0.02882448763,0.002742534555,7.755865352000001e-26,10.510163883787419
10,10:117396141:A:T,117396141,T,A,0.146554,-0.0188865,0.00333373,1.46914e-08,359952.354,-0.01886567892,0.003333892468,1.524755059e-08,5.658754474260985
10,10:119264024:A:C,119264024,C,A,0.479093,0.0138478,0.00235844,4.32015e-09,360451.7095,0.01393916831,0.002358566017,3.420697412e-09,5.910018294815447
10,10:123807670:A:T,123807670,T,A,0.108745,-0.0235461,0.00378623,5.01275e-10,360119.3112,-0.0236342639,0.003786455258,4.325875916e-10,6.241791409013924
10,10:131083010:C:T,131083010,T,C,0.26495,0.0180687,0.00266694,1.24543e-11,361206.7224,0.01812131859,0.002667113559,1.087975441e-11,6.7943558416741565
10,10:131700829:C:T,131700829,T,C,0.52145,0.0151069,0.00235797,1.48862e-10,360622.0986,0.01521236739,0.002358125804,1.11084084e-10,6.451041485656039
10,10:133534734:T:G,133534734,G,T,0.011439,-0.0605494,0.0110791,4.62733e-08,360480.5429,-0.06067986453,0.01107963982,4.333306988e-08,5.476700101790854
19,19:32926198:G:A,32926198,A,G,0.598674,0.0141327,0.00240715,4.33183e-09,359570.2731,0.01356965256,0.002407981295,1.747725641e-08,5.635281548148404
19,19:33269261:G:T,33269261,T,G,0.173851,-0.0309159,0.00310645,2.48488e-23,361107.0726,-0.03053438028,0.003107803789,8.781566524e-23,9.825066945370146
19,19:39157314:G:T,39157314,T,G,0.705089,-0.0223735,0.00258409,4.81348e-18,360478.1313,-0.02242758,0.002584359496,4.0209326109999996e-18,8.6781966807299
19,19:50766831:A:G,50766831,G,A,0.652256,0.0142918,0.00247289,7.50417e-09,360904.1636,0.01431374329,0.002473010544,7.123656674e-09,5.787983122323477
19,19:54906057:A:T,54906057,T,A,0.42305,-0.0121697,0.00238722,3.43706e-07,359892.9068,-0.0121130728,0.002387323036,3.89714362e-07,5.0739144294002445
19,19:55782855:A:T,55782855,T,A,0.300322,0.0334169,0.00257129,1.31238e-38,360187.2372,0.03337122168,0.002571901431,1.689087135e-38,12.975311292169033
21,21:16284643:T:C,16284643,C,T,0.78268,0.0199083,0.00285305,3.00097e-12,361473.8055,0.0199083,0.002853238203,3.006059025e-12,6.977440572282986
21,21:28157382:C:G,28157382,G,C,0.321309,0.0147973,0.00252587,4.68068e-09,359732.4622,0.01498856506,0.002526094389,2.965554446e-09,5.933493667247126
21,21:30110145:T:C,30110145,C,T,0.461554,0.0138213,0.00236202,4.87643e-09,360964.9375,0.01377292746,0.002362255914,5.529037842e-09,5.830412944835579
21,21:37530407:C:T,37530407,T,C,0.319303,0.0234233,0.00252774,1.9339e-20,360340.3643,0.02366990288,0.002528183376,7.793434310000001e-21,9.362415363022306
21,21:37794816:A:G,37794816,G,A,0.230997,-0.0326576,0.00279473,1.5333199999999998e-31,360628.0716,-0.03287023032,0.002795418109,6.37758458e-32,11.75860963845534
21,21:40961303:T:G,40961303,G,T,0.354673,-0.0140359,0.00246394,1.22376e-08,360189.1982,-0.01399142394,0.002464050282,1.361021931e-08,5.678221764469659
5,5:53741782:A:G,53741782,G,A,0.0720026,-0.0241942,0.00455879,1.11415e-07,360207.6397,-0.02416079991,0.004558978357,1.160513306e-07,5.299608381097651
5,5:55586520:C:G,55586520,G,C,0.455482,0.0132842,0.00236991,2.07971e-08,359083.8123,0.01327096524,0.002370019526,2.149495335e-08,5.599517258998312
5,5:61019606:C:G,61019606,G,C,0.398867,0.0249997,0.00295967,3.00563e-17,238103.7484,0.02476533816,0.002960185532,5.953447794e-17,8.36614390965816
5,5:62908555:A:G,62908555,G,A,0.443267,0.0270836,0.00237005,3.08808e-30,360741.7621,0.02658402262,0.002372512689,3.853208744e-29,11.205007561500128
5,5:63572752:A:C,63572752,C,A,0.213212,0.0152612,0.00288027,1.16817e-07,359427.4965,0.01422520591,0.002882884091,8.041143347e-07,4.934366232207981
5,5:64441818:C:G,64441818,G,C,0.455701,-0.0129482,0.00236444,4.34828e-08,360720.4549,-0.01334396777,0.002365174864,1.682301712e-08,5.641852521395644
5,5:66970737:A:G,66970737,G,A,0.336376,-0.0138753,0.00249233,2.59052e-08,360732.6892,-0.01413650932,0.00249298453,1.423678525e-08,5.670516262690167
5,5:67044198:C:A,67044198,A,C,0.262255,0.0131797,0.00267531,8.37869e-07,361221.449,0.01328083752,0.002676082895,6.948768879e-07,4.962790033452981
5,5:67908359:C:T,67908359,T,C,0.285328,-0.0195521,0.00260405,6.00276e-14,361712.4898,-0.01946136357,0.002604280947,7.848483275000001e-14,7.472835675589651
5,5:71938335:A:G,71938335,G,A,0.555355,-0.0167063,0.0023676,1.71385e-12,361343.6155,-0.01658653009,0.002367793559,2.468843796e-12,7.005057525794207
5,5:74409661:A:C,74409661,C,A,0.812502,-0.021864,0.00301338,4.00565e-13,361567.0741,-0.02182974932,0.003013673486,4.370314319e-13,7.243568164039654
5,5:76021154:A:T,76021154,T,A,0.306174,-0.0130508,0.00255538,3.27129e-07,360595.0111,-0.01295640075,0.002555553743,3.980257354e-07,5.069899541533531
5,5:76749023:T:G,76749023,G,T,0.40577,0.0122285,0.00240075,3.51506e-07,359932.6989,0.01217720046,0.002400902353,3.93808329e-07,5.0719265799311755
5,5:78113979:C:T,78113979,T,C,0.434507,-0.0266974,0.00237373,2.4222200000000002e-29,361195.4483,-0.02670104902,0.002374173618,2.4107408030000002e-29,11.246460165155453
5,5:79989658:A:G,79989658,G,A,0.302565,0.0128252,0.00256207,5.56503e-07,361115.7601,0.01281522873,0.002562178168,5.682902226e-07,5.001693047756857
5,5:84514396:A:G,84514396,G,A,0.598539,0.0134001,0.00240285,2.45232e-08,360540.7778,0.01329710056,0.002403010698,3.138725395e-08,5.53351700475867
5,5:85740083:A:T,85740083,T,A,0.588494,-0.0151195,0.00239212,2.60977e-10,360951.4473,-0.01509812542,0.002392315149,2.770701047e-10,6.311093848279602
5,5:89130303:C:T,89130303,T,C,0.458867,-0.0118408,0.00236493,5.53648e-07,360183.1052,-0.01186505158,0.002365076956,5.254689535e-07,5.016771885540286
5,5:91600272:A:T,91600272,T,A,0.492092,0.0136562,0.00235546,6.72938e-09,360709.5946,0.01168226161,0.002366071199,7.916726149e-07,4.93740915951194
5,5:91795506:A:T,91795506,T,A,0.802714,-0.0266478,0.0029591,2.15924e-19,360667.4572,-0.02530651627,0.002972590366,1.6907025569999998e-17,8.513287454420821
5,5:96389333:G:T,96389333,T,G,0.704193,-0.0144957,0.00258139,1.96185e-08,360359.1802,-0.0145668414,0.002581519692,1.673661328e-08,5.642738827498357
5,5:106778829:T:C,106778829,C,T,0.241146,0.0205121,0.00274894,8.55287e-14,361697.3474,0.02077293005,0.002749246958,4.1609549720000004e-14,7.5558617931914425
5,5:107559819:T:A,107559819,A,T,0.646089,-0.0161708,0.00246383,5.27025e-11,360347.2313,-0.01688117034,0.002466825939,7.740240595e-12,6.843275836009442
5,5:107703173:T:C,107703173,C,T,0.0107328,0.0539127,0.0114062,2.28391e-06,362114.2192,0.05735210809,0.01141976344,5.108825685e-07,5.022180047015055
5,5:109497433:T:A,109497433,A,T,0.101282,0.0390521,0.00390062,1.36255e-23,361108.289,0.03812620784,0.00390269066,1.52636354e-22,9.769210824411076
5,5:109957333:A:C,109957333,C,A,0.333512,-0.0223267,0.00250011,4.2691000000000005e-19,359967.051,-0.02163476425,0.002501435654,5.198046043e-18,8.648938946482291
5,5:120118598:G:A,120118598,A,G,0.144688,-0.0296083,0.00334404,8.47596e-19,361398.8639,-0.0295021504,0.003344406874,1.130979595e-18,8.821340079568321
5,5:125956275:A:T,125956275,T,A,0.841176,0.0164522,0.00322442,3.35587e-07,360116.7972,0.01643160253,0.003224538305,3.472714707e-07,5.0958000729968065
5,5:127557031:C:T,127557031,T,C,0.0797303,0.0280971,0.00439789,1.67423e-10,352454.8399,0.02839255359,0.004398274578,1.079444737e-10,6.4553845119216655
5,5:129901972:C:A,129901972,A,C,0.691555,-0.0295728,0.0025568,6.18342e-31,358608.8759,-0.02926145218,0.00255773161,2.626959865e-30,11.44039197294825
5,5:131433426:A:C,131433426,C,A,0.539783,0.0156311,0.00257363,1.25234e-09,303986.5961,0.01514571562,0.002574210027,4.013492285e-09,5.883636323820442
5,5:134321598:G:A,134321598,A,G,0.419104,-0.0243748,0.00238657,1.74245e-24,360650.7569,-0.02439610658,0.002387283563,1.6269304840000002e-24,10.219190949123123
5,5:134586568:T:A,134586568,A,T,0.931646,0.0244264,0.00467731,1.76787e-07,359038.3491,0.02517379784,0.00467817565,7.402617489e-08,5.381114289712487
5,5:136182025:T:A,136182025,A,T,0.562534,0.0207071,0.00237532,2.85367e-18,360206.909,0.02036591572,0.002375794428,1.014780585e-17,8.572255023404743
5,5:137234188:G:C,137234188,C,G,0.604152,-0.0193784,0.00241093,9.17768e-16,359798.3286,-0.01901777971,0.00241141199,3.105947824e-15,7.886574251461692
5,5:141099346:T:A,141099346,A,T,0.233852,-0.0172604,0.00291071,3.03273e-09,329521.0193,-0.0172786478,0.002910890224,2.923024515e-09,5.935863763442287
5,5:146738048:A:C,146738048,C,A,0.0370807,0.0433836,0.00623918,3.57146e-12,359856.8694,0.03434838828,0.006444648837,9.834627751e-08,5.329753280395843
5,5:146999457:G:A,146999457,A,G,0.02637,0.0539994,0.00734762,1.99755e-13,360843.2075,0.043170635,0.007589793789,1.285469339e-08,5.687985233876557
5,5:148443146:G:C,148443146,C,G,0.790974,0.0166618,0.00289484,8.63582e-09,361018.5262,0.01830711624,0.002902850629,2.852326936e-10,6.306599470571657
5,5:148478431:G:T,148478431,T,G,0.450685,-0.0180974,0.00236988,2.23939e-14,359718.9511,-0.019183173,0.00237649019,6.912150936999999e-16,8.072060671960948
5,5:151638913:A:C,151638913,C,A,0.0292114,-0.0641044,0.00698038,4.19367e-20,361946.7075,-0.06420662025,0.006981216318,3.678991683e-20,9.19705353986139
5,5:156183770:C:A,156183770,A,C,0.266471,0.0145284,0.00266087,4.76342e-08,361435.3376,0.01461082861,0.002661122469,4.008523303e-08,5.490475834992471
5,5:157491719:A:G,157491719,G,A,0.661367,0.0120995,0.00248661,1.14002e-06,361214.6611,0.01217652905,0.002486862597,9.763722941e-07,4.896341705685319
5,5:159304298:A:C,159304298,C,A,0.16339,0.0160407,0.00318479,4.73929e-07,360778.2316,0.01596731102,0.003184958886,5.349069786e-07,5.013349180168977
5,5:161078562:T:G,161078562,G,T,0.18287,-0.015817,0.00304707,2.09384e-07,360537.1729,-0.01605889493,0.003047286813,1.364985536e-07,5.269899394271425
5,5:162973708:A:T,162973708,T,A,0.528156,0.0156791,0.0023604,3.08714e-11,360243.3166,0.01570085849,0.002360636568,2.908865762e-11,6.651112120703198
5,5:167681697:C:G,167681697,G,C,0.0643261,0.0268336,0.0047992,2.25599e-08,360822.7619,0.02669693075,0.004799427324,2.659001076e-08,5.562524223775495
5,5:169697895:T:G,169697895,G,T,0.130785,0.029885,0.00348965,1.09539e-17,361280.0178,0.03244535013,0.003518333098,2.921648632e-20,9.221796011424727
5,5:169761340:G:C,169761340,C,G,0.444194,-0.0111145,0.0023719,2.78802e-06,360135.4244,-0.0138592092,0.002391289401,6.803455012e-09,5.795705527822895
5,5:170459871:A:C,170459871,C,A,0.733718,-0.0147187,0.00266258,3.24173e-08,361133.6222,-0.01461402188,0.002662779751,4.059172278e-08,5.488257853287243
5,5:175055551:G:T,175055551,T,G,0.883898,0.0194547,0.00367657,1.21358e-07,360595.0294,0.01954260072,0.003676731634,1.06534396e-07,5.3152099922884934
16,16:46412655:A:C,46412655,C,A,0.0909681,-0.0241797,0.00411733,4.29182e-09,357047.7723,-0.02702182974,0.004136122622,6.440888244e-11,6.533130714324359
16,16:47424825:T:G,47424825,G,T,0.259959,-0.0177498,0.00269181,4.28704e-11,359059.0172,-0.01941248802,0.002704128441,7.030867206e-13,7.178833566360171
16,16:55893617:C:G,55893617,G,C,0.284327,-0.0194104,0.0026115,1.06672e-13,360652.1689,-0.01944674899,0.002611701059,9.620641317000001e-14,7.4460087700259265
16,16:58863971:T:C,58863971,C,T,0.233421,-0.0181279,0.00278391,7.44226e-11,360918.895,-0.01794929609,0.002784092228,1.140172972e-10,6.447091051611527
16,16:65409382:C:A,65409382,A,C,0.223319,0.0167082,0.00282999,3.55125e-09,360319.4425,0.01667344014,0.002830143768,3.829937541e-09,5.891375670919626
16,16:66923145:C:T,66923145,T,C,0.161494,-0.05348,0.0033854,3.3947500000000003e-56,322291.8427,-0.05444900858,0.003390715794,5.003620685e-58,16.058263767299394
16,16:68687792:G:A,68687792,A,G,0.485638,-0.0148915,0.00269736,3.37769e-08,275398.0186,-0.01683212524,0.002700715503,4.591408634e-10,6.23246884808955
16,16:72289347:G:T,72289347,T,G,0.40906,-0.0141161,0.00247272,1.13917e-08,338645.9338,-0.01413459844,0.002472856493,1.091254172e-08,5.7158991959344565
16,16:77236880:A:C,77236880,C,A,0.0243819,-0.0505584,0.0076335,3.51933e-11,361094.0163,-0.05006188199,0.00763406666,5.464577081e-11,6.5576951603406615
16,16:79858159:C:A,79858159,A,C,0.253094,0.0134555,0.00270734,6.69863e-07,361247.4334,0.01394031162,0.002708148561,2.639202827e-07,5.147543166853615
16,16:80197406:A:C,80197406,C,A,0.314235,-0.0191515,0.00253853,4.55678e-14,360416.6244,-0.01939620315,0.002539422881,2.2056035620000003e-14,7.638035907734266
16,16:81101937:A:T,81101937,T,A,0.152883,0.0221303,0.00327448,1.39718e-11,360433.8364,0.02212416151,0.003274729581,1.418269879e-11,6.7560270131508
16,16:82791719:G:A,82791719,A,G,0.5808,0.0196248,0.00239064,2.23699e-16,359675.0075,0.02021565359,0.002392157181,2.893013882e-17,8.450804884631033
16,16:82894679:C:A,82894679,A,C,0.632763,0.0180248,0.00244088,1.53302e-13,361511.3948,0.01861748005,0.002442380455,2.4846591510000003e-14,7.6226781179347425
16,16:85266907:C:A,85266907,A,C,0.361471,-0.0183273,0.00244984,7.39092e-14,361302.5824,-0.01820425252,0.002450058561,1.08491365e-13,7.430129552727862
16,16:85830991:G:A,85830991,A,G,0.423334,0.0196429,0.00238462,1.76685e-16,360529.059,0.01968080685,0.002384868428,1.5528912839999998e-16,8.252365882718625
17,17:344630:C:A,344630,A,C,0.269085,0.015502,0.00265542,5.29161e-09,361058.2276,0.01475489027,0.002656235912,2.779112114e-08,5.554811680446853
17,17:824293:A:G,824293,G,A,0.293557,-0.0311335,0.00259073,2.9255e-33,359627.4309,-0.03083788307,0.002591907081,1.215694925e-32,11.897757946670772
17,17:4986208:A:G,4986208,G,A,0.0799759,-0.0300373,0.00433981,4.48146e-12,361313.0887,-0.03016813374,0.004340103548,3.626620466e-12,6.951017045181337
17,17:7015120:A:T,7015120,T,A,0.683246,-0.0164013,0.00292234,1.99711e-08,270913.2599,-0.01634432164,0.002922536475,2.238070907e-08,5.592512456153348
17,17:11449839:G:C,11449839,C,G,0.753899,-0.0266965,0.00273639,1.74806e-22,360366.0085,-0.02670609101,0.002736757483,1.699864057e-22,9.758296515453429
17,17:12879410:A:G,12879410,G,A,0.643107,-0.0130869,0.00246084,1.04945e-07,360262.3967,-0.01310104032,0.002460955283,1.01756501e-07,5.323558867769967
17,17:14722812:T:A,14722812,A,T,0.686119,0.0140802,0.00254,2.96844e-08,360389.4851,0.01405100489,0.002540136346,3.173323639e-08,5.531594755583249
17,17:17571284:G:A,17571284,A,G,0.446837,-0.0150114,0.00236989,2.3884e-10,360690.008,-0.01397538745,0.002379398531,4.266996641e-09,5.8734958721381165
17,17:17974276:T:A,17974276,A,T,0.100236,-0.0220391,0.00400824,3.83433e-08,345575.8065,-0.01976702567,0.004024335611,9.021045206e-07,4.911873059485743
17,17:20503084:A:C,20503084,C,A,0.146953,-0.0219854,0.00347717,2.5716e-10,330358.3895,-0.02210755959,0.00347748025,2.052637444e-10,6.3573501502992
17,17:22206139:C:T,22206139,T,C,0.104323,0.0222815,0.00385399,7.41378e-09,360784.7368,0.02220731566,0.003854220631,8.32129775e-09,5.761817442775243
17,17:22438805:G:A,22438805,A,G,0.712715,-0.0187016,0.00260418,6.91442e-13,360585.3584,-0.01864905103,0.002604433192,8.03817177e-13,7.160502748653343
2,2:96815690:C:T,96815690,T,C,0.776364,-0.0162052,0.00309527,1.64645e-07,300693.7906,-0.01820156194,0.003107517357,4.705434964e-09,5.857267988865492
2,2:97250601:C:T,97250601,T,C,0.309914,0.0223214,0.00327672,9.63206e-12,217797.6447,0.02397065072,0.003289896565,3.189588255e-13,7.286141143467835
2,2:105260626:G:T,105260626,T,G,0.728383,-0.0145977,0.00264795,3.53309e-08,360574.5545,-0.01457437834,0.002648078359,3.717830741e-08,5.503756446808377
2,2:107440296:C:T,107440296,T,C,0.13147,0.0175944,0.00348487,4.4479e-07,360705.4033,0.01825597476,0.003485612189,1.627458334e-07,5.237523215466355
2,2:108418049:A:G,108418049,G,A,0.0572047,0.037548,0.00506758,1.27098e-13,361120.0644,0.03825702154,0.005068885807,4.4395739590000004e-14,7.547422253460128
2,2:110526442:G:T,110526442,T,G,0.032143,-0.0653203,0.00668132,1.42892e-22,360106.1876,-0.06536576761,0.006682258074,1.3454164240000001e-22,9.781987897823296
2,2:114429888:C:G,114429888,G,C,0.365557,0.0129204,0.00244697,1.29154e-07,360188.1084,0.01275978259,0.002447310498,1.850129258e-07,5.213798004146836
2,2:115482240:A:G,115482240,G,A,0.61573,0.023575,0.00242103,2.0974299999999999e-22,360600.7854,0.02362966455,0.002422956387,1.8013976550000001e-22,9.752410186490078
2,2:116476472:A:C,116476472,C,A,0.0221774,-0.0493161,0.00800249,7.16357e-10,360164.7602,-0.05644455885,0.008036912918,2.168990982e-12,7.023164170857576
2,2:116683265:G:T,116683265,T,G,0.116146,-0.021913,0.00367903,2.58439e-09,359976.1639,-0.01931845093,0.003707677356,1.884424643e-07,5.210391594278734
2,2:116711855:T:C,116711855,C,T,0.0948875,0.0229998,0.00402204,1.07589e-08,360017.9935,0.02369067993,0.004062685791,5.500205002e-09,5.831285299611791
2,2:118826613:C:A,118826613,A,C,0.0609701,-0.0294648,0.00493216,2.31708e-09,359132.0757,-0.02913711957,0.004933868881,3.515109737e-09,5.905531799234695
2,2:119077936:A:T,119077936,T,A,0.172272,0.0160668,0.0031222,2.66237e-07,359842.3307,0.01562518274,0.003123163056,5.644513095e-07,5.002999350284322
2,2:127656248:T:C,127656248,C,T,0.590922,-0.0122317,0.00239703,3.34703e-07,360125.0796,-0.01222369107,0.00239712276,3.408795789e-07,5.099317929800142
2,2:133672330:T:C,133672330,C,T,0.664486,-0.0149233,0.0024945,2.19947e-09,360546.581,-0.01494100486,0.002494651005,2.108543777e-09,5.989216459558438
2,2:136959535:T:G,136959535,G,T,0.674911,0.0183827,0.00251561,2.72826e-13,360220.321,0.01823558531,0.002515832979,4.219444818e-13,7.248329067237337
2,2:139081704:G:A,139081704,A,G,0.587224,0.0193733,0.00239173,5.50749e-16,360700.2632,0.01736141409,0.00240759517,5.55009027e-13,7.211101893845384
2,2:139498985:A:T,139498985,T,A,0.109656,-0.0325438,0.0037723,6.3204400000000004e-18,359977.64,-0.03040001118,0.003801504845,1.276569848e-15,7.996836100310166
2,2:139929310:C:T,139929310,T,C,0.275989,0.0152976,0.00263337,6.28586e-09,360966.321,0.01652554818,0.002636476661,3.656146369e-10,6.2680426587701925
2,2:141553078:A:G,141553078,G,A,0.289436,-0.0173516,0.00260025,2.50936e-11,359689.923,-0.01686284866,0.002602416538,9.191214013e-11,6.479688556298283
2,2:141982728:A:T,141982728,T,A,0.583705,-0.0153546,0.00239003,1.32519e-10,360343.7018,-0.01479669903,0.002392051748,6.179725905e-10,6.185777143981753
2,2:148166450:T:C,148166450,C,T,0.262516,0.0194623,0.00267752,3.63507e-13,360354.9482,0.01955085273,0.0026777286,2.850377507e-13,7.301282411518478
2,2:155542238:A:T,155542238,T,A,0.0199464,0.0525859,0.00841992,4.23128e-10,360903.2311,0.05401577118,0.008422139355,1.421739639e-10,6.413545169842419
2,2:156209483:G:A,156209483,A,G,0.168624,-0.0253168,0.00314265,7.9146e-16,361227.7176,-0.02575494823,0.003143592518,2.5513478649999997e-16,8.192839269889115
2,2:167061063:C:T,167061063,T,C,0.359691,-0.0255314,0.00245704,2.74346e-25,359661.5394,-0.02552322107,0.002457405776,2.864046322e-25,10.386246064557145
2,2:170550145:A:C,170550145,C,A,0.430105,0.0144299,0.00238686,1.49049e-09,358179.2745,0.01449215014,0.002386993927,1.268809237e-09,6.07129744909485
2,2:172795664:A:C,172795664,C,A,0.321559,-0.0128465,0.00251944,3.41736e-07,361206.8121,-0.0128706614,0.002519534336,3.249854937e-07,5.10834927553851
2,2:178877742:G:A,178877742,A,G,0.138761,0.0188884,0.00340811,2.98887e-08,360340.15,0.01896859985,0.003408335355,2.616176464e-08,5.56535606807975
2,2:180703964:C:G,180703964,G,C,0.566275,0.0119243,0.00237515,5.15845e-07,361005.4327,0.01189605734,0.002375285745,5.492325591e-07,5.00826368576552
2,2:182736179:C:G,182736179,G,C,0.144631,0.0167782,0.00335685,5.78996e-07,358805.4172,0.01647381809,0.003357118949,9.241892199e-07,4.9071296967023255
2,2:183613020:T:A,183613020,A,T,0.678491,0.0219432,0.00252344,3.4594700000000004e-18,360042.3582,0.02171305636,0.002523838482,7.753197542999999e-18,8.603187769287686
2,2:191603754:C:T,191603754,T,C,0.329826,0.0170142,0.00250492,1.10511e-11,360622.0251,0.01697841023,0.002505081864,1.221995837e-11,6.7775869818839585
2,2:197179570:C:A,197179570,A,C,0.515788,-0.0168147,0.00242769,4.32954e-12,339792.2829,-0.01672854491,0.002427872323,5.571093345e-12,6.890207838165631
2,2:200279034:C:A,200279034,A,C,0.303406,0.0175563,0.00256523,7.71712e-12,359629.1745,0.01760614809,0.00256539903,6.74633707e-12,6.86292770992433
2,2:202259755:A:G,202259755,G,A,0.612,0.0228617,0.00241522,2.93367e-21,361046.9522,0.02279085723,0.002415535747,3.905660883e-21,9.435114863568193
2,2:210097858:C:G,210097858,G,C,0.218158,-0.016647,0.00285073,5.23885e-09,360848.2771,-0.01608600707,0.002851397839,1.686278824e-08,5.641446047964127
2,2:210551857:C:G,210551857,G,C,0.0141458,-0.0920302,0.00997248,2.76095e-20,360594.3171,-0.09084499635,0.00997549019,8.483175748e-20,9.106820278472952
2,2:213579412:G:T,213579412,T,G,0.203732,0.015002,0.00292397,2.8883e-07,360638.3877,0.01499263457,0.002924121451,2.940408447e-07,5.127227039380588
2,2:216739541:A:G,216739541,G,A,0.237841,-0.0167245,0.00276672,1.49646e-09,360463.4563,-0.01670150539,0.00276688795,1.577799012e-09,6.036205907796157
2,2:217328807:T:C,217328807,C,T,0.32874,0.0158876,0.00250669,2.3292e-10,360724.01,0.01584578332,0.002506859701,2.59927594e-10,6.320969344107702
2,2:218022749:G:T,218022749,T,G,0.79919,0.0203483,0.00293877,4.39532e-12,360864.134,0.02022751833,0.002939003276,5.883530021e-12,6.882441573025316
2,2:221741150:C:G,221741150,G,C,0.137058,-0.0245373,0.00342752,8.14808e-13,359964.9125,-0.02455121761,0.003427766689,7.924607453e-13,7.162452943132618
2,2:224545142:T:C,224545142,C,T,0.329685,-0.0159617,0.00268728,2.85789e-09,313411.782,-0.01595855768,0.002687456146,2.882301137e-09,5.938164871546894
2,2:231857447:G:A,231857447,A,G,0.63163,-0.013612,0.00244045,2.43966e-08,360947.2398,-0.01339227131,0.002440646243,4.083951905e-08,5.487182482266849
2,2:232784170:C:G,232784170,G,C,0.484642,-0.0211935,0.00235564,2.33179e-19,360846.6414,-0.02106145569,0.002356008582,3.91059844e-19,8.939464758706894
2,2:233853739:G:A,233853739,A,G,0.351096,0.0138454,0.00246943,2.06333e-08,360023.0437,0.01388443577,0.002469565576,1.885212686e-08,5.622217893273712
2,2:240855598:T:G,240855598,G,T,0.221288,-0.0155774,0.002837,4.00397e-08,360643.6431,-0.01555514953,0.002837160523,4.190086533e-08,5.482646964773096
4,4:64311975:A:C,64311975,C,A,0.919319,-0.0276131,0.00433054,1.81581e-10,359543.8745,-0.02787862617,0.004330830944,1.216603025e-10,6.4372464615880425
4,4:68658394:T:A,68658394,A,T,0.401164,0.0257084,0.00435702,3.62795e-09,109642.3988,0.02548600047,0.004357749837,4.962305596e-09,5.848431282954346
4,4:69284484:C:T,69284484,T,C,0.339932,0.0189757,0.002486,2.29835e-14,360636.3357,0.01895965048,0.002486237409,2.4244904240000003e-14,7.625840722759392
4,4:70666349:G:C,70666349,C,G,0.645173,0.0333038,0.00246056,9.943419999999999e-42,360696.0033,0.03334500426,0.002461212912,8.119709563e-42,13.548199791014259
4,4:74180680:T:C,74180680,C,T,0.220736,-0.0137598,0.00283917,1.25752e-06,360706.3273,-0.01402722889,0.00283933001,7.799023016e-07,4.940330585242537
4,4:75997320:C:T,75997320,T,C,0.641416,0.0287964,0.00245311,8.1755e-32,361237.0079,0.02880891438,0.002453619543,7.818674388e-32,11.741394244348012
4,4:80249778:A:G,80249778,G,A,0.740761,-0.0187136,0.00268868,3.40519e-12,360252.9459,-0.01867203389,0.002688878451,3.806870237e-12,6.9441717914232335
4,4:80366811:C:T,80366811,T,C,0.696246,-0.0237157,0.00256081,2.03559e-20,360561.947,-0.02380652883,0.00256112815,1.4675160360000003e-20,9.295329025218829
4,4:90043860:C:T,90043860,T,C,0.161753,0.0161609,0.00319886,4.37252e-07,360476.5755,0.01598366564,0.00319901092,5.839837881e-07,4.996439849602013
4,4:94163482:G:A,94163482,A,G,0.241873,-0.0174083,0.00275346,2.57947e-10,359738.9533,-0.01737016923,0.002753650989,2.825722029e-10,6.308050402679409
4,4:100409752:A:C,100409752,C,A,0.354983,0.013974,0.00245818,1.31169e-08,361474.5376,0.01234861961,0.002479936552,6.377857014e-07,4.979409493376426
4,4:100492678:C:T,100492678,T,C,0.507262,-0.0133298,0.00235773,1.57193e-08,359954.4355,-0.01181084273,0.002378596624,6.853599381e-07,4.965466868500862
4,4:102992961:A:T,102992961,T,A,0.578741,0.0140426,0.00238628,3.99057e-09,360250.528,0.01406082775,0.002386397284,3.813798905e-09,5.892073312466945
4,4:105663279:T:G,105663279,G,T,0.445505,-0.017819,0.00236624,5.06519e-14,361565.2654,-0.01782386474,0.002366425315,4.997716429e-14,7.531978561512303
4,4:109621551:C:T,109621551,T,C,0.101881,-0.022753,0.00389614,5.22794e-09,360068.6364,-0.02303545058,0.003896363216,3.378988807e-09,5.912038817481743
4,4:110613301:A:C,110613301,C,A,0.257633,0.0441536,0.00269477,2.57664e-60,359861.3354,0.04427186871,0.002695803546,1.3198535989999998e-60,16.42251297417056
4,4:116230960:A:G,116230960,G,A,0.0310497,-0.0383277,0.00678251,1.59677e-08,361363.6311,-0.03866194278,0.00678286555,1.198479316e-08,5.699942376124498
4,4:123778211:G:A,123778211,A,G,0.324252,-0.0123535,0.00251488,9.01242e-07,360903.9316,-0.01243451958,0.00251499484,7.647557875e-07,4.944153118023892
4,4:125894867:G:A,125894867,A,G,0.513997,-0.015307,0.00235752,8.43324e-11,360214.7462,-0.01538793401,0.002357716413,6.726758611e-11,6.526626325860845
4,4:131085282:A:G,131085282,G,A,0.0361331,0.0344053,0.00630805,4.92305e-08,360889.5228,0.03428571965,0.006308371229,5.480997571e-08,5.434955934803944
4,4:134546110:A:G,134546110,G,A,0.279192,-0.0132016,0.00262588,4.97141e-07,360429.0966,-0.01312620786,0.002626055157,5.779270708e-07,4.9984509369541765
4,4:134811782:A:C,134811782,C,A,0.297057,-0.015117,0.00257769,4.50746e-09,360462.347,-0.01527451371,0.002577848224,3.117354043e-09,5.925295976618365
4,4:141737156:T:C,141737156,C,T,0.204706,-0.0158108,0.00291337,5.7351e-08,361940.9379,-0.01573431064,0.002913533564,6.648432915e-08,5.400421959923575
4,4:142737458:G:T,142737458,T,G,0.375571,0.0147893,0.00243039,1.16507e-09,361036.4248,0.01484286211,0.002430547617,1.016500718e-09,6.1067974995365
4,4:152069594:G:C,152069594,C,G,0.212943,-0.0200697,0.00287576,2.97963e-12,360818.8054,-0.02009907039,0.002875951148,2.775064242e-12,6.988668915317751
4,4:155185343:G:C,155185343,C,G,0.293261,0.0284145,0.00258769,4.783630000000001e-28,360279.4011,0.02842954817,0.002588130673,4.533040027e-28,10.98458762789061
4,4:162115870:T:C,162115870,C,T,0.169336,0.0492809,0.00314418,2.38838e-55,359448.2842,0.04903562415,0.003150262475,1.247580783e-54,15.565567802409861
4,4:162295395:C:A,162295395,A,C,0.543438,-0.0180164,0.00235994,2.27722e-14,361910.3392,-0.01382423481,0.002424262811,1.180983171e-08,5.702448904167098
4,4:162305920:T:A,162305920,A,T,0.0418449,0.0361047,0.00587889,8.18763e-10,360917.7273,0.03090867686,0.006036015032,3.043889547e-07,5.12070905989089
4,4:164078810:G:C,164078810,C,G,0.137623,0.0167375,0.00341719,9.68394e-07,360883.7324,0.01687242149,0.003417352938,7.922050333e-07,4.937278003212205
4,4:171877469:C:G,171877469,G,C,0.270213,0.0129787,0.00265137,9.83092e-07,360786.8787,0.01314091426,0.002651515731,7.195889556e-07,4.9560008663588055
4,4:174062703:C:A,174062703,A,C,0.77407,-0.0143129,0.0028157,3.71235e-07,360715.3356,-0.01440089547,0.002815839994,3.14998384e-07,5.114244950240592
4,4:176184178:T:C,176184178,C,T,0.379442,0.0124215,0.00242805,3.12533e-07,360286.5415,0.01240912357,0.002428146425,3.212503918e-07,5.110533467931202
4,4:179678940:C:T,179678940,T,C,0.0978607,0.025878,0.00396813,6.97256e-11,359763.8963,0.02586051155,0.003968373341,7.189353469e-11,6.516652877091284
4,4:181112878:G:T,181112878,T,G,0.116733,-0.0233222,0.00367201,2.1369e-10,359733.2312,-0.02320742891,0.003672274024,2.621829959e-10,6.319634307878109
4,4:182036935:G:T,182036935,T,G,0.660117,0.0138119,0.00248644,2.78005e-08,360561.3101,0.01370641704,0.002486566167,3.544026166e-08,5.512186734422016
4,4:185917768:T:C,185917768,C,T,0.362163,0.0130698,0.00245215,9.83005e-08,360064.6629,0.01307447344,0.002452252907,9.734203821e-08,5.331617062285329
8,8:50077853:G:C,50077853,C,G,0.125921,0.0166533,0.00354969,2.71348e-06,360762.3344,0.01741705819,0.00355262538,9.458227111e-07,4.902587896841519
8,8:50861921:T:C,50861921,C,T,0.0296748,0.0370333,0.00695661,1.01869e-07,359039.8813,0.03836539586,0.006962424707,3.581212105e-08,5.5103498385307565
8,8:56974553:A:G,56974553,G,A,0.192171,0.0231213,0.00298576,9.67025e-15,361483.322,0.02309579806,0.002986045171,1.037469927e-14,7.734577589214909
8,8:64052216:T:A,64052216,A,T,0.19258,-0.0218634,0.00299251,2.75726e-13,359278.2848,-0.02203177858,0.002992794236,1.817076456e-13,7.3616081971096134
8,8:64754156:G:A,64754156,A,G,0.0470282,0.031605,0.00556894,1.38618e-08,359960.6687,0.03158622744,0.005569299942,1.415610871e-08,5.671489732811378
8,8:67723921:A:C,67723921,C,A,0.227266,-0.0165147,0.00280985,4.17009e-09,360832.0043,-0.01662291633,0.002810028334,3.307303462e-09,5.915568938886009
8,8:69059448:C:A,69059448,A,C,0.434169,0.0137953,0.0023772,6.51254e-09,360379.282,0.01380220835,0.002377333817,6.407810498e-09,5.80575106924498
8,8:70423471:C:T,70423471,T,C,0.310482,0.0130421,0.0025437,2.94236e-07,361186.8776,0.01270261984,0.002544092177,5.945247937e-07,4.992987264706329
8,8:71531522:T:C,71531522,C,T,0.410354,0.0141972,0.00239423,3.03698e-09,360705.937,0.01411497288,0.002394630352,3.759846437e-09,5.894426615035238
8,8:76309387:T:C,76309387,C,T,0.0508199,0.0273784,0.00535742,3.21698e-07,361370.0714,0.02737624834,0.005357637541,3.22566288e-07,5.10976118307739
8,8:80256588:A:T,80256588,T,A,0.508818,0.0267203,0.00235646,8.49349e-30,360410.494,0.02671233134,0.002356909314,8.94233108e-30,11.333627128260396
8,8:81654441:A:G,81654441,G,A,0.0530301,0.0285002,0.00525551,5.86725e-08,360706.217,0.02820286975,0.005255791367,8.047705353e-08,5.3660558002891525
8,8:86756903:T:A,86756903,A,T,0.21328,-0.0162498,0.00287659,1.61538e-08,360340.167,-0.01627470962,0.002876726002,1.537082198e-08,5.6573721684599985
8,8:111951933:C:G,111951933,G,C,0.396457,0.0161723,0.00308318,1.56091e-07,219948.8868,0.01621965894,0.003083375424,1.437751066e-07,5.260358117195657
8,8:115694836:G:C,115694836,C,G,0.131194,0.0205579,0.00348492,3.65816e-09,361420.8153,0.02037959336,0.003485144937,4.988365941e-09,5.847559779692456
8,8:116638432:G:C,116638432,C,G,0.526578,0.0205334,0.00236191,3.526730000000001e-18,359706.5246,0.02047544252,0.002362188884,4.397942672e-18,8.66799545907947
8,8:121892132:A:C,121892132,C,A,0.139126,0.0233654,0.0034017,6.48727e-12,360977.987,0.02335763785,0.003401937335,6.603576185e-12,6.865981218904493
8,8:124213711:C:G,124213711,G,C,0.309605,0.0129231,0.00254673,3.88927e-07,360890.1182,0.012864886,0.002546845797,4.388097901e-07,5.051301502098755
8,8:129118463:G:C,129118463,C,G,0.395136,-0.014136,0.00241441,4.77886e-09,359095.1665,-0.01454639312,0.002417522148,1.776054122e-09,6.017067157806242
8,8:129463686:C:A,129463686,A,C,0.47021,0.0157766,0.00235877,2.25769e-11,360958.0712,0.01666802805,0.002361768134,1.696025247e-12,7.057436252969614
8,8:130320353:T:C,130320353,C,T,0.356636,0.0423987,0.00246459,2.67383e-66,358713.6785,0.04233930215,0.00246574744,4.3795608130000004e-66,17.170980881156265
8,8:133817614:A:C,133817614,C,A,0.833899,-0.0190256,0.00316765,1.90074e-09,359976.2028,-0.01900283311,0.003167826697,1.989068764e-09,5.9986971913571185
8,8:138056431:C:A,138056431,A,C,0.0166389,-0.054163,0.00920987,4.08216e-09,360488.2289,-0.05583837488,0.009216113786,1.371606984e-09,6.058776635855221
8,8:138101924:G:T,138101924,T,G,0.218276,-0.0147902,0.00285539,2.22319e-07,359628.9894,-0.01560574986,0.002857315711,4.716443091e-08,5.461682025518391
8,8:140860891:G:A,140860891,A,G,0.279669,-0.0199794,0.00262495,2.71875e-14,360403.5659,-0.02003013684,0.002625165588,2.3466812740000003e-14,7.630047007914688
15,15:23377302:C:A,23377302,A,C,0.104079,0.0243328,0.00385673,2.80864e-10,360675.2878,0.02436966481,0.003856955979,2.643410192e-10,6.318367371234133
15,15:28320778:A:T,28320778,T,A,0.576689,0.0130977,0.00238315,3.88894e-08,360823.8871,0.01702895925,0.002474552257,5.917049886e-12,6.881632506175035
15,15:28364583:C:G,28364583,G,C,0.527344,0.00969089,0.00235731,3.94032e-05,361195.8163,0.01416966822,0.00244768235,7.08006551e-09,5.78901433840057
15,15:30647219:T:G,30647219,G,T,0.472441,0.012556,0.00235848,1.01696e-07,360843.1717,0.01246759727,0.002358595678,1.250023692e-07,5.2860256576795095
15,15:32681617:A:T,32681617,T,A,0.757547,0.013468,0.00274806,9.54265e-07,360675.9029,0.01352190853,0.002748187833,8.641166957e-07,4.92029997645361
15,15:34574355:T:G,34574355,G,T,0.44159,0.0140947,0.002373,2.85988e-09,360267.5917,0.01400485115,0.00237314284,3.604427629e-09,5.90139409813191
15,15:36650029:C:T,36650029,T,C,0.180498,-0.0150574,0.00306052,8.6624e-07,361071.8612,-0.01508603417,0.003060635643,8.262931502e-07,4.929052631437319
15,15:38653938:G:A,38653938,A,G,0.608971,-0.0208341,0.00241471,6.267940000000001e-18,360255.2707,-0.0198071816,0.002418193181,2.592772089e-16,8.190901271092452
15,15:38715337:G:C,38715337,C,G,0.69941,-0.0172159,0.00256853,2.05016e-11,360666.554,-0.01617166662,0.002571742719,3.211406003e-10,6.288213241753908
15,15:38838204:C:G,38838204,G,C,0.028637,-0.0443338,0.00706449,3.4871e-10,360344.1262,-0.04308597569,0.007065976046,1.076270161e-09,6.0976679526660265
15,15:46878806:C:G,46878806,G,C,0.182737,-0.0155127,0.00304537,3.51028e-07,361190.1981,-0.01558058545,0.003045508542,3.122113681e-07,5.115922426462201
15,15:51454695:T:A,51454695,A,T,0.40526,-0.0196401,0.00240659,3.33411e-16,358335.4758,-0.0196225739,0.002406830197,3.5538734079999994e-16,8.152870079683481
15,15:54730916:G:T,54730916,T,G,0.0409556,-0.032867,0.00593381,3.04514e-08,361725.811,-0.03328088725,0.005934166254,2.04263442e-08,5.6083510008784465
15,15:56059977:T:C,56059977,C,T,0.630885,0.0223573,0.00244119,5.2949899999999996e-20,360428.8129,0.02264720029,0.002442395144,1.8176932230000002e-20,9.272537388405485
15,15:56561404:G:T,56561404,T,G,0.0407669,-0.0648447,0.00595628,1.34598e-27,360504.5923,-0.05640818132,0.006140340043,4.0586336620000005e-20,9.186491452424601
15,15:56592986:A:C,56592986,C,A,0.421466,-0.0204118,0.00238372,1.10374e-17,361031.8396,-0.01463133533,0.002457305376,2.613160608e-09,5.954219395318654
15,15:58120355:C:T,58120355,T,C,0.27824,-0.077334,0.00262427,1.22294e-190,360879.6471,-0.07733938313,0.002627461856,1.95803528e-190,29.435016517324467
15,15:63509603:G:C,63509603,C,G,0.0778587,0.0329737,0.00439933,6.63654e-14,359989.7599,0.03287518269,0.004399749994,7.895079962000001e-14,7.472056988427147
15,15:67489524:C:A,67489524,A,C,0.489908,0.0157581,0.00235958,2.41965e-11,359541.7201,0.01558028676,0.002359793725,4.045718926e-11,6.602393503694905
15,15:68365759:T:C,68365759,C,T,0.199846,-0.0259433,0.00294527,1.27424e-18,360597.665,-0.02564264752,0.002945716795,3.174010196e-18,8.705062062831468
15,15:68639070:C:G,68639070,G,C,0.348019,-0.017689,0.00247623,9.11434e-13,359545.7234,-0.01709970003,0.002478547673,5.234019103e-12,6.899080544738023
15,15:68834356:A:C,68834356,C,A,0.397407,-0.0121584,0.00240543,4.3161e-07,361043.7581,-0.01182267546,0.002408356985,9.153209014e-07,4.909021184830703
15,15:69373365:T:G,69373365,G,T,0.3669,-0.0182684,0.0024426,7.50008e-14,360947.123,-0.01829468844,0.002443744774,7.082427821e-14,7.486333529853312
15,15:70379247:C:G,70379247,G,C,0.505419,0.0116859,0.00235624,7.0685e-07,360477.316,0.01167183291,0.002356387095,7.297478873e-07,4.953274839590819
15,15:73941695:C:T,73941695,T,C,0.324367,0.0137753,0.00251372,4.2552e-08,361258.5986,0.0137362186,0.002513895401,4.652166317e-08,5.464117001262616
15,15:74452679:C:A,74452679,A,C,0.50439,0.0137329,0.00235645,5.62143e-09,360389.146,0.01376826524,0.002356621149,5.14617e-09,5.842375320208926
15,15:76125620:C:G,76125620,G,C,0.503439,0.0157137,0.00252225,4.66879e-10,314547.6758,0.01573710856,0.002522461148,4.409649598e-10,6.2387912584808625
15,15:79025053:A:C,79025053,C,A,0.22911,-0.0155457,0.00280176,2.88225e-08,360828.0092,-0.01545202129,0.002801906541,3.491292719e-08,5.514823947156059
15,15:81465296:G:T,81465296,T,G,0.719806,0.0131275,0.00262432,5.66959e-07,360161.7354,0.01305604707,0.002624418063,6.53032099e-07,4.974835089755286
15,15:89189865:G:C,89189865,C,G,0.127835,0.0494112,0.00352243,1.0860999999999999e-44,361464.8594,0.04948454861,0.003523434187,8.336163265e-45,14.044408376514399
15,15:92120748:C:T,92120748,T,C,0.184452,0.0410374,0.00303563,1.24405e-41,360732.3425,0.04100178986,0.003036412989,1.493956312e-41,13.503364005007555
15,15:93525163:T:G,93525163,G,T,0.264731,-0.0194955,0.00267374,3.07194e-13,359486.008,-0.01958616222,0.002673997263,2.394774923e-13,7.324675492758724
15,15:93711104:T:A,93711104,A,T,0.0267197,-0.0396159,0.00729364,5.58977e-08,361611.3249,-0.03987420087,0.007294082249,4.586181628e-08,5.466650842258689
15,15:98436105:T:C,98436105,C,T,0.392637,-0.0175423,0.00241184,3.51255e-13,360608.0067,-0.01759974985,0.002412033851,2.950363132e-13,7.296642973191838
15,15:100146319:C:A,100146319,A,C,0.567113,-0.0124692,0.00238109,1.63505e-07,359423.7036,-0.01242966273,0.00238118685,1.78976947e-07,5.219944302144958
15,15:100937436:T:G,100937436,G,T,0.397012,-0.0218777,0.00240705,1.00434e-19,360623.1586,-0.02182843564,0.002407335145,1.218141541e-19,9.067468518181752
