Chr,SNP,bp,A1,A2,freq,b,se,p,n,bJ,bJ_se,pJ,z
17,17:29003181:G:T,29003181,T,G,0.441601,0.0184471,0.00237994,9.13524e-15,358300.6444,0.01922493098,0.002384060166,7.387076777e-16,8.063945387861489
17,17:29017209:C:T,29017209,T,C,0.0935944,-0.0218313,0.0040404,6.54829e-08,361385.5956,-0.0236738104,0.004047217175,4.933359986e-09,5.849404510890868
17,17:32787242:C:T,32787242,T,C,0.15333,0.0197724,0.00327256,1.52468e-09,359970.1706,0.01978866024,0.003272748607,1.480302227e-09,6.04649565740385
17,17:39565325:G:T,39565325,T,G,0.348112,0.0152021,0.00282039,7.04728e-08,277250.0515,0.01543953827,0.002820686083,4.40780065e-08,5.47368186876682
17,17:41170222:C:G,41170222,G,C,0.245076,-0.0135062,0.00274105,8.33762e-07,360047.5665,-0.01377545406,0.00274128152,5.029404986e-07,5.025187657486561
17,17:42919764:G:A,42919764,A,G,0.0815103,0.0254526,0.00430632,3.41333e-09,360483.6978,0.02552366286,0.004306613119,3.092319408e-09,5.926620793354807
17,17:48921378:C:G,48921378,G,C,0.564365,0.014805,0.00237377,4.46821e-10,361260.2849,0.01254850529,0.002390439579,1.525497561e-07,5.249455121241531
17,17:49080321:G:C,49080321,C,G,0.313607,0.0197928,0.00253915,6.45601e-15,360594.0939,0.01828051181,0.002556956117,8.720526486e-13,7.149325593998843
17,17:49933597:C:G,49933597,G,C,0.165435,-0.0327715,0.00317052,4.86681e-25,360537.0155,-0.03260708003,0.003171211912,8.475770652000001e-25,10.282214161284344
17,17:51202165:A:C,51202165,C,A,0.517989,-0.0129253,0.00235427,4.01865e-08,361660.3289,-0.01294883939,0.002354455385,3.80400296e-08,5.4997174601378145
17,17:52122201:C:G,52122201,G,C,0.0587711,0.0640631,0.00500871,1.8919199999999997e-37,360511.5784,0.06316724419,0.005027276826,3.292798528e-36,12.564902705041531
17,17:52173812:G:T,52173812,T,G,0.320118,-0.0184191,0.00252505,3.00292e-13,360644.5875,-0.01658982855,0.002532646291,5.738585882e-11,6.550393005511088
17,17:52706825:T:C,52706825,C,T,0.818431,-0.0141075,0.00306192,4.07852e-06,359244.3815,-0.01572744177,0.003064418704,2.862597063e-07,5.132275739431722
17,17:55398437:G:T,55398437,T,G,0.566446,0.0955756,0.0023756,0.0,359523.9929,0.09568769434,0.002380986336,0.0,40.18825849322304
17,17:55999052:A:T,55999052,T,A,0.184558,-0.0246295,0.00303366,4.72489e-16,361316.7619,-0.02536414734,0.003033976015,6.269936045e-17,8.360035548929678
17,17:57962967:T:A,57962967,A,T,0.137353,0.0300861,0.0034153,1.2656700000000001e-18,362080.4175,0.02999700389,0.003415957418,1.614037487e-18,8.78143378835292
17,17:59927576:T:G,59927576,G,T,0.57424,0.0235303,0.00247131,1.7184399999999997e-21,335117.3888,0.02324317408,0.002471840116,5.293504691e-21,9.403186690574772
17,17:62045101:A:G,62045101,G,A,0.757124,0.0249826,0.00275127,1.08717e-19,359508.7485,0.02488531812,0.002751691545,1.515344803e-19,9.043643778031086
17,17:63663024:G:A,63663024,A,G,0.148267,-0.0631166,0.0034126,2.4501e-76,339994.3428,-0.06344026741,0.003414468281,4.679158266e-77,18.579837968628063
17,17:67414149:C:A,67414149,A,C,0.185106,0.0179318,0.00303082,3.29203e-09,361196.1394,0.01796495222,0.00303103193,3.085028838e-09,5.9270085683327
17,17:69071315:G:T,69071315,T,G,0.0159092,0.0448706,0.00940658,1.84182e-06,361287.3207,0.04624706959,0.009408284708,8.852511085e-07,4.915568674348838
17,17:69391961:A:T,69391961,T,A,0.285965,-0.0176421,0.00260961,1.37769e-11,359905.3908,-0.01766609301,0.002609929371,1.298538382e-11,6.76880118147841
17,17:69678013:C:T,69678013,T,C,0.464896,-0.0203823,0.00236226,6.2524100000000005e-18,360485.6768,-0.02009272141,0.002364033569,1.906742125e-17,8.499338449960902
17,17:70113888:G:T,70113888,T,G,0.878944,0.0265024,0.00360815,2.05956e-13,361281.3545,0.02528890607,0.003610323343,2.476752187e-12,7.004609744728895
17,17:72890778:C:T,72890778,T,C,0.281138,-0.0197939,0.00261755,3.97927e-14,361412.6346,-0.01974550522,0.002617802811,4.600642953e-14,7.542777911701158
17,17:77447309:C:G,77447309,G,C,0.207434,-0.0216478,0.00290193,8.68499e-14,361468.9452,-0.02172973802,0.002902211008,7.030238204000001e-14,7.487304665340171
17,17:78956387:G:T,78956387,T,G,0.492686,0.0166851,0.0023569,1.45207e-12,360443.6116,0.01672334325,0.002357105032,1.29477313e-12,7.094865533340393
17,17:79419610:C:A,79419610,A,C,0.257593,0.0306426,0.00269538,6.06835e-30,360126.5519,0.03081828004,0.002695896397,2.908628548e-30,11.431552070878784
17,17:80460074:C:G,80460074,G,C,0.200488,0.0160728,0.00293682,4.43117e-08,362012.1359,0.01624862948,0.002936962093,3.157679042e-08,5.532461422885651
3,3:583511:A:C,583511,C,A,0.227495,-0.0143157,0.00280671,3.38884e-07,361359.5553,-0.01445136125,0.002806833559,2.623890318e-07,5.148634910560438
3,3:3480857:G:C,3480857,C,G,0.0807056,-0.0264325,0.00432439,9.822e-10,360567.0667,-0.02651556305,0.004324636707,8.717425155e-10,6.131281040805354
3,3:8194125:T:A,8194125,A,T,0.695053,-0.0281995,0.00255492,2.55043e-28,361489.6052,-0.02817354859,0.002555360422,2.886384514e-28,11.02527390948219
3,3:14572205:G:C,14572205,C,G,0.0266378,-0.0636769,0.00732401,3.5048e-18,359647.5408,-0.06313992935,0.007324905554,6.701452941e-18,8.619896718739318
3,3:18077500:A:T,18077500,T,A,0.274793,0.0144089,0.00263701,4.65583e-08,361003.9265,0.01500641922,0.002637970752,1.280683851e-08,5.688622289925981
3,3:18277061:C:A,18277061,A,C,0.0277491,-0.0578629,0.00716844,6.94277e-16,360814.5701,-0.05864052593,0.007171350915,2.9086692329999996e-16,8.177054313064527
3,3:19188260:G:A,19188260,A,G,0.329712,-0.0144596,0.00250614,7.94961e-09,360406.0591,-0.01439731133,0.002506565548,9.255327381e-09,5.743839949243569
3,3:20230228:G:T,20230228,T,G,0.382509,0.0122066,0.00242472,4.79996e-07,360257.4913,0.01205008663,0.002425037533,6.728832051e-07,4.969030980354727
3,3:30817274:C:G,30817274,G,C,0.0317919,-0.0335265,0.00670401,5.70686e-07,361621.7216,-0.0334785298,0.00670423811,5.925279625e-07,4.993636748978774
3,3:36627618:C:A,36627618,A,C,0.232602,0.0156192,0.00279765,2.36605e-08,358080.2649,0.01554470657,0.002797789769,2.759214724e-08,5.5560667003068165
3,3:41318907:C:G,41318907,G,C,0.153055,-0.0460016,0.00327358,7.655419999999999e-45,359958.3227,-0.04263690721,0.003316140129,7.81717518e-38,12.85739008346954
3,3:41758053:C:T,41758053,T,C,0.171901,-0.0263494,0.00312676,3.55781e-17,359421.0384,-0.01993721829,0.003166852412,3.062241432e-10,6.295594393490794
3,3:48802087:G:T,48802087,T,G,0.600261,-0.0200877,0.0026156,1.59513e-14,304716.4561,-0.02042034694,0.002616393938,5.9611237180000004e-15,7.804767716137401
3,3:52158425:G:C,52158425,C,G,0.574831,0.0162916,0.00241265,1.45476e-11,351635.2035,0.0166888354,0.002413305324,4.667308866e-12,6.915343547304916
3,3:60807357:C:T,60807357,T,C,0.111783,-0.0287814,0.00373979,1.4076e-14,360228.7545,-0.02879898453,0.003740125471,1.3606099170000002e-14,7.700004920503374
3,3:65450442:C:T,65450442,T,C,0.0472266,-0.0401106,0.00555996,5.43662e-13,359630.5434,-0.04076515298,0.00556339374,2.346789902e-13,7.327389518901819
3,3:65623127:G:A,65623127,A,G,0.0135908,-0.0694415,0.0101731,8.7444e-12,360557.1958,-0.07367656567,0.01018392673,4.669270672e-13,7.2345930625131265
3,3:65705303:C:G,65705303,G,C,0.076796,0.0229527,0.00443018,2.20838e-07,359523.7687,0.02261454656,0.004434054682,3.393025015e-07,5.100195685859158
3,3:65831405:A:C,65831405,C,A,0.401285,-0.0189237,0.00240328,3.44029e-15,360481.1413,-0.01747915312,0.002405056539,3.657455784e-13,7.267668279959717
3,3:66083438:G:T,66083438,T,G,0.402897,0.0460208,0.00240322,1.06993e-81,359721.3383,0.04583903859,0.0024065166,6.841782042e-81,19.047879657260623
3,3:67500168:A:G,67500168,G,A,0.511288,-0.0260223,0.00235567,2.2988900000000003e-28,360698.7535,-0.02605084426,0.0023561705,2.040489923e-28,11.05643426908197
3,3:69172183:T:C,69172183,C,T,0.204139,0.0196208,0.00292087,1.85207e-11,360908.4828,0.02005179815,0.002921231976,6.688452025e-12,6.864158106832938
3,3:72537506:T:G,72537506,G,T,0.464846,0.0125724,0.00236205,1.02319e-07,360444.8867,0.01203609202,0.002362243571,3.483821767e-07,5.095195164360128
3,3:73140580:G:T,73140580,T,G,0.0947127,-0.0660157,0.0040226,1.67296e-60,360334.8104,-0.06560589421,0.004024516037,9.62031807e-60,16.301561133523197
3,3:73329170:G:T,73329170,T,G,0.0510405,0.036965,0.00535872,5.27865e-12,359663.9177,0.03609214859,0.005359560467,1.648773649e-11,6.734162029186413
3,3:80059283:C:T,80059283,T,C,0.456386,-0.0235629,0.00236435,2.16341e-23,360639.2426,-0.02325967965,0.002366069575,8.31932232e-23,9.830513817413843
3,3:81620318:T:A,81620318,A,T,0.676659,0.0169067,0.002517,1.85768e-11,360900.6694,0.0150821021,0.002521967629,2.227383785e-09,5.9802917081771945
3,3:82947625:A:G,82947625,G,A,0.271511,0.0187955,0.00265348,1.40974e-12,359200.0021,0.01687606399,0.002663615009,2.361519992e-10,6.33577447678363
3,3:84108330:G:C,84108330,C,G,0.537203,0.0286216,0.00236285,9.13267e-34,360297.2551,0.02924640109,0.002382987792,1.264839551e-34,12.272996608788334
3,3:85034801:G:A,85034801,A,G,0.0984656,-0.0197449,0.00395737,6.05957e-07,359856.0933,-0.02180848893,0.003983083294,4.368249168e-08,5.475278150183721
3,3:85644416:C:G,85644416,G,C,0.318141,0.0241115,0.00253468,1.86965e-21,358896.376,0.02560067991,0.002538460961,6.4287487740000006e-24,10.0851186223935
3,3:86195142:C:A,86195142,A,C,0.584454,0.0113886,0.00239149,1.91633e-06,360168.0021,0.01183031383,0.002400207711,8.270622103e-07,4.928870853877529
3,3:87893279:G:T,87893279,T,G,0.120829,0.0214315,0.00362456,3.36551e-09,358460.7248,0.01943011022,0.003627549411,8.4960618e-08,5.356263421548747
3,3:88840298:T:A,88840298,A,T,0.438661,0.0281464,0.00246709,3.82823e-30,333691.8134,0.02755064983,0.002469071342,6.522361241000001e-29,11.158304485314462
6,6:528356:A:G,528356,G,A,0.061199,-0.0302597,0.00491776,7.60385e-10,360229.8434,-0.02875084502,0.004922891319,5.212705974e-09,5.840235576405176
6,6:656739:A:C,656739,C,A,0.480169,0.016028,0.0023589,1.08727e-11,360368.5418,0.01540929141,0.002361382003,6.775722309e-11,6.5255394469947605
6,6:4592245:A:C,4592245,C,A,0.163603,0.0201351,0.00318385,2.54983e-10,360845.09,0.02020326365,0.003184041069,2.221882247e-10,6.345164277778982
6,6:4997689:G:C,4997689,C,G,0.0764463,0.023152,0.00443862,1.82888e-07,359857.4312,0.02313923329,0.004438836765,1.859063575e-07,5.212904757492248
6,6:5442385:G:T,5442385,T,G,0.114101,0.0383924,0.00370735,3.9738099999999997e-25,360203.3453,0.03780068183,0.003708439448,2.127551614e-24,10.193150612284178
6,6:5572368:C:G,5572368,G,C,0.143568,0.0205774,0.00336524,9.68522e-10,359459.5882,0.02016295278,0.00336587513,2.093200476e-09,5.990404278604358
6,6:10952278:A:G,10952278,G,A,0.0716862,0.0226056,0.00455402,6.91266e-07,362683.7659,0.02267563805,0.004554213779,6.389858994e-07,4.979045593898108
6,6:14783814:C:T,14783814,T,C,0.472736,0.0211065,0.00236316,4.22322e-19,359541.0383,0.02109152424,0.002363464077,4.497940302e-19,8.923987652383513
6,6:18672200:A:G,18672200,G,A,0.07565,-0.0241114,0.00445426,6.19813e-08,360783.0156,-0.02385852504,0.004454496141,8.505876293e-08,5.356054710745342
6,6:20018387:G:T,20018387,T,G,0.176419,0.0204593,0.00308833,3.48389e-11,361181.9315,0.02073741229,0.003088727716,1.894888192e-11,6.713901061131929
6,6:20254919:G:A,20254919,A,G,0.670392,0.0169214,0.00250337,1.38716e-11,361448.4021,0.01714234415,0.002503694058,7.550929174e-12,6.846820638977607
6,6:22661687:G:T,22661687,T,G,0.143997,-0.0179643,0.00335772,8.7936e-08,360185.0345,-0.01732059142,0.003361238022,2.562983089e-07,5.153039239302048
6,6:22763205:C:A,22763205,A,C,0.571917,0.0136225,0.00238044,1.0493e-08,360797.048,0.01294461596,0.002382932742,5.5657106e-08,5.432220444936083
6,6:26817004:T:A,26817004,A,T,0.0728627,-0.0368533,0.00458848,9.64161e-16,351893.5317,-0.03680257016,0.004588941403,1.058840569e-15,8.01983876628725
6,6:32096086:A:C,32096086,C,A,0.0476373,-0.032508,0.00552673,4.05813e-09,361202.086,-0.03256606121,0.00552713996,3.814854328e-09,5.892027603006456
6,6:33275725:G:T,33275725,T,G,0.223301,0.0140126,0.00282921,7.31786e-07,360557.4985,0.01394362083,0.002829399599,8.302460984e-07,4.928120027629932
6,6:33713673:T:C,33713673,C,T,0.159565,-0.0180474,0.00321369,1.9581e-08,361401.7343,-0.01790652364,0.003213884119,2.523892789e-08,5.571614587514007
6,6:36024136:A:C,36024136,C,A,0.0163878,-0.0636441,0.00928759,7.26399e-12,359973.5418,-0.0640054467,0.009288408712,5.54425541e-12,6.890894736071342
6,6:36603394:G:C,36603394,C,G,0.202364,0.0171426,0.00292937,4.86179e-09,361368.4579,0.01724313781,0.002929608105,3.960918913e-09,5.885817212401521
6,6:37630636:A:T,37630636,T,A,0.408904,0.0249196,0.00239346,2.21504e-25,361423.0897,0.02520199614,0.002394937549,6.766304299e-26,10.523028523446477
6,6:38137429:A:T,38137429,T,A,0.451834,0.0134034,0.00236522,1.45561e-08,361247.762,0.01242041078,0.002373730344,1.672834623e-07,5.232443866842189
6,6:38677074:A:C,38677074,C,A,0.132289,0.0175204,0.00347481,4.60609e-07,361148.9248,0.01719153901,0.00348861579,8.311944652e-07,4.927896920973347
6,6:39052569:C:T,39052569,T,C,0.240298,-0.0217794,0.00275965,2.97945e-15,359998.9998,-0.02151489314,0.002760040679,6.433901836e-15,7.795136246975583
6,6:41029098:T:G,41029098,G,T,0.0259233,-0.0432119,0.00741871,5.72574e-09,360161.033,-0.03798571873,0.007443274097,3.336726729e-07,5.103361536196831
6,6:41055111:A:G,41055111,G,A,0.202637,0.0301085,0.0029313,9.55881e-25,360458.6114,0.02880144096,0.002941242328,1.215353597e-22,9.792270662575612
6,6:47328200:A:G,47328200,G,A,0.104825,0.0201192,0.00385014,1.73707e-07,359847.9636,0.01987888685,0.003850435737,2.433312462e-07,5.162762920304778
6,6:49371364:T:A,49371364,A,T,0.340703,0.0134592,0.00249328,6.73532e-08,358462.2286,0.01433136389,0.00249547425,9.304560197e-09,5.742942003909678
6,6:49870616:G:T,49870616,T,G,0.326505,-0.0234163,0.00251315,1.1974699999999998e-20,360339.7782,-0.02415296336,0.002515592931,7.89420904e-22,9.601300378276505
6,6:49980612:A:G,49980612,G,A,0.427252,0.0125101,0.00243062,2.64965e-07,346228.5396,0.01279054836,0.002430873198,1.427222194e-07,5.261709401594217
6,6:54130193:G:A,54130193,A,G,0.160201,0.0172635,0.0032093,7.48632e-08,361228.3799,0.01719148266,0.003209431118,8.482538928e-08,5.35655137247909
6,6:57795152:A:G,57795152,G,A,0.78036,0.01871,0.00313771,2.47978e-09,296615.6244,0.01876212828,0.003137901754,2.242422058e-09,5.9791955742665355
19,19:1278359:T:C,1278359,C,T,0.0857807,-0.0241649,0.00432019,2.22724e-08,342115.283,-0.02418191739,0.004320381662,2.178770729e-08,5.597171565348618
19,19:5223860:T:A,5223860,A,T,0.225828,0.0193112,0.00281836,7.29792e-12,360572.8863,0.01931332099,0.002818542153,7.270358056e-12,6.852237767472552
19,19:9047019:A:G,9047019,G,A,0.113201,-0.0202529,0.00371655,5.05775e-08,361132.5725,-0.02030701459,0.003716719537,4.663296889e-08,5.463693019568294
19,19:13729857:A:C,13729857,C,A,0.0649907,-0.0260001,0.00495269,1.52447e-07,335948.5867,-0.02584293688,0.004952924812,1.811465079e-07,5.217712333808794
19,19:15638015:C:A,15638015,A,C,0.191849,0.0383064,0.00298789,1.28199e-37,361642.2657,0.03793967153,0.002988839656,6.402019281e-37,12.693779491930028
19,19:16024600:C:T,16024600,T,C,0.232923,0.0177599,0.00278559,1.82436e-10,361179.5806,0.01727493519,0.002785979808,5.622409098e-10,6.200667765213035
19,19:16969264:A:C,16969264,C,A,0.807509,0.0157585,0.00298607,1.31147e-07,361298.8213,0.01563628644,0.00298619927,1.639312426e-07,5.236183196843391
19,19:23295020:C:A,23295020,A,C,0.128071,0.0164088,0.00352555,3.25262e-06,360782.9758,0.02016979857,0.003531747712,1.12316604e-08,5.710996428614661
19,19:24179525:G:A,24179525,A,G,0.0413802,0.107511,0.0059571,8.89127e-73,355427.6758,0.1092740812,0.005970142936,7.7702429639999995e-75,18.303427970053544
8,8:53322822:T:C,53322822,C,T,0.160428,-0.0185285,0.00321242,8.03923e-09,359987.9172,-0.01839156394,0.003212611055,1.035541117e-08,5.724802543829882
8,8:58938979:G:T,58938979,T,G,0.00789423,-0.0669193,0.0133048,4.91458e-07,360924.1309,-0.06725124495,0.01330546569,4.317290424e-07,5.054407453062246
8,8:60369133:A:G,60369133,G,A,0.133781,0.022883,0.00346141,3.82586e-11,360371.067,0.02253342919,0.003461739326,7.551205553e-11,6.5092796042609935
8,8:64004265:G:A,64004265,A,G,0.19239,-0.037905,0.00299354,9.746109999999999e-37,359238.3675,-0.03791456377,0.002994324634,9.584790006e-37,12.662142020102687
8,8:67683688:A:T,67683688,T,A,0.14254,-0.0239626,0.0033728,1.20833e-12,359863.749,-0.02307894653,0.003378795,8.460394157e-12,6.830525832434345
8,8:67711618:T:G,67711618,G,T,0.0207997,0.0527481,0.00825634,1.67397e-10,360394.2738,0.04915587604,0.008270931406,2.794952786e-09,5.943209250211015
8,8:69053936:A:T,69053936,T,A,0.568995,-0.0252677,0.00237938,2.4423e-26,360310.1805,-0.02530870186,0.002379771639,2.0498531600000002e-26,10.634928765952909
8,8:71533801:A:G,71533801,G,A,0.412642,0.0167792,0.00239292,2.35292e-12,360527.9262,0.01699814877,0.002393138459,1.221932943e-12,7.102868915116122
8,8:75522773:G:T,75522773,T,G,0.0450137,-0.0333046,0.00568016,4.54094e-09,360766.6938,-0.03234689802,0.005682095195,1.249899521e-08,5.692776504072632
8,8:76309387:T:C,76309387,C,T,0.0508199,0.0379892,0.00535757,1.33639e-12,361370.1283,0.03693247322,0.005359423526,5.535172602e-12,6.89112794330037
8,8:79113948:C:A,79113948,A,C,0.303685,0.0169614,0.00256412,3.72297e-11,359892.0309,0.02157402468,0.002612405225,1.477624526e-16,8.2582994680697
8,8:79582674:A:T,79582674,T,A,0.519586,0.0188525,0.00235613,1.23288e-15,361062.3583,0.02360793021,0.002401240354,8.233623531e-23,9.831556499820508
8,8:80256588:A:T,80256588,T,A,0.508818,0.0409963,0.00235604,8.71742e-68,360409.2161,0.04180404462,0.002358088449,2.5522683390000002e-70,17.727937490100484
8,8:80479854:G:A,80479854,A,G,0.0240448,0.0523405,0.00769287,1.02079e-11,360285.827,0.05409765807,0.007694712349,2.057980024e-12,7.030497777740905
8,8:81364357:G:A,81364357,A,G,0.679163,0.0129165,0.00252183,3.02658e-07,361084.7781,0.01388634652,0.002525910669,3.850813936e-08,5.497560420653182
8,8:81700555:C:G,81700555,G,C,0.0787452,0.0459484,0.00437011,7.49095e-26,361084.8573,0.05151179841,0.004472351994,1.072763776e-30,11.517831887809141
8,8:82062136:G:A,82062136,A,G,0.0655748,-0.0147156,0.00475823,0.00198384,360700.6437,-0.02773825105,0.004873558041,1.258683141e-08,5.691581143929173
8,8:84614505:G:C,84614505,C,G,0.186637,-0.0153101,0.00302276,4.08758e-07,360753.405,-0.0169220486,0.003041919913,2.65251801e-08,5.562950072315069
8,8:84980798:C:G,84980798,G,C,0.187747,-0.0148625,0.00301282,8.09845e-07,361485.4919,-0.01694551051,0.003031920508,2.283346415e-08,5.589035222159591
8,8:90242587:T:G,90242587,G,T,0.128891,-0.0180246,0.00351739,2.98606e-07,360216.0101,-0.01774879995,0.003517543162,4.516406266e-07,5.045794502748451
8,8:96086328:T:G,96086328,G,T,0.158315,-0.0186505,0.00322638,7.44803e-09,360734.681,-0.01855363941,0.00322655742,8.909073823e-09,5.750289548543041
8,8:99563243:T:A,99563243,A,T,0.11707,-0.0210199,0.00385427,4.93734e-08,325863.0678,-0.02112668018,0.003854463279,4.227009378e-08,5.481095200751555
8,8:105880990:A:C,105880990,C,A,0.145121,-0.0236225,0.00334356,1.60822e-12,360759.3309,-0.02359069895,0.003343829612,1.726077616e-12,7.054994329059132
8,8:115684012:G:A,115684012,A,G,0.130468,0.0248899,0.00349336,1.04341e-12,361404.4953,0.02475566027,0.003493653599,1.381491861e-12,7.085894341982243
8,8:116646823:A:T,116646823,T,A,0.524457,0.0223198,0.00236156,3.3646699999999997e-21,359687.4832,0.02220628377,0.002361883792,5.356743631e-21,9.401937489564688
8,8:124213350:G:T,124213350,T,G,0.687995,-0.0187428,0.00254109,1.63612e-13,360976.0862,-0.0187407599,0.002541306738,1.650149429e-13,7.374458037579878
8,8:129111626:C:A,129111626,A,C,0.396172,-0.0210503,0.00241325,2.7252900000000003e-18,359117.9854,-0.02099307386,0.002413512932,3.373675733e-18,8.698140201222671
8,8:133817108:G:T,133817108,T,G,0.833974,-0.0350303,0.00316781,2.02172e-28,360028.1536,-0.03486630834,0.003168707212,3.68305312e-28,11.00332280873415
8,8:134125236:T:C,134125236,C,T,0.405239,-0.0132349,0.00239924,3.46486e-08,360655.9208,-0.0127411607,0.002399610381,1.09818519e-07,5.3096789382492675
8,8:136262081:C:A,136262081,A,C,0.449048,-0.0125844,0.00236934,1.08868e-07,360276.1433,-0.01265991239,0.002369443202,9.142558365e-08,5.342990445735952
8,8:138088296:C:A,138088296,A,C,0.209187,-0.0230464,0.00289687,1.78772e-15,360402.7091,-0.02296869942,0.002897138096,2.2258663310000002e-15,7.928065096970095
8,8:139152122:G:T,139152122,T,G,0.151733,-0.0186942,0.00328634,1.28294e-08,359959.9416,-0.01866558927,0.003286494156,1.351020959e-08,5.679483481181033
8,8:143163657:C:T,143163657,T,C,0.629904,-0.0158859,0.00243939,7.41272e-11,360685.3598,-0.01576675491,0.002439695578,1.029251487e-10,6.46259109217437
8,8:143461136:A:C,143461136,C,A,0.209179,0.0145258,0.00289418,5.19695e-07,361121.35,0.01435553164,0.002894471027,7.062426737e-07,4.959639086413285
16,16:46412655:A:C,46412655,C,A,0.0909681,-0.0305746,0.00411702,1.11838e-13,357048.2214,-0.03421543611,0.004135770768,1.305755015e-16,8.273049457851382
16,16:47649048:C:T,47649048,T,C,0.258519,-0.0236352,0.00269604,1.84824e-18,359161.741,-0.02575054911,0.002708439464,1.952573044e-21,9.507522487495406
16,16:49465901:G:T,49465901,T,G,0.355488,0.0126356,0.00246658,3.01334e-07,359045.9575,0.01255300968,0.002466801834,3.603760512e-07,5.088779125660404
16,16:49918147:A:G,49918147,G,A,0.351247,-0.0153259,0.00248076,6.50249e-10,356878.3534,-0.01550388051,0.002481479509,4.16174559e-10,6.247837410613089
16,16:50260445:C:T,50260445,T,C,0.0927134,-0.038975,0.00410462,2.20633e-21,353089.143,-0.03940200824,0.004105889413,8.2736386370000005e-22,9.596461150474731
16,16:51799915:G:T,51799915,T,G,0.578194,-0.0185182,0.00238343,7.89502e-15,361213.8794,-0.01870257133,0.002383766376,4.301775015e-15,7.845807172338436
16,16:52065388:C:T,52065388,T,C,0.247329,-0.0149284,0.00273152,4.62623e-08,360332.2635,-0.01490689045,0.002731813533,4.848614537e-08,5.456774508921066
16,16:52953778:G:T,52953778,T,G,0.715936,-0.0137984,0.00261046,1.2521e-07,361135.3952,-0.01383909394,0.002610714686,1.152437263e-07,5.300883322950749
16,16:56300298:C:A,56300298,A,C,0.225403,-0.017845,0.00281596,2.34446e-10,361485.9551,-0.01776633895,0.002816176857,2.814379967e-10,6.308673017406306
16,16:57051159:C:G,57051159,G,C,0.247992,0.0203571,0.00272815,8.55066e-14,360549.1338,0.02002701938,0.002728499535,2.136916761e-13,7.339938718369618
16,16:58597563:G:A,58597563,A,G,0.138372,0.0171757,0.00341263,4.83118e-07,360455.115,0.01743377385,0.003412851631,3.251186984e-07,5.1082718309942265
16,16:58864754:A:C,58864754,C,A,0.232121,-0.0306861,0.00278941,3.822e-28,360786.7312,-0.030556874,0.002789942612,6.463151674e-28,10.952509871912735
16,16:60713900:G:A,60713900,A,G,0.15764,0.0200271,0.00322955,5.60902e-10,361354.7241,0.01999680074,0.003230852088,6.042154436e-10,6.189327210079325
16,16:61361962:C:T,61361962,T,C,0.382819,-0.0112137,0.00242583,3.79069e-06,359977.7073,-0.01225074575,0.002441623509,5.235938183e-07,5.017458959107688
16,16:61721666:T:C,61721666,C,T,0.86955,0.0178726,0.00350222,3.34091e-07,359725.4906,0.0197943399,0.003519064974,1.85630343e-08,5.624886168981544
16,16:61773561:A:G,61773561,G,A,0.135703,0.025433,0.00344332,1.51409e-13,359877.8252,0.02438691548,0.003449481083,1.552303871e-12,7.069734517514964
16,16:65835769:C:T,65835769,T,C,0.552507,0.0127975,0.00236724,6.4453e-08,361230.4828,0.01263407694,0.00236745069,9.471897306e-08,5.336574482148983
16,16:66923145:C:T,66923145,T,C,0.161494,-0.0801033,0.00338379,8.57956e-124,322258.4739,-0.0815847451,0.003391527121,7.318747763e-128,24.05546003003642
16,16:68289118:G:A,68289118,A,G,0.14379,-0.0190892,0.00342272,2.44593e-08,347006.441,-0.02057751326,0.003430010725,1.982233435e-09,5.999256244308099
16,16:68683947:G:C,68683947,C,G,0.485653,-0.013976,0.00269731,2.20288e-07,275386.1945,-0.01588785841,0.002704970778,4.264867402e-09,5.873578575864379
16,16:68935135:C:A,68935135,A,C,0.625683,0.0161412,0.00245347,4.74414e-11,354993.0102,0.01734213116,0.002458355357,1.73393146e-12,7.054363036092182
16,16:69130432:T:C,69130432,C,T,0.0323538,-0.0368809,0.00668625,3.4719e-08,357588.9478,-0.04225026101,0.006701360539,2.886988952e-10,6.304728832916178
16,16:77236880:A:C,77236880,C,A,0.0243819,-0.0537226,0.00763309,1.95207e-12,361094.1114,-0.05315936495,0.007633754471,3.313917933e-12,6.963724750638499
16,16:79069592:G:A,79069592,A,G,0.166332,-0.0197486,0.0031616,4.20534e-10,361075.8364,-0.01964440081,0.003161794999,5.196481741e-10,6.213053286570779
16,16:81101937:A:T,81101937,T,A,0.152883,0.0342959,0.00327404,1.13384e-25,360433.7023,0.03421996621,0.003274580539,1.46242619e-25,10.45018310053543
16,16:85266862:G:C,85266862,C,G,0.638583,0.0255776,0.0024497,1.62244e-25,361281.2111,0.025501873,0.002450073698,2.264935463e-25,10.408614655476377
16,16:85834577:A:C,85834577,C,A,0.433973,0.033109,0.00237684,4.28501e-44,360491.2139,0.0330848163,0.002377490005,5.07463808e-44,13.915859259311587
16,16:86973655:A:T,86973655,T,A,0.558645,0.0131516,0.00236978,2.86327e-08,361452.3953,0.01308173624,0.002369887572,3.390347957e-08,5.519981789245824
10,10:42326764:A:T,42326764,T,A,0.0864647,-0.0351335,0.00418983,5.07275e-17,360779.6024,-0.03353582031,0.004207355633,1.577020152e-15,7.970759601818523
10,10:42507880:G:C,42507880,C,G,0.0613793,-0.0307208,0.00490736,3.85041e-10,360602.3032,-0.03356177564,0.004921764676,9.164240063e-12,6.8190532968098365
10,10:43327931:C:G,43327931,G,C,0.139131,0.0495197,0.00340529,6.77199e-48,360047.1724,0.0472681287,0.00341117254,1.156280392e-43,13.856856592777334
10,10:43696564:C:G,43696564,G,C,0.247207,-0.0277178,0.00273224,3.5241500000000006e-24,360068.766,-0.02556411473,0.002735540939,9.173575827e-21,9.34517716972833
10,10:44862968:A:G,44862968,G,A,0.0213963,0.0431094,0.00812013,1.10321e-07,362391.7564,0.04254260828,0.008122587789,1.627060997e-07,5.237568295366811
10,10:45831271:T:A,45831271,A,T,0.343515,0.0218038,0.00247669,1.33075e-18,361640.2044,0.0218293445,0.002477421382,1.2368435039999999e-18,8.811316741917102
10,10:48432322:C:G,48432322,G,C,0.234794,0.0320594,0.00277971,9.06856e-31,360295.5846,0.03189128729,0.00278029478,1.856486582e-30,11.470469793134669
10,10:49893970:A:G,49893970,G,A,0.239092,0.0133684,0.00276128,1.28996e-06,360692.6373,0.01364881528,0.002761433531,7.706550041e-07,4.942655735427876
10,10:53955855:C:T,53955855,T,C,0.39575,0.0169744,0.00240977,1.87164e-12,360275.7343,0.01708108582,0.002409979822,1.364115559e-12,7.087646819310174
10,10:56311708:G:T,56311708,T,G,0.147696,-0.043983,0.00333861,1.2642799999999999e-39,356432.7037,-0.04386204599,0.003339452806,2.088638826e-39,13.134500931168423
10,10:60644828:G:C,60644828,C,G,0.0446086,-0.0471018,0.00570516,1.51138e-16,360633.3892,-0.04593134109,0.005706356904,8.336881856999999e-16,8.049153227307494
10,10:61485039:A:T,61485039,T,A,0.011421,-0.0483869,0.0110804,1.26072e-05,360939.3674,-0.06180764813,0.01112372746,2.754281454e-08,5.556379222005858
10,10:61692812:T:C,61692812,C,T,0.247709,0.0376716,0.00272992,2.6317099999999997e-43,360102.7988,0.03883389346,0.002741342714,1.487093256e-45,14.166011882307101
10,10:63121258:T:C,63121258,C,T,0.510443,0.0243428,0.00235305,4.43557e-25,361528.2267,0.02458181458,0.002353763559,1.5671635470000001e-25,10.443621019625107
10,10:64742757:G:T,64742757,T,G,0.032179,-0.0662159,0.00666806,3.09437e-23,361242.1898,-0.06735347585,0.006669617933,5.60645181e-24,10.098550850528905
10,10:66639374:C:T,66639374,T,C,0.177,0.0346073,0.0030883,3.85599e-29,360014.5639,0.03422930956,0.003089178577,1.561872547e-28,11.080391989912469
10,10:67766700:T:A,67766700,A,T,0.482325,0.035934,0.00235603,1.65947e-52,360782.1646,0.03574653944,0.002357018596,5.938922129e-52,15.165998053924561
10,10:70428130:G:T,70428130,T,G,0.120883,0.020619,0.00362036,1.23268e-08,359193.9001,0.02088565591,0.003620573719,7.99308958e-09,5.768603964724298
10,10:73410076:A:T,73410076,T,A,0.551089,0.0133107,0.00239248,2.64528e-08,353318.9619,0.01244825559,0.002399506402,2.127471238e-07,5.187840123962294
10,10:74087109:A:T,74087109,T,A,0.275792,0.012699,0.0028816,1.04875e-05,301677.8975,0.01779711779,0.002916324327,1.043664191e-09,6.102585238970233
10,10:74487064:G:C,74487064,C,G,0.408745,0.0263678,0.00270349,1.7987e-22,283179.1269,0.02811126144,0.002738304571,1.003423692e-24,10.265936717818816
10,10:80896585:T:G,80896585,G,T,0.118855,0.0196936,0.00364084,6.33868e-08,360396.2866,0.01955015026,0.003641014946,7.898884801e-08,5.369423237736965
10,10:83524101:G:A,83524101,A,G,0.461081,-0.0150552,0.0023623,1.85449e-10,360797.798,-0.01502409414,0.002362461103,2.02398837e-10,6.359509632104194
10,10:85567528:G:A,85567528,A,G,0.251568,0.037096,0.00271668,1.93337e-42,359893.4392,0.03708879091,0.002717429887,2.061297846e-42,13.64848126806519
10,10:87403650:G:C,87403650,C,G,0.0829241,-0.0364536,0.00426432,1.25162e-17,361751.416,-0.03422728635,0.004277765656,1.232059687e-15,8.00120649479542
10,10:87433233:T:C,87433233,C,T,0.0642387,0.0300953,0.00480098,3.64814e-10,361089.3756,0.0273905825,0.004815854158,1.288480636e-08,5.687585545857803
10,10:90678503:T:A,90678503,A,T,0.0111976,-0.0594052,0.0111939,1.11556e-07,360622.1225,-0.06023880981,0.01119450916,7.403070865e-08,5.38110326670187
10,10:91887804:C:G,91887804,G,C,0.0315103,0.0344785,0.00674504,3.1945e-07,360359.1024,0.03410895559,0.00674547355,4.268654237e-07,5.056569466498019
10,10:93258940:T:A,93258940,A,T,0.173139,0.0181092,0.00311823,6.34568e-09,359417.4314,0.01811488089,0.003118548158,6.293927003e-09,5.808754578161625
10,10:95240363:C:T,95240363,T,C,0.275517,0.0218352,0.00264238,1.41982e-16,358949.8997,0.02182062487,0.002642816388,1.4990579439999999e-16,8.25657997622497
10,10:95536323:T:C,95536323,C,T,0.443628,-0.025522,0.00237915,7.645329999999999e-27,358027.3186,-0.02564847516,0.00237965716,4.3623216869999996e-27,10.778222842823292
10,10:96214126:T:A,96214126,A,T,0.21228,0.0275437,0.00287969,1.1306999999999999e-21,360745.5943,0.02832774419,0.002882613956,8.605878263e-23,9.827102977503243
10,10:96508190:T:C,96508190,C,T,0.109222,0.0182207,0.00378218,1.45426e-06,359493.9289,0.01976384695,0.003785761801,1.783700966e-07,5.220573292482222
10,10:99138227:G:T,99138227,T,G,0.0649338,0.0369989,0.00478625,1.07613e-14,359672.7257,0.03810015338,0.004786889884,1.730559684e-15,7.959270905175474
10,10:101806141:G:T,101806141,T,G,0.0942104,0.0533197,0.0040867,6.73267e-39,350914.4918,0.05300904218,0.004089557524,2.00812712e-38,12.962048306916051
10,10:103182113:T:G,103182113,G,T,0.0121119,-0.0663173,0.0107521,6.9307e-10,361685.6575,-0.06117739765,0.01076966008,1.34276504e-08,5.6805319012445565
10,10:103531003:G:A,103531003,A,G,0.167206,-0.0208207,0.0031601,4.44537e-11,359782.5511,-0.02153818927,0.003163787114,9.915489587e-12,6.807723937774405
10,10:103931741:T:A,103931741,A,T,0.585899,-0.0339848,0.0023907,7.56118e-46,360629.3759,-0.0334160433,0.002392566287,2.492049477e-44,13.966611283276015
10,10:105501387:G:T,105501387,T,G,0.0149255,0.0712362,0.00970063,2.08572e-13,361593.7998,0.06751133311,0.00973462028,4.057074271e-12,6.93517889431225
10,10:105844855:T:C,105844855,C,T,0.529521,-0.0127787,0.00236203,6.30511e-08,359959.8223,-0.01411801776,0.002369608267,2.554149194e-09,5.957954298443542
10,10:106164942:C:G,106164942,G,C,0.458177,0.0135601,0.00236187,9.40576e-09,361277.7897,0.01436013303,0.002363944632,1.242594952e-09,6.074648634156335
10,10:106267549:C:T,106267549,T,C,0.398545,0.0738185,0.00240737,3.2252100000000004e-206,359237.9249,0.07380914158,0.002412523668,1.463575924e-205,30.594162684915055
10,10:106658185:G:A,106658185,A,G,0.277085,-0.0123349,0.00262919,2.71277e-06,361337.4176,-0.01419946188,0.002630710465,6.754694832e-08,5.397576840520912
10,10:109083520:C:G,109083520,G,C,0.44399,-0.0419178,0.00237221,7.592590000000001e-70,359869.3675,-0.04185758969,0.002373338903,1.290302667e-69,17.636583480382956
10,10:113053258:A:T,113053258,T,A,0.238562,-0.044968,0.0027633,1.60408e-59,360473.0194,-0.04526964773,0.002764368823,2.8322454879999996e-60,16.376124398940235
10,10:113358163:G:T,113358163,T,G,0.390356,0.0162261,0.00241384,1.79357e-11,360807.1025,0.01616502097,0.002414015182,2.137317141e-11,6.69632117085832
10,10:114223449:C:A,114223449,A,C,0.020199,-0.0479264,0.00836752,1.01897e-08,361062.8972,-0.04896181892,0.008368093798,4.885903732e-09,5.851012202050367
10,10:115519718:A:T,115519718,T,A,0.0364411,0.0343139,0.00629284,4.95991e-08,359819.4042,0.03356459234,0.006293307636,9.640201566e-08,5.333378611272452
10,10:119441982:G:T,119441982,T,G,0.0288965,0.0600681,0.00704616,1.53466e-17,359070.6752,0.06001332844,0.007046940755,1.648393553e-17,8.516224348476165
10,10:123385305:T:C,123385305,C,T,0.557733,0.0131617,0.00237312,2.92255e-08,360160.6188,0.01311630218,0.002373232516,3.261864593e-08,5.526766590113584
10,10:129654773:C:T,129654773,T,C,0.492203,-0.0145264,0.00235905,7.38743e-10,359690.6366,-0.01437837825,0.002359216798,1.097417974e-09,6.094555728065819
10,10:130169838:A:C,130169838,C,A,0.053721,0.0329766,0.00522221,2.71035e-10,360880.693,0.03265404385,0.005222568681,4.039668517e-10,6.252487204006959
10,10:131083010:C:T,131083010,T,C,0.26495,0.0307945,0.00266651,7.59849e-31,361206.8844,0.03074646773,0.002667011961,9.485487811999999e-31,11.528432635327052
10,10:131708333:T:A,131708333,A,T,0.497403,-0.0212825,0.00235261,1.48584e-19,361540.6396,-0.02124902495,0.00235289247,1.7007504310000002e-19,9.031022548174503
5,5:4359052:C:T,4359052,T,C,0.0273135,-0.0464865,0.00723627,1.32826e-10,359628.7377,-0.04595259655,0.007236991936,2.157606383e-10,6.349681878379808
5,5:4681648:G:C,4681648,C,G,0.204956,0.0176121,0.00291972,1.6197e-09,360168.649,0.01747588787,0.002919979107,2.164750576e-09,5.9849359292008115
5,5:7851850:A:T,7851850,T,A,0.455472,0.0151171,0.00235961,1.48963e-10,362303.4163,0.01522673542,0.002359760048,1.099018582e-10,6.452662605634554
5,5:9690062:C:G,9690062,G,C,0.139087,0.032821,0.00340555,5.5866e-22,360206.621,0.03276061436,0.003405994188,6.678682428e-22,9.618517399537032
5,5:11919047:G:C,11919047,C,G,0.285296,-0.0212226,0.00260825,4.07327e-16,360648.3442,-0.02114287668,0.002608520642,5.260983478999999e-16,8.105313157035004
5,5:16190112:T:G,16190112,G,T,0.196713,0.0305082,0.00296606,8.233700000000001e-25,359826.0929,0.03042288456,0.002966521113,1.119023387e-24,10.255408069296958
5,5:17136963:C:G,17136963,G,C,0.0119579,0.0904465,0.0108447,7.4446e-17,360026.6417,0.08988598981,0.01084590116,1.15601278e-16,8.287553840293342
5,5:22839172:C:T,22839172,T,C,0.219611,0.0416879,0.00284212,1.06975e-48,361222.9575,0.04117653465,0.002844533694,1.726321313e-47,14.475671262693785
5,5:23376637:A:C,23376637,C,A,0.470761,-0.0201239,0.00235725,1.38234e-17,361353.9425,-0.01917016403,0.00235870376,4.3854238000000004e-16,8.127414877229008
5,5:23726499:T:A,23726499,A,T,0.100878,0.0265644,0.00391204,1.11984e-11,360418.2476,0.02772709988,0.003912895121,1.37961017e-12,7.086083072145802
5,5:25258053:A:T,25258053,T,A,0.868005,0.0219294,0.00347745,2.86381e-10,361105.9681,0.02162902725,0.003477772048,4.996343937e-10,6.219219359830797
5,5:27158414:G:A,27158414,A,G,0.10884,0.0196941,0.00377914,1.87672e-07,361177.8875,0.01927347144,0.003779478307,3.40541488e-07,5.099505771551449
5,5:28418015:T:A,28418015,A,T,0.0117872,-0.0668208,0.01091,9.09379e-10,360851.2505,-0.06612586916,0.01091106596,1.357490199e-09,6.060440785750689
5,5:29662711:T:A,29662711,A,T,0.579512,-0.013534,0.00238386,1.36905e-08,361299.7919,-0.01332526555,0.002384285521,2.286603186e-08,5.588787681943064
5,5:30519189:G:C,30519189,C,G,0.538664,0.0120942,0.00236399,3.12216e-07,360268.152,0.01203844339,0.002364449103,3.553601503e-07,5.091436891039732
5,5:31038958:C:G,31038958,G,C,0.0155498,-0.0490765,0.00951562,2.50447e-07,360960.1391,-0.04890480059,0.009516732817,2.764654103e-07,5.138822485658104
5,5:35794965:C:A,35794965,A,C,0.371313,0.0232421,0.00243951,1.6228399999999999e-21,360076.4217,0.02293529392,0.002439932903,5.4579092139999996e-21,9.39996911054402
5,5:37581548:C:T,37581548,T,C,0.118085,0.0359993,0.00365288,6.56231e-23,359976.8392,0.03568454611,0.003653564634,1.559271134e-22,9.76704935720045
5,5:42514678:C:T,42514678,T,C,0.357113,0.0353913,0.0024709,1.61303e-46,356766.1921,0.03413657636,0.002474353976,2.688046002e-43,13.796157175209276
5,5:43195720:C:T,43195720,T,C,0.727398,-0.0302074,0.00268705,2.56849e-29,349360.9151,-0.02888830443,0.002690721303,6.876850677e-27,10.736267779866758
5,5:45010947:A:C,45010947,C,A,0.274847,0.0228836,0.00314905,3.68812e-13,253112.8193,0.02026413752,0.003191880496,2.172101871e-10,6.348651694634121
5,5:45704892:C:A,45704892,A,C,0.229723,-0.0224823,0.00349127,1.19956e-10,231946.9876,-0.01961353271,0.003538884948,2.98538419e-08,5.542291710015773
1,1:145609750:A:T,145609750,T,A,0.172372,0.0294646,0.00311657,3.27376e-21,360962.6427,0.02927412313,0.003117267664,5.9458165000000006e-21,9.390955890016892
1,1:145799615:T:C,145799615,C,T,0.679855,0.0140116,0.00252316,2.80714e-08,361023.7351,0.01372366861,0.002523520924,5.379077535e-08,5.438301889824157
1,1:151709554:A:G,151709554,G,A,0.208692,-0.0143607,0.00289703,7.16084e-07,360942.9342,-0.01446025641,0.002897161474,6.001132481e-07,4.9911806917808
1,1:155365894:C:A,155365894,A,C,0.598921,0.0129592,0.00241574,8.12399e-08,356854.0245,0.01294985006,0.002415861245,8.306310971e-08,5.360345130251883
1,1:157051361:G:T,157051361,T,G,0.0638822,0.0222728,0.00481629,3.75674e-06,360631.8456,0.02624673082,0.004863341619,6.782060611e-08,5.39685115219129
1,1:157133047:C:G,157133047,G,C,0.0872638,-0.0222818,0.00417542,9.48592e-08,360256.143,-0.0251518976,0.004216370535,2.441912059e-09,5.965295837074718
1,1:157857346:T:A,157857346,A,T,0.02281,-0.0461534,0.00788475,4.81743e-09,360997.4037,-0.04481564761,0.007886280484,1.325570451e-08,5.682735695353947
1,1:161021105:T:G,161021105,G,T,0.237257,-0.0221132,0.00277097,1.46401e-15,359987.7461,-0.02212666486,0.00277125059,1.412522004e-15,7.98436090184107
1,1:162288140:T:A,162288140,A,T,0.0995519,-0.0231195,0.00393591,4.25795e-09,360234.4985,-0.02302459756,0.003936143581,4.92958244e-09,5.849531930476597
1,1:167578256:T:G,167578256,G,T,0.0103554,-0.0876639,0.0116312,4.82108e-14,360796.1499,-0.08774768802,0.01163222199,4.575163621e-14,7.543501843021481
1,1:171909328:C:A,171909328,A,C,0.348986,-0.0186859,0.00247268,4.1367e-14,360099.4192,-0.01861225901,0.002472908642,5.2132660420000005e-14,7.526464461277903
1,1:172603786:A:G,172603786,G,A,0.271713,-0.0146075,0.00265769,3.88066e-08,357904.5227,-0.01455704591,0.002657835182,4.325212577e-08,5.477031084766489
1,1:178399368:T:G,178399368,G,T,0.377605,-0.0159927,0.00243157,4.80332e-11,359994.5178,-0.01603582932,0.002431725043,4.26906087e-11,6.59442537147075
1,1:180501966:A:T,180501966,T,A,0.172806,0.0262731,0.00311322,3.20613e-17,361038.8792,0.02633355269,0.003113551147,2.7264915779999998e-17,8.457722853010836
1,1:182889056:T:G,182889056,G,T,0.310455,-0.0153637,0.00254636,1.60514e-09,360396.6188,-0.01529992329,0.002546534214,1.876686627e-09,6.008135765813041
1,1:184688595:C:T,184688595,T,C,0.615043,-0.0257386,0.00242553,2.65729e-26,359052.7649,-0.02569621879,0.00242594947,3.23779238e-26,10.592231663423723
1,1:190078355:A:G,190078355,G,A,0.258978,0.0138424,0.0026886,2.62616e-07,360617.8069,0.01354871233,0.002702349713,5.339921559e-07,5.0136783795310365
1,1:190527038:T:A,190527038,A,T,0.205867,0.0174053,0.00291468,2.35125e-09,360180.9323,0.01898454209,0.002921868421,8.172105274e-11,6.497398018868558
1,1:190793857:T:G,190793857,G,T,0.0652071,-0.0360637,0.00477144,4.09513e-14,360451.9702,-0.0336768676,0.004820740031,2.831779456e-12,6.985829433539101
1,1:191089415:A:G,191089415,G,A,0.624141,-0.0159018,0.00243239,6.26279e-11,360412.5219,-0.01237975363,0.002464316096,5.071016171e-07,5.023606204615725
1,1:193257344:A:T,193257344,T,A,0.7792,-0.0183961,0.00284293,9.76065e-11,359744.8327,-0.01844085048,0.002843166414,8.813013062e-11,6.486025717381733
1,1:196592047:C:A,196592047,A,C,0.223268,-0.014845,0.00283408,1.62403e-07,359145.4683,-0.0147615508,0.002834566649,1.912036843e-07,5.207692260546314
1,1:198097358:A:T,198097358,T,A,0.802621,-0.0244748,0.00295825,1.30642e-16,360796.1193,-0.02427049057,0.00295925961,2.3732388479999997e-16,8.2015415234218
1,1:198520608:T:C,198520608,C,T,0.0853048,-0.0229919,0.00421253,4.81886e-08,361288.1859,-0.0221285305,0.004214249616,1.513720366e-07,5.250882723222155
1,1:201037135:A:G,201037135,G,A,0.0249036,-0.0523614,0.00755172,4.10641e-12,361215.3594,-0.05262560602,0.007552596088,3.217455788e-12,6.9678830175513555
1,1:201324523:T:G,201324523,G,T,0.828576,-0.0160205,0.00312745,3.01584e-07,360088.3603,-0.01640364261,0.003127713675,1.566121097e-07,5.2446113405825106
1,1:201683505:T:C,201683505,C,T,0.259469,-0.0157987,0.00268695,4.11164e-09,360608.4733,-0.01595798939,0.002687138751,2.873702671e-09,5.938654780688696
1,1:206972835:C:T,206972835,T,C,0.0245984,0.0430199,0.00760673,1.55508e-08,360330.1312,0.03996480631,0.007620977898,1.570876808e-07,5.244052252203501
1,1:207074919:G:T,207074919,T,G,0.174522,-0.0161149,0.00310542,2.11222e-07,360078.0111,-0.01592668011,0.003112457618,3.103096996e-07,5.117075335545983
1,1:207440648:A:T,207440648,T,A,0.0232124,-0.0487976,0.00782591,4.51138e-10,360237.3192,-0.04977055452,0.00783148593,2.081737476e-10,6.355186610160967
1,1:208517631:A:G,208517631,G,A,0.550064,-0.0130902,0.00236778,3.23248e-08,360530.4711,-0.01320504904,0.002367933495,2.452464304e-08,5.576613138790876
1,1:212122285:C:T,212122285,T,C,0.0134313,0.0521829,0.01023,3.38124e-07,360742.6397,0.05207782723,0.01023043491,3.57157704e-07,5.090480286336136
1,1:212314894:C:A,212314894,A,C,0.030775,0.0343565,0.00682204,4.75316e-07,360365.9071,0.03414830331,0.006822338868,5.575597595e-07,5.005366043919588
1,1:214903732:G:A,214903732,A,G,0.0238131,-0.0489421,0.00773562,2.50513e-10,359615.1265,-0.0491165597,0.007736102661,2.167110403e-10,6.349005675378536
1,1:220505781:T:C,220505781,C,T,0.0467022,-0.0849217,0.00557739,2.4650699999999997e-52,361009.5477,-0.08484214339,0.005579203843,3.184802761e-52,15.206854916485616
1,1:223266631:C:G,223266631,G,C,0.45568,-0.0179406,0.00236748,3.51926e-14,359806.7037,-0.01800074882,0.002367673282,2.8997819960000004e-14,7.602716538995856
1,1:227868427:C:T,227868427,T,C,0.150314,0.0208161,0.0032984,2.77621e-10,360008.5978,0.02070190962,0.003298609647,3.475055745e-10,6.275950123054981
1,1:230360134:C:G,230360134,G,C,0.111861,0.0339032,0.00373768,1.18866e-19,360381.4609,0.0338170573,0.00373859343,1.491239433e-19,9.045395797424273
1,1:230909359:A:T,230909359,T,A,0.207905,0.0404263,0.00290128,4.0447800000000003e-44,360720.0352,0.03632063966,0.002962845577,1.508984322e-34,12.258701547576472
1,1:230967244:A:G,230967244,G,A,0.0110741,0.111383,0.0112602,4.55061e-23,360199.4913,0.08166283463,0.01149853562,1.229460718e-12,7.102020407534295
1,1:233112457:C:G,233112457,G,C,0.613817,-0.0208483,0.00241923,6.857680000000001e-18,360536.8175,-0.02087104232,0.002419511318,6.345757298e-18,8.626139569891444
1,1:233990914:C:G,233990914,G,C,0.308777,0.0127316,0.00255129,6.0329e-07,360091.3126,0.0126712783,0.002551411733,6.821449213e-07,4.966379254320063
1,1:235532749:T:A,235532749,A,T,0.385441,-0.0182108,0.00241967,5.23885e-14,360681.1802,-0.01805837695,0.002419917745,8.496508701e-14,7.462392879804268
1,1:237695079:A:C,237695079,C,A,0.283798,-0.0128321,0.00261315,9.0848e-07,360431.5998,-0.01290775402,0.002613266437,7.839626524e-07,4.939318026376964
1,1:240224911:C:G,240224911,G,C,0.212767,-0.0308454,0.00287438,7.336e-27,361402.5083,-0.03075943954,0.002874864425,1.023951105e-26,10.699440040550781
1,1:243067576:C:G,243067576,G,C,0.0454452,-0.0360343,0.00564597,1.74644e-10,361751.6598,-0.03640285846,0.005646372739,1.139934196e-10,6.447122806569642
1,1:248581401:C:T,248581401,T,C,0.0832667,0.0289047,0.00425815,1.13807e-11,361421.3572,0.02898864718,0.004258422367,9.94005985e-12,6.807367771840373
17,17:344630:C:A,344630,A,C,0.269085,0.0294739,0.00265507,1.2535300000000001e-28,361056.1958,0.0274232376,0.002660912095,6.623125221e-25,10.305953981542558
17,17:632579:A:T,632579,T,A,0.698425,0.0144741,0.00256812,1.74101e-08,360451.8946,0.01496053285,0.002575112042,6.259876414e-09,5.809662883010199
17,17:824293:A:G,824293,G,A,0.293557,-0.0500403,0.00258988,3.90373e-83,359626.6582,-0.05009691998,0.002594375324,4.441194094e-83,19.309819792288465
17,17:4986208:A:G,4986208,G,A,0.0799759,-0.0490023,0.00433928,1.4421700000000002e-29,361313.6534,-0.04902943368,0.004340067368,1.358869559e-29,11.296929177068018
17,17:9336024:A:C,9336024,C,A,0.835639,-0.0179301,0.00317965,1.71129e-08,360592.6874,-0.01758996178,0.003179865781,3.17199859e-08,5.531667998411031
17,17:13314361:T:A,13314361,A,T,0.180155,-0.0159475,0.00306949,2.04312e-07,359822.4267,-0.01596440798,0.00306962993,1.984754588e-07,5.200759812763488
17,17:14555458:T:A,14555458,A,T,0.70313,-0.0166912,0.00257792,9.5128e-11,360944.2029,-0.01683480815,0.002578288606,6.601136839e-11,6.5294506250476765
17,17:14720049:A:T,14720049,T,A,0.686261,0.0163896,0.00254014,1.10349e-10,360419.2905,0.01604765773,0.002540569069,2.674491184e-10,6.316560303678956
17,17:14909373:T:A,14909373,A,T,0.511199,-0.0151539,0.00235685,1.28011e-10,360741.0678,-0.0151393922,0.002357388351,1.344039009e-10,6.422103593401527
17,17:15607045:C:T,15607045,T,C,0.466206,0.0142322,0.00245632,6.87484e-09,333477.2918,0.01421218509,0.002456549784,7.232912848e-09,5.785425226293724
17,17:16616368:A:C,16616368,C,A,0.605269,0.0157083,0.00240976,7.10655e-11,360896.7254,0.01575430734,0.002409975334,6.271309756e-11,6.537123894065548
17,17:17563994:G:C,17563994,C,G,0.266048,-0.0213616,0.00266894,1.21041e-15,359955.4577,-0.02120777545,0.002669219992,1.9370858530000002e-15,7.9453081849987885
17,17:20510931:A:C,20510931,C,A,0.146898,-0.035948,0.00347482,4.43216e-25,330833.5082,-0.03599924536,0.003475456537,3.843866346e-25,10.358134241285724
17,17:22128877:G:T,22128877,T,G,0.21009,0.0377412,0.00289067,5.97777e-39,360949.3319,0.03948916559,0.002913982821,7.75087178e-42,13.551612351801163
17,17:22440691:A:C,22440691,C,A,0.17482,0.0104315,0.00309985,0.000765087,361240.5863,0.01559759435,0.003124186827,5.959366248e-07,4.9925293248155675
11,11:4244259:T:A,4244259,A,T,0.213144,0.0141689,0.0028765,8.40792e-07,360517.5988,0.01415812156,0.0028766172,8.575380126e-07,4.921795489507607
11,11:7607810:G:C,7607810,C,G,0.0661214,0.0643647,0.00473442,4.38835e-42,361297.2725,0.06347758186,0.004739342182,6.577082562e-41,13.393753694571279
11,11:7767097:T:G,7767097,G,T,0.523361,-0.0137042,0.00236201,6.56051e-09,359465.9568,-0.01250914058,0.002364000504,1.213082324e-07,5.291513499609643
11,11:8971888:C:A,8971888,A,C,0.0122256,0.0578741,0.0107069,6.47419e-08,361378.4663,0.05786169572,0.01070758154,6.524142634e-08,5.4038062193454
11,11:11210416:G:C,11210416,C,G,0.22345,0.015555,0.00283311,4.01226e-08,359202.8125,0.01553977133,0.00283326821,4.140516431e-08,5.484751240688223
11,11:12234874:T:G,12234874,G,T,0.180864,0.0164241,0.0030595,7.95602e-08,360752.2717,0.0161522218,0.003059707348,1.298846172e-07,5.279008729562983
11,11:13254129:C:A,13254129,A,C,0.176614,-0.0203623,0.00308507,4.10923e-11,361444.676,-0.02086499055,0.003087658163,1.403489682e-11,6.7575455081230125
11,11:13767542:G:C,13767542,C,G,0.0581981,-0.0240956,0.00503083,1.67192e-06,360643.0348,-0.02529156587,0.00503489324,5.080232502e-07,5.023257627206411
11,11:15712221:A:T,15712221,T,A,0.205189,0.0176676,0.0029133,1.32511e-09,361426.7323,0.01747946043,0.002913522783,1.980178778e-09,5.999424659381495
11,11:17368369:C:A,17368369,A,C,0.1265,-0.0325203,0.00354652,4.77043e-20,359909.341,-0.03253614248,0.003547001412,4.606383858e-20,9.172858620784785
11,11:24065078:C:T,24065078,T,C,0.231488,-0.0229939,0.00279113,1.75372e-16,360937.4165,-0.022988939,0.002791454063,1.7885256209999999e-16,8.235471005850474
11,11:26025798:C:A,26025798,A,C,0.435897,-0.0116431,0.00237405,9.37917e-07,360995.574,-0.01163862465,0.002374196848,9.480243962e-07,4.902131286967323
11,11:29432080:T:C,29432080,C,T,0.0876842,-0.0326998,0.00416458,4.10987e-15,360553.4143,-0.03237399225,0.004165571851,7.737842089e-15,7.771800225274759
11,11:30533441:C:A,30533441,A,C,0.296469,-0.0231135,0.00258053,3.35511e-19,360143.6342,-0.0290964998,0.002742136848,2.652237714e-26,10.610885383500014
11,11:30581474:C:T,30581474,T,C,0.510534,0.00699697,0.00236004,0.00302936,359464.7286,0.01518440211,0.002508276363,1.415387832e-09,6.053719731201725
11,11:31255400:C:G,31255400,G,C,0.384696,0.0280404,0.00275538,2.5411e-24,278305.1155,0.03424531717,0.002967644935,8.335035009e-31,11.5395601293522
11,11:31778399:C:A,31778399,A,C,0.235564,-0.00606493,0.00306401,0.0477706,295949.0371,-0.0198316281,0.003298988697,1.838978791e-09,6.011426507169994
11,11:32526498:A:G,32526498,G,A,0.0987139,-0.0304832,0.00395696,1.32521e-14,359101.1197,-0.03034302567,0.003957448595,1.756269172e-14,7.667320229588477
11,11:33945294:C:G,33945294,G,C,0.0923597,-0.0200752,0.00406684,7.96488e-07,360838.6434,-0.02046666792,0.004067109743,4.847845751e-07,5.032238914926176
11,11:36316277:C:A,36316277,A,C,0.579124,-0.0135385,0.0023878,1.43031e-08,359991.6495,-0.01330160909,0.00238803551,2.545855209e-08,5.570105232647902
11,11:36901491:A:C,36901491,C,A,0.349484,0.0159638,0.00247005,1.02831e-10,360666.4641,0.01567495088,0.002470317125,2.219646207e-10,6.345319279604638
11,11:37983761:A:G,37983761,G,A,0.185993,0.0333124,0.00302874,3.91436e-28,360129.1202,0.03326228192,0.003029317261,4.762648113e-28,10.980124910726541
11,11:42096161:C:T,42096161,T,C,0.324229,0.0143091,0.00251412,1.26041e-08,361235.5369,0.01396296519,0.002514296707,2.80121423e-08,5.553427784050309
11,11:43839713:A:T,43839713,T,A,0.299001,0.0353176,0.00256736,4.78136e-43,361961.3881,0.03526291974,0.002568057834,6.588749437e-43,13.731357321137342
11,11:49714506:T:A,49714506,A,T,0.309461,-0.0193223,0.00292629,4.03528e-11,273372.6661,-0.01932820482,0.002926527268,3.989021694e-11,6.6044847869157115
21,21:15362134:A:G,15362134,G,A,0.69783,0.0128595,0.00256458,5.32646e-07,360897.2477,0.01329440839,0.002565804816,2.202508966e-07,5.1813794670186635
21,21:15535823:C:T,15535823,T,C,0.382903,0.0151692,0.00262602,7.6333e-09,307158.1752,0.01558031629,0.002627333777,3.027753245e-09,5.930086396479956
21,21:17151300:T:A,17151300,A,T,0.230541,-0.0150189,0.00279665,7.86544e-08,360746.9745,-0.01520363726,0.002796921321,5.453664046e-08,5.435847317494134
21,21:17774631:C:A,17774631,A,C,0.285969,-0.0126178,0.00260903,1.3239e-06,360101.5031,-0.0128104949,0.002609278106,9.126536421e-07,4.909593527245118
21,21:23953404:A:T,23953404,T,A,0.110784,0.0188081,0.00375033,5.3045e-07,361238.3022,0.01880908119,0.003750489697,5.300586695e-07,5.0151000828092664
21,21:25536165:C:A,25536165,A,C,0.0139932,-0.0511147,0.0101263,4.4737e-07,353767.1668,-0.0509239513,0.01012669598,4.938581738e-07,5.028683728688377
21,21:26575439:C:A,26575439,A,C,0.727767,-0.0148721,0.00264885,1.97214e-08,360048.8513,-0.01485406295,0.002648973258,2.05294448e-08,5.6074793904167075
21,21:37525928:C:T,37525928,T,C,0.320041,0.0309168,0.00252596,1.93952e-34,360350.8201,0.03137739281,0.002526592673,2.064908039e-35,12.418856883940627
21,21:37794816:A:G,37794816,G,A,0.230997,-0.0539973,0.00279384,3.49206e-83,360628.6762,-0.05432296402,0.002795405702,4.063679429e-84,19.432944556539365
7,7:1968327:T:C,1968327,C,T,0.865826,0.0176872,0.00345821,3.14637e-07,360218.105,0.01757749421,0.003458376302,3.723310763e-07,5.082585778717841
7,7:3477859:A:G,3477859,G,A,0.359143,0.0151121,0.00245476,7.45731e-10,360833.2581,0.01527579214,0.00245492896,4.892989945e-10,6.222498650225708
7,7:4846091:A:C,4846091,C,A,0.359033,-0.0138018,0.00245541,1.9003e-08,360697.1143,-0.01395009099,0.002455573387,1.339163086e-08,5.680991276356425
7,7:8871868:C:G,8871868,G,C,0.282719,0.0152399,0.00261921,5.94252e-09,359726.9341,0.01529277492,0.002619343996,5.270487142e-09,5.838398829383844
7,7:9616711:A:G,9616711,G,A,0.166565,-0.0222753,0.00315832,1.75537e-12,361385.9512,-0.02217823525,0.003158606254,2.194583066e-12,7.02152578274481
7,7:11789358:G:A,11789358,A,G,0.875066,0.033002,0.00356253,1.98576e-20,360625.9204,0.0320259028,0.003564180785,2.575891972e-19,8.985487754937212
7,7:11839150:T:C,11839150,C,T,0.348454,0.0239035,0.002474,4.40347e-22,360077.7473,0.02347810201,0.002475167509,2.4131671889999998e-21,9.485459842467575
7,7:12938989:C:A,12938989,A,C,0.224396,-0.0294197,0.00282402,2.07618e-25,360476.8407,-0.0294871207,0.002824469901,1.6302036710000001e-25,10.439877829662878
7,7:18551277:T:C,18551277,C,T,0.393837,0.0123772,0.00241146,2.85805e-07,360496.4471,0.01232497702,0.002411553516,3.207909008e-07,5.110803860759108
7,7:25555043:G:T,25555043,T,G,0.0517301,0.0298597,0.00531176,1.89517e-08,361583.5458,0.02995225605,0.005312006947,1.714431846e-08,5.638595044932271
7,7:29256548:A:G,29256548,G,A,0.0491828,-0.0301414,0.00544149,3.04085e-08,361423.1509,-0.0302614337,0.005441767075,2.682990239e-08,5.560957182277045
7,7:30475911:G:T,30475911,T,G,0.48768,0.0165046,0.00235557,2.44536e-12,360970.2752,0.01605710689,0.002357564213,9.69978192e-12,6.810888459138652
7,7:30662435:T:C,30662435,C,T,0.0711673,0.0261447,0.00457775,1.1223e-08,361274.6153,0.02501426998,0.004581502779,4.765651273e-08,5.459839530089696
7,7:32581743:G:A,32581743,A,G,0.442745,0.0188301,0.00237245,2.07702e-15,360347.1537,0.01880684772,0.002372669358,2.254973209e-15,7.926451132598139
7,7:36650098:T:A,36650098,A,T,0.0306945,0.0531081,0.00682819,7.40033e-15,360739.3596,0.05335737746,0.006828836284,5.560427367e-15,7.813538828719122
7,7:38602066:A:G,38602066,G,A,0.796552,-0.0230248,0.00293097,3.98654e-15,359446.229,-0.02357885745,0.002931834658,8.812756867999999e-16,8.042355794403738
7,7:38665923:T:A,38665923,A,T,0.503224,0.016342,0.0023552,3.96392e-12,360880.4152,0.01673549265,0.00235584513,1.213575415e-12,7.103816985626724
7,7:42018376:G:T,42018376,T,G,0.212933,-0.0160481,0.00287664,2.42389e-08,360857.408,-0.01614903598,0.00287679464,1.98215129e-08,5.613551887040502
7,7:45608044:T:C,45608044,C,T,0.0720539,-0.0257017,0.00455597,1.68877e-08,360594.0079,-0.02583536175,0.004556203956,1.424895421e-08,5.670369895530639
7,7:52067472:A:T,52067472,T,A,0.314053,0.013912,0.00254317,4.49537e-08,359185.1066,0.01427488886,0.002544914846,2.032859343e-08,5.609181337613997
7,7:52909645:C:G,52909645,G,C,0.393786,-0.0158681,0.00242385,5.89225e-11,356819.7835,-0.01534984845,0.00242780125,2.573135287e-10,6.322530911457434
7,7:53100024:C:T,53100024,T,C,0.729007,-0.0177141,0.00264688,2.19799e-11,361565.2747,-0.01785128085,0.002649984376,1.623900908e-11,6.736372112859582
7,7:53507507:G:T,53507507,T,G,0.367441,0.0344255,0.0024475,6.350489999999999e-45,359273.8856,0.03454599192,0.00244879052,3.421040743e-45,14.10736918403294
7,7:57587944:G:C,57587944,C,G,0.134614,0.017414,0.00345487,4.64702e-07,359918.8729,0.01750657745,0.003455008526,4.04104032e-07,5.067014254308674
20,20:32423740:G:A,32423740,A,G,0.326534,0.0206282,0.00251521,2.3842e-16,359791.6695,0.02056345501,0.00251544902,2.9619845569999996e-16,8.174864545654756
20,20:37318391:A:G,37318391,G,A,0.264147,0.0151664,0.00267446,1.42216e-08,360061.8629,0.0153845116,0.002674605959,8.815905357e-09,5.752066598158655
20,20:38360016:C:T,38360016,T,C,0.462106,0.0432821,0.00236464,8.32887e-75,359875.5775,0.0433623304,0.002365765414,4.849382576999999e-75,18.329091355969922
20,20:42447427:A:C,42447427,C,A,0.243417,-0.0173797,0.00274556,2.45272e-10,360584.6616,-0.0174825933,0.002745730362,1.925197094e-10,6.367192329572237
20,20:45345844:A:T,45345844,T,A,0.688573,-0.0129714,0.00254521,3.46336e-07,360362.9029,-0.01292315861,0.002545593545,3.840910796e-07,5.076677946242985
20,20:45919360:A:C,45919360,C,A,0.744396,0.0162896,0.00270395,1.69923e-09,359842.1912,0.01596319838,0.002704450307,3.578893067e-09,5.902566720742487
20,20:46621422:G:A,46621422,A,G,0.0168304,-0.0479253,0.00915418,1.64763e-07,361019.0533,-0.04836537369,0.009155028989,1.271342517e-07,5.282929606024429
20,20:51765798:G:C,51765798,C,G,0.469468,-0.0150176,0.00236142,2.02565e-10,360422.6588,-0.01502372362,0.002361555859,1.994153236e-10,6.361790496186607
20,20:56924664:T:C,56924664,C,T,0.521252,0.0126821,0.0023564,7.37219e-08,361274.5043,0.01274213091,0.002356515292,6.402046224e-08,5.407192116791067
20,20:58081755:C:G,58081755,G,C,0.0162768,-0.051723,0.00930007,2.67547e-08,361470.8915,-0.05160502654,0.009300582032,2.87998551e-08,5.548580332117434
20,20:61640176:G:A,61640176,A,G,0.445513,0.013729,0.00236888,6.81439e-09,361115.8931,0.01367569653,0.002368996254,7.797376363e-09,5.772780985579389
20,20:64096271:G:C,64096271,C,G,0.176822,-0.0542127,0.0030862,4.78455e-69,360807.3881,-0.0533101067,0.003091403171,1.2279440520000002e-66,17.244630917149305
20,20:64157125:A:G,64157125,G,A,0.0231,0.0511796,0.00784432,6.83597e-11,360496.3716,0.04426640473,0.007854667388,1.743672526e-08,5.635681632761202
9,9:424851:T:G,424851,G,T,0.0180763,0.0556415,0.00883813,3.06537e-10,361064.4833,0.0555940722,0.008838623332,3.176669985e-10,6.289901731497386
9,9:3347074:A:C,3347074,C,A,0.216651,-0.0162147,0.00286123,1.45412e-08,360313.2711,-0.01621548099,0.00286136258,1.452780908e-08,5.667048665325035
9,9:9319334:G:A,9319334,A,G,0.535878,-0.0150888,0.00236559,1.79109e-10,359678.3881,-0.01507396186,0.002365726062,1.868077163e-10,6.3718120631669315
9,9:11876424:A:T,11876424,T,A,0.126621,-0.0303095,0.00354292,1.18371e-17,360596.2316,-0.03032440229,0.003543295781,1.1459613229999999e-17,8.558247508606733
9,9:12546185:T:G,12546185,G,T,0.371478,0.0132912,0.00243769,4.97398e-08,360822.9737,0.01320172997,0.002437798007,6.114081619e-08,5.415432259806585
9,9:19152610:T:A,19152610,A,T,0.112421,-0.0183323,0.0037262,8.66626e-07,361347.1371,-0.01846947012,0.003726344319,7.178977683e-07,4.956458270865442
9,9:24132554:T:A,24132554,A,T,0.296383,0.0412185,0.00259383,7.65126e-57,356582.832,0.04125041173,0.002594763762,6.5881546e-57,15.89755966770743
9,9:29338358:T:A,29338358,A,T,0.547994,0.0154148,0.00239418,1.20852e-10,352578.532,0.01553397812,0.002395529085,8.898468952e-11,6.484570868819152
9,9:29797316:G:C,29797316,C,G,0.385265,0.0288841,0.00242005,7.85734e-33,360805.2824,0.02811873521,0.00242500848,4.352654261e-31,11.595314178035368
9,9:30233089:A:C,30233089,C,A,0.649388,-0.0183519,0.00246842,1.05067e-13,360831.8163,-0.01633373214,0.002473398125,4.008533354e-11,6.603761834743043
9,9:31486711:G:C,31486711,C,G,0.418444,0.012394,0.00238565,2.04566e-07,361464.5604,0.01218640582,0.002385814356,3.258278417e-07,5.107860043407333
9,9:36784059:C:G,36784059,G,C,0.244702,0.0135412,0.00274206,7.88271e-07,360247.8007,0.01350025007,0.002742172268,8.514233183e-07,4.923195463517101
2,2:96875429:A:C,96875429,C,A,0.47184,-0.016151,0.00251676,1.38806e-10,316824.9094,-0.01574477168,0.002517416083,3.992049818e-10,6.254338242423948
2,2:97201902:T:A,97201902,A,T,0.320682,0.0437254,0.00324218,1.92446e-41,218241.0838,0.043283374,0.003244029548,1.310406655e-40,13.342472181452523
2,2:100542564:G:C,100542564,C,G,0.568644,0.012933,0.00237869,5.4207e-08,360356.0743,0.01295952925,0.002378975995,5.107577451e-08,5.447524177308901
2,2:108418049:A:G,108418049,G,A,0.0572047,0.057336,0.00506679,1.1057400000000001e-29,361119.1865,0.05762399604,0.005067748494,5.849679758e-30,11.370729251505747
2,2:110528675:T:C,110528675,C,T,0.032315,-0.106768,0.0066625,8.918269999999999e-58,360078.5318,-0.1065328994,0.006665007207,1.654257815e-57,15.983913608992442
2,2:113503590:A:C,113503590,C,A,0.146561,0.0183294,0.00332624,3.57983e-08,361397.3041,0.01800509972,0.003326476595,6.209398089e-08,5.412663881977502
2,2:115244151:C:T,115244151,T,C,0.0171842,-0.0425108,0.00906517,2.74022e-06,360362.5192,-0.0510625249,0.009110807466,2.087241011e-08,5.604610248933122
2,2:115487321:A:C,115487321,C,A,0.621381,0.0305858,0.00242758,2.16871e-36,360595.9542,0.03200435782,0.002440463444,2.735917073e-39,13.114049259243895
2,2:116476472:A:C,116476472,C,A,0.0221774,-0.0446396,0.00800212,2.42814e-08,360164.6861,-0.05721430225,0.008038760809,1.100587829e-12,7.117303724965205
2,2:116695959:C:G,116695959,G,C,0.135084,-0.0289519,0.00344813,4.61974e-17,359989.0766,-0.02413324198,0.00347829344,3.970089403e-12,6.938242099550981
2,2:116779698:C:A,116779698,A,C,0.088013,0.0451662,0.00415823,1.76823e-27,360267.2494,0.0452581749,0.004202874892,4.8544152449999996e-27,10.768384989557289
2,2:117622192:T:A,117622192,A,T,0.0440717,0.0330238,0.00573711,8.61112e-09,360668.4039,0.03383497759,0.005738121267,3.712357168e-09,5.89652536355154
2,2:118490413:T:A,118490413,A,T,0.467689,-0.0170099,0.00236023,5.73678e-13,360599.9577,-0.01751452334,0.002361101442,1.189504463e-13,7.417946145153386
2,2:118830871:T:C,118830871,C,T,0.0608258,-0.0601215,0.00493625,4.054710000000001e-34,359179.7709,-0.06014437041,0.004939835966,4.204414482e-34,12.175378053838804
2,2:119086541:C:T,119086541,T,C,0.826213,-0.0255387,0.00311038,2.20427e-16,359999.5325,-0.0245055923,0.003111708207,3.399640995e-15,7.875286071127427
2,2:124928190:C:T,124928190,T,C,0.777678,0.0161844,0.0028385,1.18689e-08,359021.2044,0.01678841898,0.002840204959,3.400606826e-09,5.910988545668546
2,2:126115147:A:G,126115147,G,A,0.0132912,-0.0563441,0.0102789,4.21985e-08,360941.5174,-0.05869273793,0.01028490587,1.151963823e-08,5.706686932468737
2,2:133672944:A:G,133672944,G,A,0.318735,0.0211424,0.00253109,6.67521e-17,359479.5396,0.02106296633,0.002531387936,8.743170284e-17,8.320718460593943
2,2:136935508:C:A,136935508,A,C,0.315572,-0.0225871,0.00253606,5.29636e-19,359980.1089,-0.02259239699,0.002536405976,5.231495498e-19,8.907247973618558
2,2:139486117:C:A,139486117,A,C,0.109669,-0.0420637,0.00377142,6.977320000000001e-29,360018.0363,-0.04341651922,0.003776254395,1.3619453220000001e-30,11.497244273978527
2,2:139929110:A:G,139929110,G,A,0.723838,-0.0197411,0.00263266,6.46659e-14,360958.2509,-0.02124616377,0.00263576641,7.58490275e-16,8.060715733151785
2,2:141982728:A:T,141982728,T,A,0.583705,-0.017523,0.00238985,2.26764e-13,360345.2368,-0.01782557617,0.002390861224,8.938282273000001e-14,7.455713443784556
2,2:142183766:C:T,142183766,T,C,0.572929,0.0146167,0.00238556,8.95537e-10,359163.757,0.01505946463,0.002386886314,2.803892531e-10,6.309250902177656
2,2:143102471:T:A,143102471,A,T,0.0895072,-0.0291089,0.00412628,1.73504e-12,360418.9609,-0.02951273206,0.00412848017,8.768613536e-13,7.148570622781992
2,2:143383343:A:C,143383343,C,A,0.0338633,-0.0411738,0.00650888,2.5223e-10,360820.264,-0.04265078524,0.00651169026,5.758360572e-11,6.5498792996950685
2,2:146277186:T:C,146277186,C,T,0.116434,0.0219115,0.00367107,2.39359e-09,360721.8379,0.02198757528,0.003671440883,2.113771804e-09,5.98881365128602
2,2:147676500:G:C,147676500,C,G,0.114556,0.0178343,0.00369167,1.35933e-06,361798.5042,0.02240984853,0.00371326099,1.588782859e-09,6.035085761639394
2,2:148166450:T:C,148166450,C,T,0.262516,0.0264746,0.00267721,4.6834600000000004e-23,360353.1915,0.02809947194,0.002693089557,1.7358243580000002e-25,10.433916639334397
2,2:150169931:G:A,150169931,A,G,0.16635,0.0166998,0.00316297,1.294e-07,360486.6469,0.016624458,0.003163151375,1.474920643e-07,5.255663112234077
2,2:155580267:T:A,155580267,A,T,0.0195399,0.10347,0.00849921,4.34017e-34,361270.0475,0.1052825918,0.008504771966,3.3854395289999996e-35,12.37923747055113
2,2:156209012:T:A,156209012,A,T,0.168623,-0.0438314,0.00314182,3.18773e-44,361250.2278,-0.04467076979,0.00314351746,7.892676532e-46,14.21044112476474
2,2:156616725:C:A,156616725,A,C,0.661593,-0.0135375,0.00248696,5.23074e-08,361173.6016,-0.01264037124,0.002487615979,3.748223394e-07,5.081319362276053
2,2:164115955:A:G,164115955,G,A,0.0318807,-0.0504809,0.00670901,5.31073e-14,359979.3331,-0.05229142127,0.006718764643,7.088500456e-15,7.7828922500627025
2,2:164312653:T:A,164312653,A,T,0.109719,-0.0181037,0.00377031,1.57439e-06,360187.475,-0.01988976504,0.003775626396,1.379648283e-07,5.26793780790169
2,2:167061063:C:T,167061063,T,C,0.359691,-0.0395264,0.00245639,3.0788299999999997e-58,359660.8004,-0.03955177138,0.002457275271,2.730913396e-58,16.095783751530703
2,2:172817100:A:T,172817100,T,A,0.317036,-0.0202057,0.00252914,1.36261e-15,361069.3061,-0.02022444503,0.002529373423,1.287017433e-15,7.995832029425099
2,2:178877742:G:A,178877742,A,G,0.138761,0.030704,0.00340768,2.06538e-19,360340.366,0.02984769727,0.003409487763,2.053642384e-18,8.754305439635038
2,2:179147690:A:C,179147690,C,A,0.448228,0.0187457,0.0023684,2.48101e-15,360475.0874,0.0182265799,0.002369592959,1.4501000070000003e-14,7.691861098241895
2,2:183613091:A:G,183613091,G,A,0.678459,0.0368769,0.00252279,2.24161e-48,360030.7821,0.03661231423,0.002523601433,1.0787799219999999e-47,14.50796221274772
2,2:186461792:G:T,186461792,T,G,0.450423,0.0189734,0.00238319,1.70669e-15,355693.2796,0.01993705608,0.002392139907,7.789073180999999e-17,8.334402190130763
2,2:186758446:G:C,186758446,C,G,0.409236,0.0129372,0.00264932,1.04421e-06,294732.4222,0.0146350582,0.002659120452,3.718569787e-08,5.503721423748427
2,2:189438789:C:T,189438789,T,C,0.087039,-0.0211971,0.00417858,3.92184e-07,360466.4972,-0.02114160537,0.004178759071,4.207933078e-07,5.059302297832811
2,2:191603754:C:T,191603754,T,C,0.329826,0.0309959,0.0025044,3.55943e-35,360624.4625,0.03090532308,0.002504937672,5.671085141999999e-35,12.337761304585467
2,2:202315111:A:T,202315111,T,A,0.496093,0.0119574,0.00235829,3.97214e-07,359733.205,0.01217351125,0.002358695645,2.454767655e-07,5.161119992655941
2,2:203635684:A:G,203635684,G,A,0.361132,0.0133159,0.00245206,5.62334e-08,360532.6936,0.01354776816,0.00245249316,3.312167231e-08,5.524079895904786
2,2:205856603:C:G,205856603,G,C,0.0105982,-0.0576079,0.0114978,5.43546e-07,360790.3766,-0.05760012429,0.01149823718,5.457889818e-07,5.0094743557899015
2,2:207592188:G:T,207592188,T,G,0.0944241,0.0269843,0.0040301,2.1497e-11,360102.4284,0.02708226091,0.004030361449,1.822724628e-11,6.719561322898114
2,2:213562210:T:A,213562210,A,T,0.198959,0.0193038,0.00294992,6.00365e-11,360602.7948,0.01933167363,0.002950123379,5.645464099e-11,6.552835643285142
2,2:216745495:G:T,216745495,T,G,0.225549,-0.0241552,0.0028163,9.7827e-18,360942.7165,-0.02424114921,0.002816612238,7.533075031e-18,8.606491473321505
2,2:218112753:T:C,218112753,C,T,0.122422,-0.0201271,0.0035949,2.16009e-08,360215.8793,-0.02005612031,0.003595060829,2.421854533e-08,5.578798597290717
2,2:219995952:A:C,219995952,C,A,0.329686,-0.0154178,0.00250497,7.52206e-10,360653.3748,-0.01546266986,0.002505110292,6.723948248e-10,6.172450733757953
2,2:221915764:G:A,221915764,A,G,0.653102,-0.0157365,0.00247863,2.17163e-10,359306.0604,-0.01568953618,0.002478780194,2.458945693e-10,6.329539108783117
2,2:223785188:A:T,223785188,T,A,0.673013,-0.0134811,0.00251139,7.96709e-08,360331.7083,-0.0134770614,0.002511509308,8.0448239e-08,5.366120426896702
2,2:231854775:T:C,231854775,C,T,0.271997,0.0147998,0.00264429,2.18394e-08,361215.4836,0.01482304091,0.002644439532,2.078201302e-08,5.605362017406113
2,2:232045199:G:C,232045199,C,G,0.561522,0.017164,0.00236941,4.36534e-13,361794.0834,0.01793896962,0.002370323088,3.785657212e-14,7.568153772292833
2,2:232754193:G:C,232754193,C,G,0.494482,-0.0252081,0.00235459,9.63212e-27,360797.7523,-0.02557411291,0.002355707422,1.8627196949999998e-27,10.856234807074442
2,2:233861465:A:G,233861465,G,A,0.224543,0.0198128,0.002826,2.37216e-12,359632.1945,0.020125476,0.002826248395,1.07212513e-12,7.120915499007298
2,2:238653961:T:A,238653961,A,T,0.0399914,-0.0388225,0.00600682,1.02734e-10,361025.8129,-0.03930357178,0.006007248018,6.04213064e-11,6.542691705458398
2,2:239774367:A:C,239774367,C,A,0.212584,0.0156524,0.00288172,5.58827e-08,359787.0194,0.01577370379,0.00288185467,4.413433181e-08,5.473455672211257
2,2:240855612:G:A,240855612,A,G,0.221307,-0.0308673,0.00283634,1.4062299999999999e-27,360660.7454,-0.03076858262,0.002836955565,2.0917977239999997e-27,10.845634312922346
2,2:241315015:C:A,241315015,A,C,0.311895,-0.0150693,0.00254198,3.06617e-09,360636.5715,-0.0149315329,0.002542221364,4.268959998e-09,5.8734196445058275
18,18:697676:C:A,697676,A,C,0.323438,-0.0168493,0.00252148,2.35538e-11,359995.0049,-0.01459068584,0.002552332209,1.086706341e-08,5.7166092205985235
18,18:780760:A:G,780760,G,A,0.0543675,-0.0357051,0.00519927,6.55174e-12,360376.7085,-0.0309432784,0.005262872435,4.114037366e-09,5.879541786765729
18,18:1696680:T:C,1696680,C,T,0.378278,-0.0132053,0.00242945,5.46822e-08,360828.8288,-0.01288272848,0.002430410238,1.153977594e-07,5.300639488171873
18,18:2003791:A:C,2003791,C,A,0.628661,0.0151654,0.00244335,5.41369e-10,359380.9421,0.01504025407,0.002445508049,7.740715867e-10,6.15015521055028
18,18:2097221:A:C,2097221,C,A,0.0824288,-0.0205661,0.00428109,1.55632e-06,361330.6745,-0.02163975249,0.004283488199,4.374375413e-07,5.0518996398897285
18,18:2512125:G:C,2512125,C,G,0.966676,0.0324139,0.00656068,7.79054e-07,361239.2385,0.03273332371,0.006560937037,6.065393243e-07,4.989123280013577
18,18:5402833:T:C,5402833,C,T,0.773708,0.0493697,0.00282721,2.96042e-68,357624.673,0.04920029084,0.00282846357,9.049061853e-68,17.394705507909368
18,18:6288137:G:T,6288137,T,G,0.47608,-0.0222695,0.0023594,3.79755e-21,360665.5918,-0.02219963985,0.002359755509,5.075863419e-21,9.407601662685641
18,18:8588701:C:A,8588701,A,C,0.460912,-0.0128314,0.00236244,5.59392e-08,361181.3454,-0.01284072395,0.002362552441,5.476373636e-08,5.4351064243741805
18,18:9487355:A:G,9487355,G,A,0.219908,0.0145407,0.00284752,3.28439e-07,360087.6054,0.01470334353,0.002847684248,2.42681417e-07,5.163263286765914
12,12:41446435:A:C,41446435,C,A,0.510926,0.0220917,0.00235961,7.83525e-21,359545.3199,0.01888758572,0.002380655172,2.125807566e-15,7.933776357931102
12,12:41721898:C:A,41721898,A,C,0.120533,-0.0268017,0.00361824,1.29087e-13,360484.158,-0.02372131909,0.003641973152,7.351002897e-11,6.513315200298325
12,12:42402580:G:T,42402580,T,G,0.342086,0.0213915,0.00248271,6.94983e-18,360600.8287,0.02039495822,0.002489075556,2.531300836e-16,8.193788320662774
12,12:43787643:A:T,43787643,T,A,0.08667,-0.0273477,0.0041824,6.21099e-11,361304.6028,-0.02634526881,0.004187880691,3.157616687e-10,6.290835569078537
12,12:44307258:G:C,44307258,C,G,0.621998,-0.0269381,0.00243135,1.59501e-28,359870.6058,-0.0267374418,0.002434545597,4.638104341e-28,10.98251839396541
12,12:45442248:A:G,45442248,G,A,0.495938,0.0150998,0.00236682,1.77551e-10,357257.4285,0.01595979767,0.002368287529,1.595230358e-11,6.738961158461601
12,12:46625982:C:A,46625982,A,C,0.191874,-0.0143187,0.00299262,1.71347e-06,360285.3365,-0.01474799191,0.002993044694,8.332200496e-07,4.9274212107706
12,12:48025165:T:C,48025165,C,T,0.567668,0.0135047,0.00237736,1.34359e-08,360688.2442,0.01364475762,0.002377788759,9.556221351e-09,5.7384229647626155
12,12:48596489:C:T,48596489,T,C,0.0485197,0.028711,0.00547915,1.60618e-07,360990.037,0.0302531483,0.005482640283,3.429010573e-08,5.517988913809614
12,12:49268406:T:A,49268406,A,T,0.0958739,0.0232432,0.00400285,6.37847e-09,360216.7115,0.0239622483,0.004005151255,2.192568928e-09,5.9828572691445085
12,12:49951050:T:C,49951050,C,T,0.159519,-0.0233413,0.00321826,4.09208e-13,360268.7219,-0.02346326462,0.00321864073,3.104030105e-13,7.2898054142252775
12,12:51946547:A:G,51946547,G,A,0.13855,0.0310469,0.00341004,8.70325e-20,360426.8332,0.03102054648,0.003410741243,9.462351201e-20,9.094957450573157
12,12:52394657:A:G,52394657,G,A,0.461776,-0.0360347,0.00236251,1.6406899999999999e-52,360454.6203,-0.03649495822,0.002364233349,9.333622418e-54,15.436275880059078
12,12:52716739:G:T,52716739,T,G,0.59551,0.0108426,0.00240313,6.42845e-06,359663.6791,0.01184756064,0.002404071226,8.302300486e-07,4.9281238059292
12,12:56631261:T:C,56631261,C,T,0.0151655,-0.116059,0.00963322,2.0227600000000002e-33,360856.8373,-0.1162174767,0.009635531404,1.689984648e-33,12.061345848735922
12,12:57904934:C:A,57904934,A,C,0.736355,-0.0157954,0.00267041,3.32236e-09,361383.0847,-0.0160423644,0.002670622533,1.890159454e-09,6.006975602792908
12,12:62253171:C:A,62253171,A,C,0.291212,-0.0157092,0.00259513,1.42021e-09,359902.1703,-0.01543272194,0.002595311522,2.74128685e-09,5.946385167707047
12,12:64333771:C:A,64333771,A,C,0.353147,-0.0127387,0.00246634,2.40557e-07,360058.7356,-0.01242579127,0.002466475028,4.707302885e-07,5.03787434656322
12,12:65771947:T:A,65771947,A,T,0.400554,0.0147813,0.00240111,7.46779e-10,361402.9929,0.01493326434,0.002401263147,5.005871972e-10,6.218920387237342
12,12:66111314:T:C,66111314,C,T,0.15066,0.0351867,0.00329538,1.30778e-26,359951.8908,0.03512871576,0.003295969256,1.598574665e-26,10.658083565570733
12,12:69951090:G:A,69951090,A,G,0.105758,0.0349643,0.00383544,7.825209999999999e-20,359561.7598,0.0349240123,0.003835888992,8.663120624000001e-20,9.10454196480564
12,12:71672553:T:C,71672553,C,T,0.317946,0.0159757,0.0025285,2.64841e-10,360849.7862,0.0156888706,0.002529255032,5.541053644e-10,6.202961109696431
12,12:72323465:G:A,72323465,A,G,0.164877,-0.0214225,0.00317617,1.53516e-11,360163.4911,-0.02059339249,0.003177280789,9.084415296e-11,6.481451863271251
12,12:73056988:T:C,73056988,C,T,0.474935,-0.027715,0.00236051,7.953940000000001e-32,359954.2556,-0.02668115105,0.002361618064,1.345059106e-29,11.297826459206826
12,12:75604887:C:G,75604887,G,C,0.0228336,0.137552,0.00791708,1.38136e-67,357464.5541,0.1352688846,0.007922336383,2.303071225e-65,17.07436771938443
12,12:82682697:T:C,82682697,C,T,0.83112,-0.0200272,0.00314381,1.88787e-10,360636.0475,-0.0198117388,0.003144037304,2.950283216e-10,6.301368872053307
12,12:83204636:T:A,83204636,A,T,0.636921,-0.024846,0.00246738,7.56585e-24,355295.6147,-0.02480422656,0.002467906193,9.120147116000001e-24,10.050716931767917
12,12:83924312:A:T,83924312,T,A,0.00544688,-0.0796736,0.0159839,6.21111e-07,361494.2439,-0.08054950842,0.01598672895,4.691369927e-07,5.038523432274743
12,12:85343036:A:G,85343036,G,A,0.34654,-0.038674,0.00251832,3.3016e-53,348164.3411,-0.03886891212,0.00251954143,1.07799767e-53,15.426978757797206
12,12:86086665:C:T,86086665,T,C,0.355776,0.016368,0.00253151,1.00942e-10,340601.4275,0.01699916591,0.002532036865,1.898375971e-11,6.713632864109187
12,12:89170894:C:A,89170894,A,C,0.251801,0.015825,0.0027178,5.79373e-09,359519.1473,0.01565934431,0.002718000649,8.344539062e-09,5.7613467884054215
12,12:90787921:T:A,90787921,A,T,0.358555,0.0231082,0.00246181,6.22817e-21,358873.7225,0.02499962225,0.002467061924,3.929182989e-24,10.133358229398054
12,12:91250966:A:C,91250966,C,A,0.886986,0.0351236,0.00371903,3.59887e-21,360791.9254,0.03735501633,0.003726961797,1.208856383e-23,10.022913666587282
12,12:93209727:T:G,93209727,G,T,0.136164,0.0259768,0.00343354,3.86978e-14,360766.1784,0.02600280238,0.003433891589,3.663898373e-14,7.572400498401407
12,12:94566780:C:G,94566780,G,C,0.014999,0.0561049,0.0096892,7.02536e-09,360709.3104,0.05621303016,0.009689730014,6.58027732e-09,5.801299941152314
12,12:98254765:G:T,98254765,T,G,0.520872,-0.0121209,0.00235522,2.65647e-07,361405.8552,-0.01201945705,0.002355331131,3.341592605e-07,5.103085885379061
12,12:99585487:A:G,99585487,G,A,0.129974,0.0293942,0.0035012,4.65696e-17,360881.9554,0.02939867967,0.003501568539,4.624959664e-17,8.395860124558881
12,12:107001676:C:A,107001676,A,C,0.0320209,0.03869,0.0066913,7.38178e-09,360505.3762,0.03892933298,0.006691820329,5.975197687e-09,5.817450419476138
12,12:108938789:G:A,108938789,A,G,0.0101002,-0.069016,0.0117594,4.38836e-09,361859.2331,-0.06966400485,0.01176045256,3.150035812e-09,5.923581979059486
12,12:111100029:A:T,111100029,T,A,0.0182192,0.0400713,0.0088106,5.41574e-06,360323.6768,0.04571976256,0.008850828365,2.396799161e-07,5.165591363266708
12,12:112040679:T:A,112040679,A,T,0.209388,-0.0188857,0.00292457,1.06509e-10,353331.2726,-0.02036362955,0.002937999623,4.175200686e-12,6.931120545620303
12,12:123294629:A:C,123294629,C,A,0.13181,0.0206538,0.00348441,3.07879e-09,360087.8963,0.0205506009,0.003484585633,3.688853197e-09,5.89757379051904
12,12:127663460:C:G,127663460,G,C,0.0112697,0.100909,0.0111649,1.60256e-19,360142.3307,0.1011339113,0.01116633537,1.340422834e-19,9.057036883533975
12,12:127901045:T:C,127901045,C,T,0.480199,-0.0190431,0.00235701,6.53055e-16,360755.3246,-0.01924386887,0.002357301875,3.2541391069999995e-16,8.163514853183578
12,12:128303336:C:G,128303336,G,C,0.542686,-0.0233164,0.00236325,5.869360000000001e-23,360888.4323,-0.02337945308,0.002363608927,4.5353964e-23,9.891421890030797
12,12:130841130:C:T,130841130,T,C,0.166725,-0.0195295,0.00315988,6.39847e-10,360658.5933,-0.01943226466,0.003160052778,7.78020391e-10,6.1493481359823035
2,2:463529:T:A,463529,A,T,0.230022,-0.0311501,0.00279733,8.504210000000001e-29,360806.1639,-0.03118421366,0.002797812459,7.495953336e-29,11.145927083027548
2,2:4889517:T:G,4889517,G,T,0.131426,-0.0416376,0.00349329,9.52412e-33,358945.9279,-0.0415482481,0.003494005433,1.313545184e-32,11.891294646421345
2,2:6213901:A:C,6213901,C,A,0.667484,-0.0124196,0.00249538,6.46005e-07,361910.9847,-0.01245766767,0.002495506718,5.974508691e-07,4.992039324175444
2,2:8106122:A:C,8106122,C,A,0.08383,0.0224073,0.00424902,1.33902e-07,360721.2407,0.02226068845,0.004249260333,1.6169345e-07,5.2387207903272515
2,2:11017327:G:A,11017327,A,G,0.595193,0.0179545,0.00240307,7.94682e-14,359461.327,0.01794844085,0.002403260706,8.119409641e-14,7.468370287580443
2,2:11688744:T:A,11688744,A,T,0.0584631,0.0248732,0.00501829,7.17986e-07,360826.1602,0.02465537919,0.005018494119,8.973727989e-07,4.912903872230283
2,2:12135177:G:C,12135177,C,G,0.253453,-0.015499,0.0027039,9.92704e-09,361562.1587,-0.01548529094,0.00270404769,1.023983282e-08,5.726707778589511
2,2:13583642:T:A,13583642,A,T,0.280516,-0.0128287,0.0026234,1.00822e-06,360098.7691,-0.01295358361,0.002623584067,7.918650491e-07,4.937361746068264
2,2:14717615:T:A,14717615,A,T,0.0865368,0.0279767,0.00418759,2.37888e-11,360814.8174,0.02813827953,0.004187974585,1.831924029e-11,6.718827671682253
2,2:20608435:C:G,20608435,G,C,0.115147,0.022378,0.00368526,1.26213e-09,361454.7655,0.02244138298,0.003685486284,1.135301648e-09,6.08912399902992
2,2:25620999:C:G,25620999,G,C,0.293576,0.0125434,0.00258895,1.26691e-06,359829.3897,0.01269085525,0.00258906028,9.49999278e-07,4.901722585617049
2,2:32165799:T:A,32165799,A,T,0.361568,0.0115384,0.00245504,2.60418e-06,359509.046,0.02053545076,0.002518510459,3.5264053839999997e-16,8.153808012436766
2,2:32346309:A:T,32346309,T,A,0.454333,0.0345361,0.00236579,2.97961e-48,360285.7793,0.03909410141,0.002427623429,2.396848749e-58,16.103857354064118
2,2:35353624:T:G,35353624,G,T,0.141613,-0.0180925,0.0033826,8.86458e-08,359613.6696,-0.01833525502,0.003382805373,5.955471415e-08,5.420132995632439
2,2:37905778:C:G,37905778,G,C,0.110379,-0.0194098,0.00376537,2.53997e-07,359268.6878,-0.01932719239,0.003765542578,2.856988295e-07,5.132644762249718
2,2:38788423:C:G,38788423,G,C,0.138567,-0.0250877,0.00340841,1.83579e-13,360668.3785,-0.02511387953,0.003408700366,1.737505408e-13,7.367582020554751
2,2:40318472:C:A,40318472,A,C,0.3357,-0.0154142,0.00249381,6.37685e-10,360636.7309,-0.01555796572,0.002494489665,4.462320719e-10,6.236933324796919
2,2:41116105:C:G,41116105,G,C,0.516817,-0.0149988,0.00235925,2.05357e-10,359843.0693,-0.01522369654,0.002359882599,1.110853279e-10,6.4510397875093615
2,2:42670545:A:C,42670545,C,A,0.0191459,0.0544236,0.00859013,2.36699e-10,360936.0936,0.05402373021,0.008590800612,3.204326068e-10,6.288555939074797
2,2:49526560:T:G,49526560,G,T,0.538857,-0.0115034,0.0023654,1.15556e-06,359758.7781,-0.01173317332,0.002365544479,7.048202746e-07,4.96003073464086
2,2:52122845:A:C,52122845,C,A,0.0898721,-0.0526061,0.00412417,2.95713e-37,359386.1003,-0.05406982997,0.004126694352,3.1877404029999997e-39,13.102455708597631
2,2:52503536:C:G,52503536,G,C,0.0322956,-0.0418426,0.00665201,3.17363e-10,361675.3484,-0.04452463687,0.006654682066,2.220700933e-11,6.69072337767789
2,2:53320467:G:C,53320467,C,G,0.433755,0.0485152,0.00237702,1.5359699999999997e-92,360032.3538,0.04884487475,0.002378515014,1.029544738e-93,20.535869844208605
2,2:56185453:A:C,56185453,C,A,0.458577,-0.0162522,0.00236458,6.28818e-12,360283.4782,-0.01628676161,0.002364804696,5.692171092e-12,6.887148709383313
2,2:57861626:C:A,57861626,A,C,0.946747,0.0480494,0.00524723,5.3580799999999997e-20,360262.4446,0.0444921675,0.005272762583,3.225012434e-17,8.43811319012313
2,2:58619147:G:T,58619147,T,G,0.180432,-0.0202369,0.00306125,3.83123e-11,360918.8335,-0.01751879849,0.003075909536,1.230212633e-08,5.695485606765257
2,2:60612569:G:T,60612569,T,G,0.439037,-0.0211829,0.00237364,4.50849e-19,360410.3717,-0.02115188261,0.002373956329,5.104580464e-19,8.90997123730156
2,2:65355499:G:C,65355499,C,G,0.228385,0.0142499,0.0028046,3.75818e-07,360842.0262,0.01425465977,0.002804706447,3.726817246e-07,5.082407032382024
2,2:67937217:C:A,67937217,A,C,0.0903743,-0.0315878,0.00410363,1.39068e-14,361279.2316,-0.03166055886,0.004103994956,1.213902187e-14,7.714570607284148
2,2:68552579:A:G,68552579,G,A,0.152182,0.0189607,0.00327738,7.24282e-09,360909.6444,0.01880206122,0.003277558366,9.659256483e-09,5.736606070861958
2,2:71452823:T:C,71452823,C,T,0.223185,-0.0188094,0.00283059,3.03557e-11,360054.6985,-0.0188458321,0.002830834114,2.788230384e-11,6.657342444333707
2,2:72709570:T:C,72709570,C,T,0.106023,0.0283424,0.00382712,1.30775e-13,360264.5911,0.02800663975,0.003827528936,2.532747325e-13,7.317159508993455
2,2:76005285:T:G,76005285,G,T,0.0211965,-0.056371,0.00817285,5.30678e-12,360906.1734,-0.05620877507,0.008173552094,6.116509508e-12,6.876909136146751
2,2:77464671:C:A,77464671,A,C,0.294833,-0.0153742,0.00257969,2.52941e-09,361503.4929,-0.01285397071,0.002600748426,7.716186393e-07,4.942412184699329
2,2:77535072:A:C,77535072,C,A,0.0429271,0.047255,0.0058066,4.02613e-16,361042.4194,0.04324742582,0.005854396913,1.499866755e-13,7.3871700984206905
2,2:79724245:A:T,79724245,T,A,0.0563334,0.0368887,0.00510457,4.96183e-13,361070.9876,0.03706629667,0.005105083728,3.851952429e-13,7.260663809821847
2,2:81245594:T:G,81245594,G,T,0.225622,0.0128014,0.00281394,5.38454e-06,361550.779,0.01394852586,0.0028171557,7.372704452e-07,4.951279710951014
2,2:81419743:T:A,81419743,A,T,0.0446877,-0.0347345,0.00568997,1.03219e-09,361876.3746,-0.03646057546,0.005694872107,1.530014818e-10,6.40235193608361
2,2:83001121:G:C,83001121,C,G,0.900509,0.0279437,0.00392989,1.15789e-12,361463.8686,0.0290078263,0.003933170619,1.641278489e-13,7.3751761898839705
2,2:86238408:G:T,86238408,T,G,0.0151808,-0.0647973,0.00963232,1.73375e-11,360571.0116,-0.06414410145,0.009633114307,2.762439401e-11,6.658708638325723
12,12:2934521:G:A,2934521,A,G,0.389757,0.0170907,0.00241666,1.5299e-12,360371.2752,0.0168694661,0.002416859825,2.953674408e-12,6.979910843608814
12,12:4004195:C:T,4004195,T,C,0.0327465,0.0447682,0.00661703,1.32965e-11,360953.9469,0.04490388154,0.006617573921,1.156447479e-11,6.785550426192209
12,12:5373699:A:T,5373699,T,A,0.480998,-0.0326441,0.00236013,1.6888599999999999e-43,359851.4829,-0.03234723879,0.00236111611,1.015550396e-42,13.699978011670085
12,12:5555238:T:G,5555238,G,T,0.312312,0.0195346,0.00254867,1.79776e-14,358806.1239,0.01894199243,0.002549244322,1.082416965e-13,7.430434292441271
12,12:6298301:T:A,6298301,A,T,0.0189975,-0.0661268,0.00865696,2.20172e-14,358401.8093,-0.06642292884,0.008657876277,1.693804038e-14,7.67196558542367
12,12:6527592:A:C,6527592,C,A,0.348464,-0.0192461,0.00247477,7.45048e-15,359997.3448,-0.01952294394,0.002475066093,3.074430809e-15,7.887847518583416
12,12:10071392:T:A,10071392,A,T,0.0471822,-0.0298652,0.00556582,8.06328e-08,359465.4288,-0.02988656423,0.00556614915,7.902397693e-08,5.369343045721296
12,12:11388436:T:A,11388436,A,T,0.0167346,-0.0655644,0.00916002,8.22164e-13,362575.0929,-0.06520546636,0.00916093587,1.096844399e-12,7.117773477001756
12,12:12083420:T:A,12083420,A,T,0.0150628,-0.0802902,0.00967348,1.04442e-16,360558.3644,-0.07957719161,0.009674643895,1.946452869e-16,8.225335472153832
12,12:13152992:T:G,13152992,G,T,0.47051,0.0132843,0.00235945,1.80085e-08,360954.0797,0.0134493741,0.002359595893,1.199035163e-08,5.699863328249996
12,12:14072702:C:A,14072702,A,C,0.0194345,0.0441276,0.008531,2.3096e-07,360957.621,0.04410399942,0.008531469105,2.346372582e-07,5.169566797604901
12,12:17992670:A:T,17992670,T,A,0.142233,-0.0167106,0.00337126,7.17016e-07,361039.3323,-0.01732908746,0.003372614316,2.774173344e-07,5.138176451955736
12,12:18995070:C:G,18995070,G,C,0.331123,-0.0214426,0.00250002,9.776530000000001e-18,361599.1055,-0.0217907014,0.002501184901,2.981612354e-18,8.712151345263539
12,12:22387735:A:C,22387735,C,A,0.224177,-0.0171949,0.00282477,1.15045e-09,360722.951,-0.01676184538,0.002825223731,2.975816813e-09,5.9329267257949425
12,12:22869636:A:G,22869636,G,A,0.164061,-0.0293072,0.00318334,3.38821e-20,360155.5281,-0.02121010589,0.003357967641,2.678095383e-10,6.316352078867457
12,12:22910338:C:A,22910338,A,C,0.525647,-0.0231273,0.00235834,1.0616e-22,360922.445,-0.01814146368,0.002487538502,3.032680305e-13,7.292937844143569
12,12:25595196:C:T,25595196,T,C,0.519704,-0.0205916,0.00236228,2.8718900000000004e-18,359350.8539,-0.02087726139,0.002362617545,9.876717846e-19,8.836496382659343
12,12:26648313:T:A,26648313,A,T,0.022527,-0.0896432,0.00795528,1.90133e-29,359141.579,-0.08896475932,0.007959363141,5.2625584e-29,11.177371574080816
12,12:26945834:A:C,26945834,C,A,0.594215,-0.0125146,0.00239973,1.83934e-07,360529.7869,-0.01209769157,0.002400636249,4.670695238e-07,5.039368865249521
12,12:29859057:T:G,29859057,G,T,0.261024,0.0241429,0.00268303,2.30116e-19,360478.1125,0.02424838941,0.002683395726,1.618323632e-19,9.036456745850836
12,12:31043799:C:A,31043799,A,C,0.131929,-0.0178575,0.00348116,2.90273e-07,360714.0872,-0.01748661231,0.003481355851,5.088867249e-07,5.022931598611808
12,12:33226886:C:T,33226886,T,C,0.383765,-0.0228659,0.00245189,1.1070299999999998e-20,352060.5308,-0.02295871372,0.002452233246,7.796819454e-21,9.362369488077643
16,16:2260879:C:G,2260879,G,C,0.285771,-0.0201703,0.00261023,1.10049e-14,359889.6057,-0.02023134425,0.002610462638,9.182083093e-15,7.750099141621962
16,16:4449758:G:T,4449758,T,G,0.14597,0.0306729,0.00334168,4.37698e-20,359489.5909,0.03084402652,0.003342102401,2.733507344e-20,9.228929224541735
16,16:5682965:G:T,5682965,T,G,0.431685,0.0123963,0.00238337,1.98136e-07,359155.7484,0.01237855487,0.002383491099,2.064263403e-07,5.193455463371965
16,16:6262592:G:A,6262592,A,G,0.184733,0.0338284,0.00303891,8.88435e-29,359770.0132,0.03381247399,0.003039473789,9.539244688e-29,11.124449933527623
16,16:9985812:T:A,9985812,A,T,0.0108174,0.0639322,0.0113757,1.91046e-08,361460.6062,0.06384009659,0.01137634798,2.004050933e-08,5.611651182104576
16,16:10279016:T:A,10279016,A,T,0.48986,-0.0315103,0.00235972,1.15703e-40,359548.0287,-0.03140090887,0.002360338991,2.20707492e-40,13.303558933582012
16,16:12098235:T:A,12098235,A,T,0.595614,-0.0174241,0.00240673,4.50474e-13,358736.3184,-0.01745776658,0.002406941186,4.073622745e-13,7.253092298866002
16,16:13660026:G:C,13660026,C,G,0.553289,-0.0124771,0.00236781,1.36902e-07,361200.8559,-0.01239407675,0.002367993646,1.65881206e-07,5.233999158289971
16,16:14211367:T:A,14211367,A,T,0.0336497,0.0357072,0.00653299,4.61441e-08,360644.073,0.03583815456,0.006534099394,4.139639047e-08,5.484788705985822
16,16:15121201:A:C,15121201,C,A,0.197865,-0.0170947,0.00295874,7.57814e-09,360233.6244,-0.0172241247,0.002959175758,5.864311687e-09,5.820581847305062
16,16:18770186:A:T,18770186,T,A,0.408889,0.0267148,0.00239341,6.33834e-29,361406.6845,0.02664976399,0.002393828249,8.696401428e-29,11.132696759315417
16,16:25262958:C:A,25262958,A,C,0.272055,0.0241605,0.00264509,6.628329999999999e-20,361175.2999,0.02418883008,0.002645409617,6.03517252e-20,9.143699306359633
16,16:27277167:A:C,27277167,C,A,0.0771789,0.0236121,0.00441834,9.09145e-08,359986.0939,0.02351622522,0.004418600783,1.025774324e-07,5.322097735209676
16,16:29205926:C:T,29205926,T,C,0.0181206,-0.0450322,0.00882705,3.36947e-07,361045.0033,-0.04390170738,0.00882778749,6.588150596e-07,4.973126893882671
16,16:30325301:T:C,30325301,C,T,0.271133,0.0161761,0.00265219,1.06762e-09,360055.743,0.01585928783,0.002654039104,2.29344632e-09,5.975529074194077
16,16:31326378:C:T,31326378,T,C,0.195946,0.0183702,0.00297812,6.90605e-10,358180.8908,0.01755668078,0.002980084256,3.830832995e-09,5.891337046814022
16,16:33612349:A:C,33612349,C,A,0.0771234,0.0367027,0.00467716,4.26564e-15,321423.2128,0.0367221018,0.004677946256,4.158786764e-15,7.850047818078223
1,1:603215:T:C,603215,C,T,0.844996,0.020347,0.00326069,4.37861e-10,359154.3214,0.02035363057,0.003260872808,4.32636208e-10,6.241773834313872
1,1:4713577:C:A,4713577,A,C,0.0988721,-0.0484509,0.00394878,1.33632e-34,359896.0282,-0.0485609576,0.003949615643,9.622604263999999e-35,12.295109699108513
1,1:7307388:C:T,7307388,T,C,0.277393,0.0158723,0.00262932,1.57483e-09,360924.4942,0.01589202405,0.002629463974,1.505013537e-09,6.043826501195486
1,1:13064563:A:T,13064563,T,A,0.50236,-0.0150279,0.00235465,1.74742e-10,360838.3402,-0.01509134032,0.002354793287,1.466935032e-10,6.408774988154618
1,1:21991830:A:G,21991830,G,A,0.493192,0.0138436,0.00236236,4.63054e-09,358551.484,0.01240977212,0.002380693067,1.861398335e-07,5.21267201220442
1,1:22004178:G:C,22004178,C,G,0.0163739,-0.0573417,0.0092802,6.46066e-10,360580.2411,-0.05139143766,0.009352160545,3.903991188e-08,5.495140658965238
1,1:24951633:T:C,24951633,C,T,0.128547,-0.022223,0.00351818,2.67636e-10,360707.1018,-0.02228237374,0.00351837961,2.402288862e-10,6.333135195721533
1,1:29351758:G:A,29351758,A,G,0.192765,-0.027455,0.00298655,3.84376e-20,360309.0416,-0.02750003551,0.002986912735,3.358585607e-20,9.206842633117637
1,1:31441392:T:G,31441392,G,T,0.0254918,0.0621232,0.00747156,9.23539e-17,360622.592,0.06221060189,0.007472293496,8.397141153999999e-17,8.325502996275777
1,1:36088758:G:T,36088758,T,G,0.0534782,-0.0402667,0.0052675,2.10504e-14,356087.7356,-0.04014171787,0.005268001975,2.5384632420000004e-14,7.619913215769059
1,1:39453584:G:C,39453584,C,G,0.306769,0.0138487,0.00278272,6.47146e-07,303725.3937,0.01392945522,0.002782851232,5.572829724e-07,5.005461686138743
1,1:44466875:A:T,44466875,T,A,0.0144038,-0.051635,0.00987859,1.72412e-07,361032.1403,-0.0520445028,0.009879328371,1.379028309e-07,5.268020339598448
1,1:46530433:T:C,46530433,C,T,0.239608,-0.0266909,0.00275746,3.7082799999999997e-22,360973.0253,-0.02684145052,0.002757916929,2.191210254e-22,9.732508705304808
1,1:49137717:A:C,49137717,C,A,0.278364,0.0204662,0.00268408,2.44584e-14,345580.7771,0.02072839665,0.00268459468,1.1520447110000001e-14,7.721238816579939
1,1:51548931:A:G,51548931,G,A,0.0684633,0.0273,0.0046715,5.10215e-09,359362.6894,0.02796263205,0.004672262508,2.166344359e-09,5.984816136105682
1,1:55444551:G:A,55444551,A,G,0.0747967,-0.0277822,0.00448156,5.68024e-10,359849.0324,-0.02775537318,0.00448182726,5.907848827e-10,6.192869909939367
1,1:59113061:T:G,59113061,G,T,0.0992966,-0.0417512,0.00393813,2.94996e-26,360506.4979,-0.0416188597,0.003938763057,4.2619377570000003e-26,10.566479653056215
1,1:61025419:A:T,61025419,T,A,0.0157552,0.0526839,0.00946846,2.63625e-08,359767.2613,0.05024673583,0.009470227303,1.122056379e-07,5.305758164229355
1,1:61615023:A:T,61615023,T,A,0.353489,-0.0339959,0.00246055,2.08233e-43,361325.9554,-0.03376283609,0.002461555285,8.137023224e-43,13.71605841873261
1,1:62534188:A:T,62534188,T,A,0.0223577,-0.0654711,0.00796231,1.99752e-16,360892.7244,-0.06545672549,0.007963112363,2.0351556929999997e-16,8.219992699605715
1,1:64146187:C:A,64146187,A,C,0.560522,-0.0163653,0.00237411,5.46193e-12,360210.1902,-0.01926808075,0.002415682615,1.508501493e-15,7.976246809227462
1,1:64167917:G:A,64167917,A,G,0.297154,-0.0130089,0.00258063,4.63366e-07,359600.9491,-0.01686939776,0.002625678786,1.32063936e-10,6.424775890313341
1,1:64758592:C:G,64758592,G,C,0.244993,-0.0183429,0.00274018,2.17391e-11,360103.946,-0.01816004991,0.002740411059,3.431318487e-11,6.6267612847200965
1,1:72120323:C:T,72120323,T,C,0.182278,-0.039788,0.00315484,1.8517999999999998e-36,337011.9534,-0.03998134849,0.00315563017,8.688472886e-37,12.669846064375788
1,1:80015269:T:C,80015269,C,T,0.844879,0.036667,0.00325164,1.73426e-29,360845.8497,0.03662946021,0.003252264982,2.0039663900000002e-29,11.262753930792716
1,1:80769312:T:G,80769312,G,T,0.372644,-0.0144452,0.00243708,3.08295e-09,360209.0675,-0.01430051548,0.002437238622,4.423954533e-09,5.867507330187056
1,1:84411486:A:T,84411486,T,A,0.0288604,-0.0508141,0.0070287,4.85648e-13,361200.1251,-0.05033691573,0.007029257905,8.005741622e-13,7.161056886843591
1,1:86521978:C:G,86521978,G,C,0.345608,0.023816,0.00247533,6.53912e-22,360865.5166,0.02375023186,0.002475657899,8.514394644e-22,9.593503153078421
1,1:91115687:C:A,91115687,A,C,0.216311,0.0167946,0.00285793,4.19421e-09,361224.9227,0.01651239237,0.002858201719,7.59556554e-09,5.7771962910221735
1,1:93465138:A:C,93465138,C,A,0.573991,0.0205952,0.0023804,5.0809900000000004e-18,360936.6248,0.02037268766,0.002380751008,1.155891225e-17,8.55725256086923
1,1:97617319:C:T,97617319,T,C,0.487683,0.0386977,0.00235563,1.27457e-60,360519.9019,0.03871251968,0.002356539714,1.2117483929999999e-60,16.427696698685892
1,1:100328251:G:C,100328251,C,G,0.254777,-0.0150777,0.002703,2.43264e-08,360552.6711,-0.01589426937,0.002707107801,4.323646618e-09,5.871310098596254
1,1:100432828:C:T,100432828,T,C,0.173824,0.020298,0.00310801,6.54666e-11,360534.0206,0.02081390917,0.003112691824,2.281225534e-11,6.686787625269259
1,1:101698631:A:G,101698631,G,A,0.142342,-0.0290803,0.00336975,6.170250000000001e-18,360755.1496,-0.02887420745,0.003370289451,1.059596582e-17,8.567278232269553
1,1:105138419:G:A,105138419,A,G,0.494924,-0.0441099,0.00235494,3.02838e-78,360468.504,-0.04407213559,0.002356126294,4.478951614e-78,18.70533668005489
1,1:107885089:C:G,107885089,G,C,0.19443,0.0226362,0.00297885,2.99201e-14,359841.4945,0.02219039072,0.002981981511,9.955462575000001e-14,7.4414917188934915
1,1:107900535:T:A,107900535,A,T,0.138225,0.0183319,0.00341148,7.72278e-08,360781.1586,0.01737073618,0.003414912788,3.642916388e-07,5.086729078716373
1,1:110157932:A:T,110157932,T,A,0.119663,0.020613,0.00363252,1.39145e-08,359816.4582,0.02049469527,0.003632770571,1.684618358e-08,5.641615640031565
1,1:110696878:G:A,110696878,A,G,0.225621,-0.0290803,0.00281819,5.84247e-25,360365.1862,-0.02903479633,0.002818640301,6.973706825e-25,10.300993823049719
1,1:112596530:G:A,112596530,A,G,0.7297,0.0154481,0.00264851,5.45657e-09,361501.628,0.01506397581,0.002648784509,1.291938337e-08,5.687127721721359
1,1:113224097:C:G,113224097,G,C,0.703722,-0.0136611,0.00258076,1.20103e-07,360176.3577,-0.01351498071,0.002580990732,1.637798341e-07,5.236353832052427
1,1:118342338:T:G,118342338,G,T,0.548049,0.0151919,0.00236495,1.33097e-10,361027.6384,0.01514473809,0.002365087261,1.518961704e-10,6.403458485331549
1,1:120326158:C:T,120326158,T,C,0.0647479,-0.0309665,0.00478335,9.56821e-11,360973.7626,-0.03099804735,0.004783632974,9.170919031e-11,6.48002209167814
22,22:15399613:C:G,15399613,G,C,0.18821,-0.0199633,0.00301264,3.44151e-11,361004.4787,-0.02011421585,0.003012866108,2.453732192e-11,6.67610677971754
22,22:16551582:A:T,16551582,T,A,0.516216,-0.013046,0.00235876,3.18845e-08,360295.5844,-0.01303555562,0.002358858306,3.272151067e-08,5.526213925966946
22,22:17889133:T:C,17889133,C,T,0.429289,0.0164556,0.00238305,5.01979e-12,359796.0732,0.0158980678,0.002383671501,2.565511505e-11,6.669571622318942
22,22:18286776:A:T,18286776,T,A,0.253525,0.0311124,0.00271345,1.97905e-30,359176.2773,0.03085393336,0.002714456598,6.13844034e-30,11.366523002332418
22,22:19652578:A:G,19652578,G,A,0.0544535,-0.0304812,0.00519051,4.29677e-09,360890.9797,-0.03049217391,0.005190829172,4.247888008e-09,5.874239528913551
22,22:22155718:A:G,22155718,G,A,0.379605,-0.0157749,0.00242823,8.23263e-11,360508.5663,-0.0157471745,0.002428382166,8.894623998e-11,6.48463603483736
22,22:26798155:C:T,26798155,T,C,0.320463,0.0139298,0.00252294,3.36832e-08,361164.2683,0.01374341402,0.002523283917,5.133078694e-08,5.446637981325508
22,22:26861003:A:C,26861003,C,A,0.0252657,-0.0383615,0.00751252,3.28612e-07,360185.2948,-0.03792097455,0.007513441882,4.486034485e-07,5.047084298455482
22,22:27017475:G:C,27017475,C,G,0.445362,0.0196627,0.00237157,1.12684e-16,360303.7294,0.01956666968,0.002371822366,1.588785487e-16,8.249635369194424
22,22:29428421:T:A,29428421,A,T,0.142308,-0.0262957,0.00337794,7.01532e-15,359425.2079,-0.02647367733,0.003378531051,4.656653083e-15,7.835854378832525
22,22:31477139:T:C,31477139,C,T,0.0672341,0.0340731,0.00471627,5.03634e-13,358858.7574,0.03381749689,0.004717956966,7.619779148e-13,7.1678264837314325
22,22:32220144:A:T,32220144,T,A,0.0135659,-0.0830642,0.0101923,3.66004e-16,360085.0578,-0.08194382048,0.01019535597,9.178922960999999e-16,8.037367279879291
22,22:36392715:C:T,36392715,T,C,0.053807,-0.0260267,0.00522273,6.25192e-07,360497.8729,-0.02619327009,0.005222928857,5.301858192e-07,5.0150539682145245
22,22:40374411:T:C,40374411,C,T,0.0587017,-0.0291667,0.0050114,5.88692e-09,360752.5537,-0.02934203748,0.005011654139,4.776963099e-09,5.854761056167926
22,22:44039552:T:G,44039552,G,T,0.279994,-0.0181318,0.00262422,4.87471e-12,360581.5186,-0.01793952495,0.002624429994,8.166874479e-12,6.8355890578196155
22,22:45069282:A:G,45069282,G,A,0.0236424,-0.0609867,0.00775001,3.57793e-15,361049.5442,-0.06068398327,0.007750808399,4.903023163e-15,7.829374711137147
22,22:47287145:A:G,47287145,G,A,0.703303,0.0343695,0.00258008,1.78464e-40,360255.3541,0.03420900902,0.002580748475,4.195347189e-40,13.255460325322868
22,22:49925646:T:C,49925646,C,T,0.695603,0.0180024,0.00256241,2.13562e-12,360070.63,0.01789889906,0.002562607437,2.855804631e-12,6.984643375949119
13,13:19112686:C:A,19112686,A,C,0.552901,0.0125033,0.00238547,1.59412e-07,355709.5912,0.01233643953,0.002389647007,2.437350333e-07,5.162452652572883
13,13:19336331:C:T,19336331,T,C,0.338579,-0.0197618,0.00275213,6.95675e-13,294969.1291,-0.02218073667,0.002805476242,2.653036639e-15,7.906228660196225
13,13:19574447:C:A,19574447,A,C,0.474621,0.0100438,0.00252533,6.97398e-05,314666.4936,0.01459919968,0.002574956758,1.430583622e-08,5.669687319852071
13,13:22601654:T:A,22601654,A,T,0.460693,-0.0132321,0.00236336,2.15937e-08,360564.4494,-0.01325125738,0.002363469941,2.062254529e-08,5.606695964321553
13,13:23834022:C:G,23834022,G,C,0.274103,-0.0185448,0.0026393,2.12276e-12,360996.0035,-0.01851292927,0.002639504857,2.319496596e-12,7.01378867362319
13,13:24849404:C:G,24849404,G,C,0.0592483,0.03498,0.0049935,2.47213e-12,360004.4642,0.03494900706,0.004993923311,2.590744443e-12,6.99830671869122
13,13:26796172:T:C,26796172,C,T,0.617083,-0.0131031,0.00242321,6.40145e-08,360630.5768,-0.01299740373,0.002423365811,8.168414661e-08,5.363368448544973
13,13:27297159:T:A,27297159,A,T,0.25288,-0.0178382,0.0027151,5.03782e-11,359252.1811,-0.01774535024,0.00271532666,6.350154893e-11,6.535254303436184
13,13:32818732:G:T,32818732,T,G,0.0145578,-0.0708967,0.00983779,5.74903e-13,360365.7499,-0.07410403838,0.00984778695,5.274320943e-14,7.524943295000915
13,13:32975377:C:T,32975377,T,C,0.193071,-0.0168867,0.00298222,1.49333e-08,361125.2083,-0.01789765583,0.002985181723,2.02860793e-09,5.995499601281727
13,13:35152461:A:C,35152461,C,A,0.828938,0.0184956,0.00313384,3.59683e-09,359299.6236,0.0182848301,0.003134050375,5.4033397e-09,5.8342489469397885
13,13:35970380:G:C,35970380,C,G,0.0721663,-0.023642,0.00455078,2.04661e-07,360843.8813,-0.02341243708,0.004551010072,2.683077954e-07,5.144448531117204
13,13:39006273:A:T,39006273,T,A,0.460178,0.018847,0.00236471,1.59019e-15,360179.7549,0.0187069969,0.002365658812,2.621194385e-15,7.907732427477375
13,13:39289127:G:T,39289127,T,G,0.421495,-0.0128535,0.00238772,7.32258e-08,359937.2484,-0.01235881004,0.002388554721,2.289151037e-07,5.174179151661144
13,13:40944910:C:T,40944910,T,C,0.0463387,0.0706838,0.00560367,1.80317e-36,360456.8842,0.04931668005,0.005718464804,6.4591969149999996e-18,8.624111844756577
13,13:41013014:G:A,41013014,A,G,0.504782,-0.0489046,0.00235667,1.3499099999999999e-95,360007.1175,-0.0448551345,0.002405873889,1.4124746199999999e-77,18.644009025196247
13,13:44409658:G:T,44409658,T,G,0.221461,0.0209395,0.00283691,1.57325e-13,360573.4387,0.02091241716,0.002837200725,1.69616971e-13,7.37079226567588
13,13:49819623:T:G,49819623,G,T,0.677348,-0.0233511,0.00251967,1.91509e-20,360571.2637,-0.02340128662,0.002520022095,1.599800788e-20,9.28614342962735
13,13:51253556:A:C,51253556,C,A,0.0538916,-0.026666,0.00521194,3.11714e-07,361273.2718,-0.02758483233,0.005216074017,1.233719746e-07,5.288428085969778
13,13:51416229:T:A,51416229,A,T,0.154265,-0.0201509,0.00326346,6.63645e-10,360100.5779,-0.02043197417,0.003266224461,3.961611328e-10,6.255532776135191
13,13:53089082:C:G,53089082,G,C,0.872402,-0.0312419,0.00354858,1.32517e-18,356914.4061,-0.03028714862,0.003549658061,1.4332631639999998e-17,8.532413009794974
13,13:53989386:C:G,53989386,G,C,0.120698,0.0279728,0.00361168,9.575e-15,361409.3201,0.0275219577,0.003612404049,2.5616908030000002e-14,7.61873736345156
13,13:57218486:C:T,57218486,T,C,0.0338522,-0.0404139,0.00651505,5.53995e-10,360425.7046,-0.04180800238,0.006517519839,1.410907966e-10,6.414710413281183
13,13:58530556:G:A,58530556,A,G,0.215891,-0.0179417,0.00286627,3.86421e-10,359778.8477,-0.01835733062,0.002867365603,1.531949625e-10,6.402159041314272
13,13:61308871:T:C,61308871,C,T,0.791606,-0.0238731,0.00289988,1.83997e-16,360655.1571,-0.02352388291,0.002901052804,5.114735841e-16,8.10873999865326
13,13:62611311:T:C,62611311,C,T,0.0280155,0.038133,0.00713926,9.23299e-08,360520.2069,0.03583045562,0.007142130711,5.25463187e-07,5.0167739950230095
13,13:64397002:C:A,64397002,A,C,0.58526,-0.0150387,0.00239259,3.2708e-10,360096.6781,-0.01576195292,0.002395606181,4.719506873e-11,6.579525902467188
13,13:65562122:G:C,65562122,C,G,0.0826341,0.02721,0.00427851,2.02396e-10,360572.3188,0.0287157166,0.004283624338,2.033423635e-11,6.703602915237709
13,13:66420953:G:C,66420953,C,G,0.41507,-0.0161555,0.00239329,1.47716e-11,359796.7224,-0.01645592879,0.002393582235,6.198060925e-12,6.875021275381417
13,13:69259808:T:A,69259808,A,T,0.0390896,-0.038399,0.00609821,3.04271e-10,358204.6006,-0.03887368861,0.006098692298,1.840377194e-10,6.374102301037257
13,13:74449665:G:T,74449665,T,G,0.195692,0.0246465,0.00296395,9.17291e-17,361832.7689,0.02480290158,0.002964256305,5.894000543e-17,8.367326920470193
13,13:80872338:C:G,80872338,G,C,0.337322,0.0132149,0.00249503,1.18135e-07,359579.9368,0.01326394211,0.002495135071,1.061189096e-07,5.315921476220555
13,13:88682774:C:A,88682774,A,C,0.252506,0.0279212,0.00273316,1.69949e-24,354805.9247,0.02360039665,0.00277085239,1.632064038e-17,8.517377805896041
13,13:89323729:G:C,89323729,C,G,0.271707,-0.0290707,0.00265758,7.59816e-28,357934.2723,-0.02531424283,0.002694282415,5.6924136469999996e-21,9.395541717923434
13,13:91232878:G:A,91232878,A,G,0.175223,-0.0184712,0.0030955,2.41714e-09,361323.3469,-0.01835530762,0.003095715667,3.043002043e-09,5.929261467926667
13,13:94271087:G:C,94271087,C,G,0.18834,0.0207554,0.00301597,5.91915e-12,359832.3407,0.02059013356,0.003016240588,8.70581007e-12,6.826422813192381
13,13:99103423:C:T,99103423,T,C,0.329052,-0.0161057,0.00250617,1.30815e-10,360831.0777,-0.01503983872,0.002510996301,2.103704962e-09,5.989590153522094
13,13:99433288:A:C,99433288,C,A,0.169508,0.0196762,0.00314214,3.80381e-10,360001.3051,0.01868944367,0.003148208263,2.911115397e-09,5.936533452901366
13,13:103192779:C:T,103192779,T,C,0.645304,0.0144283,0.00246835,5.05976e-09,358800.1483,0.01435537632,0.002468488655,6.047040635e-09,5.815451608790156
13,13:104733752:A:G,104733752,G,A,0.560147,-0.026514,0.00237411,5.91539e-29,360218.9033,-0.02635069783,0.00237455497,1.295658347e-28,11.097110053426137
13,13:105328874:C:A,105328874,A,C,0.198893,0.0176146,0.00295341,2.46123e-09,360020.8719,0.01753019791,0.002953596086,2.934787769e-09,5.93520488231037
13,13:106687588:C:G,106687588,G,C,0.0609978,-0.116871,0.00491608,7.899939999999999e-125,360935.7691,-0.1168805972,0.004919987257,9.462186266e-125,23.756280472821558
13,13:107335021:G:C,107335021,C,G,0.0319529,0.0381344,0.00670075,1.26341e-08,360276.1009,0.03828824517,0.00670119959,1.105845101e-08,5.713640469258132
13,13:110654870:T:A,110654870,A,T,0.0899193,-0.0210952,0.00411656,2.98533e-07,360823.4576,-0.02094938284,0.004116763171,3.603371236e-07,5.088799615089639
4,4:4051839:T:G,4051839,G,T,0.558969,-0.0205979,0.00237371,4.06147e-18,360383.5228,-0.0205733885,0.002373956821,4.464451027e-18,8.666285889451736
4,4:8912367:T:A,8912367,A,T,0.262532,-0.0235171,0.0026758,1.5181400000000002e-18,361112.234,-0.02349927781,0.002676117189,1.618699996e-18,8.781109402305775
4,4:10650549:G:C,10650549,C,G,0.6744,0.0244656,0.00261867,9.43586e-21,332422.4867,0.0243978196,0.002619024218,1.2124878630000001e-20,9.315614354506131
4,4:11823242:C:A,11823242,A,C,0.0832515,0.0232241,0.00426401,5.13891e-08,360789.0974,0.02342665037,0.004264275114,3.935977545e-08,5.493700510337194
4,4:13523726:G:C,13523726,C,G,0.205824,-0.0239117,0.00291622,2.42071e-16,360108.5246,-0.02399924514,0.002916519411,1.892117683e-16,8.228728068630023
4,4:15124687:G:A,15124687,A,G,0.0937304,0.034685,0.00403648,8.51422e-18,361689.3076,0.034413712,0.004037029962,1.534548633e-17,8.524512407371626
4,4:15774543:A:G,15774543,G,A,0.0656886,-0.0258628,0.00475122,5.23062e-08,361360.1604,-0.0257889759,0.004751511553,5.71389688e-08,5.427530926178093
4,4:20525520:G:A,20525520,A,G,0.315243,0.0239099,0.00253774,4.4614099999999996e-21,360068.0453,0.0235561954,0.002538376033,1.6943732910000003e-20,9.280025927506069
4,4:21294497:C:G,21294497,G,C,0.593495,0.0134374,0.00239592,2.04278e-08,361495.1249,0.01304404469,0.002396371522,5.231770466e-08,5.443248081630307
4,4:22881040:A:T,22881040,T,A,0.338551,-0.0233537,0.00249323,7.51345e-21,359597.5443,-0.02230346132,0.002494651584,3.8737294850000003e-19,8.940511558026053
4,4:23375955:G:T,23375955,T,G,0.157095,0.0384862,0.00324412,1.8599600000000001e-32,359139.2326,0.03750758513,0.003246136604,7.002896658e-31,11.554530725472821
4,4:25820800:C:G,25820800,G,C,0.573785,-0.0131398,0.00238349,3.53348e-08,360351.7231,-0.01304378319,0.002383613435,4.442999528e-08,5.472272893947671
4,4:26871848:A:G,26871848,G,A,0.0360526,-0.0339773,0.00633921,8.33319e-08,358486.5105,-0.03450384154,0.006339686355,5.253337437e-08,5.4425155453924665
4,4:28428230:G:C,28428230,C,G,0.305049,0.019063,0.00255829,9.25128e-14,360809.2413,0.01887509971,0.002558630666,1.618573982e-13,7.377031769695829
4,4:31336654:C:G,31336654,G,C,0.135366,-0.0183434,0.00344578,1.01887e-07,360260.5104,-0.0185392062,0.003445975774,7.450306562e-08,5.37995836763535
4,4:38250278:C:T,38250278,T,C,0.234141,-0.0159303,0.00277998,1.00295e-08,361259.0279,-0.01581707347,0.002780153439,1.27575567e-08,5.689280759873916
4,4:41587014:C:A,41587014,A,C,0.494917,0.03185,0.00235853,1.51257e-41,359890.0813,0.03186332285,0.002359125365,1.433358733e-41,13.506413572896326
7,7:64949826:C:A,64949826,A,C,0.204434,0.0139504,0.00295761,2.39689e-06,351671.7641,0.01461520481,0.002958371683,7.800771375e-07,4.940286879429275
7,7:66098031:A:C,66098031,C,A,0.253761,-0.0276201,0.00288088,9.0887e-22,318271.4566,-0.02792614075,0.002881910737,3.320480698e-22,9.690147717437787
7,7:69142294:G:A,69142294,A,G,0.204154,0.0144067,0.00292232,8.23181e-07,360582.2573,0.01444217541,0.00292248251,7.742479887e-07,4.941749132999944
7,7:71686223:T:A,71686223,A,T,0.279401,0.0166087,0.00262398,2.46132e-10,360898.6306,0.01636474125,0.002624914376,4.535404386e-10,6.234390500362744
7,7:72138710:C:G,72138710,G,C,0.034274,0.0402337,0.00648233,5.41752e-10,359706.7621,0.03920140979,0.006484588067,1.491137636e-09,6.04531997791742
7,7:75497388:A:C,75497388,C,A,0.139959,-0.0170188,0.00339764,5.47436e-07,360056.8914,-0.01697238286,0.003397805295,5.880478324e-07,4.995101657230186
7,7:76922565:T:C,76922565,C,T,0.295465,0.0352075,0.00258264,2.6338299999999998e-42,360176.7779,0.03532472809,0.002583341429,1.45098867e-42,13.674045441091403
7,7:79027363:T:A,79027363,A,T,0.227028,0.0207583,0.00281696,1.72224e-13,359257.559,0.02104585779,0.002817294573,8.005059161000001e-14,7.470236868979338
7,7:80219094:C:T,80219094,T,C,0.688884,-0.0178206,0.00254386,2.46773e-12,360713.3011,-0.01806832115,0.002544170066,1.230953573e-12,7.101852738330269
7,7:82596003:G:C,82596003,C,G,0.428064,0.0133948,0.0023798,1.8185e-08,360828.5615,0.01323997719,0.002379932105,2.649110092e-08,5.563174328454214
7,7:85471776:T:C,85471776,C,T,0.622208,-0.020586,0.00243244,2.61291e-17,359680.5921,-0.02134495044,0.002433251596,1.752211288e-18,8.772192105037048
7,7:86370590:C:A,86370590,A,C,0.126509,0.0179982,0.00354099,3.72061e-07,361090.2526,0.01958336593,0.003542026156,3.22318849e-08,5.528859773332515
7,7:86932583:T:A,86932583,A,T,0.798477,-0.0409085,0.00293568,3.98961e-44,360610.0612,-0.04172293836,0.002937440122,8.672312558e-46,14.203843015391346
7,7:89000018:A:T,89000018,T,A,0.551867,0.013062,0.00236634,3.39364e-08,361279.9222,0.01324280432,0.002366739289,2.201398003e-08,5.595379424150845
7,7:90125234:G:A,90125234,A,G,0.188987,-0.015816,0.00301184,1.5113e-07,359848.1537,-0.01919540782,0.00308046296,4.624662345e-10,6.23133862320487
7,7:90565526:G:A,90565526,A,G,0.190914,0.0129001,0.00299795,1.6857e-05,360389.8498,0.01693686124,0.003066039746,3.313319586e-08,5.524018813551284
7,7:93497993:A:C,93497993,C,A,0.200995,-0.0306826,0.00293799,1.5840799999999999e-25,360835.6757,-0.03069946233,0.002938520599,1.5083388800000002e-25,10.4472510216356
7,7:95070531:C:G,95070531,G,C,0.184644,0.0183924,0.00303312,1.33028e-09,361218.7043,0.02008133542,0.003048219357,4.461193814e-11,6.587890524966573
7,7:95142723:A:T,95142723,T,A,0.0424665,0.0265247,0.00583625,5.49981e-06,361229.3601,0.03040909578,0.00586510483,2.163061007e-07,5.184748893908517
7,7:96766386:A:C,96766386,C,A,0.0496559,-0.0319666,0.00543106,3.96272e-09,359429.1539,-0.03214285102,0.005431507921,3.26176546e-09,5.9178503442340835
7,7:101460360:T:A,101460360,A,T,0.0464941,-0.0348238,0.00559701,4.91856e-10,360243.4019,-0.03460793815,0.005597344034,6.292605454e-10,6.182921389105383
7,7:101735238:A:G,101735238,G,A,0.066786,-0.0290864,0.00471985,7.16519e-10,360335.67,-0.02911111492,0.004720106429,6.939126098e-10,6.167470025917925
7,7:109201697:T:A,109201697,A,T,0.23134,0.0291217,0.00279425,1.9841000000000002e-25,360271.2855,0.02914040356,0.0027946789,1.86488313e-25,10.42710257697226
7,7:113363257:C:T,113363257,T,C,0.584932,0.012881,0.00239389,7.42098e-08,359590.4247,0.01280174977,0.002394078458,8.929780212e-08,5.347255737263729
7,7:115588545:A:T,115588545,T,A,0.0283415,0.0354735,0.00710147,5.87923e-07,360257.4897,0.03513686257,0.007102029431,7.519597556e-07,4.947439729921334
7,7:118866406:A:T,118866406,T,A,0.136015,0.0174458,0.00343451,3.78511e-07,360929.5755,0.01752165213,0.003434662836,3.371173935e-07,5.101418382715456
7,7:123245590:A:C,123245590,C,A,0.619756,-0.0122456,0.00242783,4.5648e-07,360185.1197,-0.01194198908,0.002428904748,8.805356069e-07,4.916614819841424
7,7:124724442:T:C,124724442,C,T,0.0106482,0.0615864,0.0114752,8.01464e-08,360656.6443,0.05929662249,0.01148050899,2.40462041e-07,5.164982017927064
7,7:129768977:G:T,129768977,T,G,0.653672,-0.0193123,0.00247286,5.74778e-15,361373.4603,-0.01926918973,0.00247308847,6.6192690310000005e-15,7.791548892709043
7,7:131632196:G:T,131632196,T,G,0.277134,-0.013564,0.00263323,2.59107e-07,360179.4314,-0.01344184435,0.002633392735,3.318760295e-07,5.104382711832764
7,7:135558557:G:A,135558557,A,G,0.295788,0.0203744,0.00258044,2.89465e-15,360686.2067,0.02043603739,0.002580695136,2.397922439e-15,7.918811139263527
7,7:137917699:C:A,137917699,A,C,0.182197,0.0196389,0.00305461,1.28384e-10,359852.6917,0.019695256,0.003054812766,1.138697004e-10,6.447287447272636
7,7:142694745:G:A,142694745,A,G,0.287507,-0.0202097,0.00267204,3.93624e-14,342049.2165,-0.02025212625,0.002672289009,3.493874686e-14,7.578568853066745
7,7:144181613:C:A,144181613,A,C,0.795333,0.0169511,0.00291537,6.09043e-09,361619.0542,0.01675508472,0.002915566811,9.09656485e-09,5.74676754337632
7,7:144950974:A:C,144950974,C,A,0.00589223,0.0874782,0.0153827,1.29534e-08,360959.8412,0.08565576215,0.01538559094,2.587590432e-08,5.5672715129393655
7,7:145611536:C:G,145611536,G,C,0.288045,0.0142251,0.00260561,4.78036e-08,359342.3221,0.01405645312,0.002606100998,6.903230842e-08,5.393671669205201
7,7:148431814:C:T,148431814,T,C,0.422517,0.011826,0.00238495,7.10349e-07,360499.385,0.01172485485,0.002385067265,8.835608184e-07,4.915943052029604
7,7:152719945:C:T,152719945,T,C,0.731613,-0.0133569,0.00265558,4.91343e-07,361313.3584,-0.01336448634,0.002655740007,4.846244655e-07,5.0323022226475045
7,7:153471400:A:C,153471400,C,A,0.334235,0.0160583,0.00249564,1.24006e-10,360985.3063,0.0160904246,0.002495811208,1.141069704e-10,6.446971849643204
7,7:156789647:G:A,156789647,A,G,0.0906213,0.0218403,0.00409693,9.77949e-08,361701.0911,0.0217870207,0.004097116928,1.051178704e-07,5.3176467947755865
10,10:3240542:G:T,3240542,T,G,0.736524,0.030705,0.00267937,2.1265100000000002e-30,359209.4118,0.0307176297,0.002679860499,2.037910753e-30,11.462398774660995
10,10:10450299:T:C,10450299,C,T,0.0233455,0.0435904,0.00779417,2.23742e-08,361391.8255,0.04381480257,0.007794536416,1.896138224e-08,5.6212198175199335
10,10:11632482:C:T,11632482,T,C,0.64296,0.0149243,0.00246222,1.35135e-09,359667.2557,0.01503443043,0.002462365151,1.023595508e-09,6.105686812491768
10,10:14140872:C:A,14140872,A,C,0.697,-0.0131732,0.00256211,2.72618e-07,361074.6931,-0.01328096018,0.002562220886,2.17902415e-07,5.183378315494694
10,10:16278573:C:G,16278573,G,C,0.371176,-0.0172763,0.002435,1.29597e-12,361686.6058,-0.01720509219,0.002435223541,1.605030486e-12,7.065097680081929
10,10:16885292:C:A,16885292,A,C,0.715604,-0.0136096,0.00261535,1.95445e-07,359592.9932,-0.01350189071,0.00261552246,2.440440448e-07,5.162215548322992
10,10:18384341:A:G,18384341,G,A,0.956148,0.0417218,0.00575401,4.14813e-13,360562.639,0.04196406954,0.005754706666,3.050923869e-13,7.292130072924903
10,10:20510457:T:C,20510457,C,T,0.107952,0.0353133,0.00379586,1.3712e-20,360708.4496,0.03524737887,0.003796470477,1.628508835e-20,9.284249432081122
10,10:23947589:A:C,23947589,C,A,0.152298,0.0570646,0.00327646,6.58948e-68,360900.7435,0.05690065517,0.003277886921,1.68799908e-67,17.358943899334104
10,10:24475008:T:G,24475008,G,T,0.313082,-0.0342811,0.00253935,1.60091e-41,360804.8422,-0.0343021902,0.002540050558,1.4704820969999998e-41,13.504530487380952
10,10:25233173:C:A,25233173,A,C,0.477551,0.0119686,0.00235992,3.94666e-07,360255.4578,0.0117993949,0.002360021748,5.742032111e-07,4.999697528211083
10,10:28244875:T:C,28244875,C,T,0.0623547,0.0340056,0.00486621,2.79105e-12,361536.099,0.03391389913,0.004866596752,3.198613482e-12,6.968709522945902
10,10:29868894:A:T,29868894,T,A,0.29428,-0.0160567,0.00258111,4.94963e-10,361782.1543,-0.01633274803,0.002581287454,2.493828956e-10,6.327365053702383
10,10:31049318:C:G,31049318,G,C,0.787995,-0.0250309,0.00288931,4.6031300000000006e-18,358881.5583,-0.02500539084,0.002889657778,4.998346778e-18,8.653409075072833
10,10:32539154:A:T,32539154,T,A,0.272004,0.0189286,0.00280708,1.55209e-11,320792.7383,0.0190104358,0.002807304538,1.272115267e-11,6.771775396175418
10,10:33574069:T:C,33574069,C,T,0.131126,-0.0297801,0.00349473,1.58187e-17,359699.0275,-0.03002235109,0.003495133874,8.715335855e-18,8.589757122991392
10,10:35572655:G:A,35572655,A,G,0.133068,-0.0192532,0.00351882,4.46594e-08,350437.0096,-0.01904336151,0.003519097324,6.252217739e-08,5.4114336026246255
10,10:35946748:T:C,35946748,C,T,0.296082,0.0291726,0.00258222,1.3663300000000002e-29,360101.8382,0.02916282119,0.002582768004,1.448696414e-29,11.291304966158316
9,9:73516296:C:T,73516296,T,C,0.181624,0.0248417,0.00307893,7.15169e-16,355107.2543,0.02660406745,0.003081027299,5.882771429e-18,8.634804196196121
9,9:73609683:T:G,73609683,G,T,0.22698,-0.0351723,0.00281374,7.57633e-36,360105.8928,-0.03616037978,0.002815842171,9.566978654e-38,12.84176370125114
9,9:74638056:A:G,74638056,G,A,0.0274647,0.0742754,0.00720776,6.74863e-25,360542.2133,0.07710580339,0.007211202029,1.103513085e-26,10.69250356319479
9,9:77023921:A:T,77023921,T,A,0.877551,-0.0236101,0.00359833,5.33739e-11,359652.692,-0.02353136387,0.003598732829,6.201788422e-11,6.538791565846467
9,9:77820613:A:T,77820613,T,A,0.654943,-0.0148378,0.00247783,2.12335e-09,360648.6772,-0.01446647597,0.002478113585,5.292733161e-09,5.837696890717784
9,9:80462523:A:T,80462523,T,A,0.333092,-0.0212588,0.00283485,6.44004e-14,280277.2196,-0.02224224169,0.002859798409,7.39391629e-15,7.777555795542091
9,9:80595353:G:A,80595353,A,G,0.00790671,0.0956883,0.013289,6.00722e-13,361218.1993,0.09238539695,0.01330736047,3.854163716e-12,6.942428377007811
9,9:80753040:C:A,80753040,A,C,0.0981811,0.016086,0.00406884,7.70416e-05,341394.5767,0.02088968259,0.004101447466,3.519837442e-07,5.093246411948557
9,9:87201594:C:T,87201594,T,C,0.561841,-0.013058,0.00237346,3.76506e-08,360843.9728,-0.01344464052,0.002373618933,1.477163398e-08,5.664195011710417
9,9:87760538:G:A,87760538,A,G,0.0958503,0.0942758,0.00399779,7.313239999999999e-123,360763.1465,0.0944509227,0.00400095398,3.258425515e-123,23.607100499566354
9,9:89838768:A:T,89838768,T,A,0.37152,0.0122888,0.00244368,4.93782e-07,358898.762,0.01247477188,0.002443788703,3.31345732e-07,5.104685141021376
9,9:91114025:T:C,91114025,C,T,0.0566497,0.0305769,0.0051023,2.06489e-09,359682.1943,0.03113866509,0.005102867075,1.046248132e-09,6.102190128085984
9,9:92178621:T:A,92178621,A,T,0.481169,0.0123245,0.00240241,2.89817e-07,347307.5396,0.01228860564,0.002402642169,3.143704481e-07,5.114621643852451
9,9:100124451:T:C,100124451,C,T,0.271258,0.0165655,0.00264833,3.97799e-10,360925.2364,0.0160473127,0.002649767885,1.394438584e-09,6.056120157105761
9,9:100925851:G:A,100925851,A,G,0.190886,-0.0176168,0.00299849,4.22601e-09,360358.0955,-0.01700287546,0.003000094434,1.449410757e-08,5.667446753444429
9,9:119046403:T:C,119046403,C,T,0.0800369,-0.0238974,0.00434721,3.86177e-08,359622.1949,-0.02391793718,0.004347422181,3.762818168e-08,5.501636644476605
9,9:119670187:A:G,119670187,G,A,0.0410527,-0.0445795,0.00593663,5.9615e-14,360645.53,-0.04408426236,0.005937223408,1.127256005e-13,7.425063759702808
9,9:120667244:C:A,120667244,A,C,0.697482,0.0141109,0.00256408,3.73006e-08,360728.9975,0.0132434695,0.00256484706,2.424343366e-07,5.163453878610603
9,9:121571937:G:C,121571937,C,G,0.0787661,0.0671734,0.00437235,3.0030900000000004e-53,360530.1291,0.06667580552,0.004374996641,1.912961777e-52,15.24019581984406
9,9:127972262:A:C,127972262,C,A,0.228278,0.0221206,0.00280892,3.41283e-15,359986.6472,0.02210013992,0.002809213771,3.63189636e-15,7.867019643767794
9,9:128519857:A:T,128519857,T,A,0.806984,0.0368826,0.00298633,4.92399e-35,360119.9176,0.03684109308,0.002986992121,5.953768813e-35,12.33384340755012
9,9:130533068:T:C,130533068,C,T,0.398019,0.0127553,0.00240595,1.14879e-07,360803.9381,0.01290383888,0.002406080691,8.184570524e-08,5.3630116929440925
9,9:132317768:C:G,132317768,G,C,0.21343,-0.0180468,0.00287344,3.37763e-10,361010.9071,-0.01802965821,0.002873614181,3.514144339e-10,6.27420978404477
9,9:133173403:A:G,133173403,G,A,0.121685,0.0233073,0.0036021,9.78299e-11,360840.7851,0.02350473252,0.00360236022,6.808570359e-11,6.524814589474897
9,9:136733950:C:T,136733950,T,C,0.584717,0.0145944,0.00239186,1.05037e-09,360212.3624,0.01459662759,0.002392018746,1.046044448e-09,6.102221236522031
9,9:137800606:C:T,137800606,T,C,0.285739,-0.0170991,0.00260636,5.36848e-11,360925.7221,-0.01311341132,0.002625396906,5.888760627e-07,4.994830035043852
9,9:137813352:G:T,137813352,T,G,0.434629,-0.0314352,0.00237545,5.753250000000001e-40,360753.1205,-0.02988258351,0.002393243381,8.876268592e-36,12.486228415897163
19,19:32900935:T:C,32900935,C,T,0.443454,0.0182586,0.00237085,1.3503e-14,360820.8106,0.01820964471,0.00237105274,1.591097152e-14,7.679982989328193
19,19:35974902:A:T,35974902,T,A,0.148993,-0.0159531,0.00331706,1.51447e-06,358828.6555,-0.01635895786,0.003317291818,8.163417067e-07,4.9314195908947305
19,19:38043726:C:A,38043726,A,C,0.659007,-0.0129766,0.00250146,2.13119e-07,356012.5674,-0.01334464088,0.00250166473,9.591157353e-08,5.334304281453415
19,19:39149026:G:C,39149026,C,G,0.268436,0.0385411,0.00265761,1.21118e-47,360738.1308,0.03874732082,0.002658596921,4.089996229e-48,14.574349542775236
19,19:46748138:G:T,46748138,T,G,0.0183662,0.0663307,0.00876743,3.87056e-14,361192.3232,0.06639933142,0.008768147311,3.652947593e-14,7.572789218162349
19,19:50766220:G:T,50766220,T,G,0.650015,0.0256019,0.0024688,3.41678e-25,360949.7582,0.02560980313,0.002469175743,3.331799224e-25,10.371802494254455
19,19:53945198:G:A,53945198,A,G,0.693278,-0.0152374,0.00255476,2.45879e-09,360682.7436,-0.01535287521,0.002554908922,1.864785891e-09,6.009167324047569
19,19:54655212:T:A,54655212,A,T,0.633677,-0.0158773,0.00244175,7.9137e-11,361689.1356,-0.01595547394,0.002441909,6.402884495e-11,6.534016599308164
8,8:1693921:G:A,1693921,A,G,0.0199021,0.0407405,0.00843067,1.34943e-06,361058.6167,0.04150735847,0.008430991972,8.51455832e-07,4.92318799589055
8,8:2762417:G:T,2762417,T,G,0.16055,0.0216629,0.0032018,1.32735e-11,362284.6428,0.02158797252,0.003202034469,1.562694117e-11,6.741955069191355
8,8:4261392:T:G,4261392,G,T,0.429531,0.053948,0.00238162,1.60822e-113,359672.9121,0.05377626661,0.002383354381,9.949145653e-113,22.563269247201386
8,8:10445553:C:T,10445553,T,C,0.23425,0.0281434,0.00278133,4.59908e-24,360664.5255,0.02808543644,0.002781782843,5.742427726000001e-24,10.096200179921809
8,8:12360398:A:G,12360398,G,A,0.448323,0.0470838,0.00236695,5.30677e-88,360884.5993,0.04711076558,0.0023683022,4.75330688e-88,19.892210369099008
8,8:15617065:T:C,15617065,C,T,0.597314,0.0157869,0.00239983,4.76374e-11,361340.0949,0.01580420236,0.002400039879,4.549622464e-11,6.584974899077499
8,8:17728147:C:A,17728147,A,C,0.313311,-0.0242046,0.0025402,1.60332e-21,360510.0918,-0.02415344522,0.002540560665,1.959917031e-21,9.5071318519371
8,8:19388401:C:G,19388401,G,C,0.439004,0.0179926,0.00237496,3.57322e-14,360319.9706,0.01778076072,0.00237520553,7.101074261000001e-14,7.485988263087279
8,8:21122019:T:C,21122019,C,T,0.0720081,-0.032137,0.00456113,1.8468e-12,360054.3265,-0.0321710547,0.004561489447,1.754130883e-12,7.052752192851889
8,8:21588973:G:A,21588973,A,G,0.385892,-0.0119062,0.0024259,9.20766e-07,358932.5864,-0.01208008369,0.002426034077,6.37966947e-07,4.979354496511468
8,8:22457232:A:C,22457232,C,A,0.881252,0.0203341,0.00364399,2.40461e-08,360230.1313,0.02038742738,0.003644284433,2.214411556e-08,5.594356794817173
8,8:25640611:A:G,25640611,G,A,0.171276,0.0155714,0.00313202,6.641e-07,359511.685,0.01541544104,0.00313220343,8.584111308e-07,4.921596372812861
8,8:28091542:T:A,28091542,A,T,0.0555454,0.0391689,0.00514297,2.62279e-14,360720.9372,0.03971341128,0.00514360336,1.1548224210000001e-14,7.7209319032717945
8,8:28549772:T:C,28549772,C,T,0.0256014,0.042734,0.00746959,1.0594e-08,359637.4678,0.04276717902,0.007470087659,1.033581476e-08,5.725124117984597
8,8:30059929:G:A,30059929,A,G,0.0117983,-0.07698,0.0109154,1.76113e-12,360324.7238,-0.08039657904,0.01092719043,1.874152487e-13,7.357479450461082
8,8:30158111:C:G,30158111,G,C,0.155328,-0.0212758,0.00325153,6.0246e-11,360855.5932,-0.02249502077,0.003255004971,4.815812471e-12,6.910902124702162
8,8:33255163:G:A,33255163,A,G,0.0161506,0.0551278,0.00934558,3.66453e-09,360683.8076,0.05451299636,0.009346310568,5.458059466e-09,5.832568473237151
8,8:36540669:T:C,36540669,C,T,0.288278,-0.0224719,0.00288556,6.84146e-15,292972.3407,-0.02898224297,0.003060043335,2.766812017e-21,9.471187103302901
8,8:36604661:T:C,36604661,C,T,0.325962,0.00785754,0.00283046,0.00550239,284394.7023,0.01742956484,0.002998230446,6.125903092e-09,5.813283919937888
8,8:37054927:C:G,37054927,G,C,0.0583493,-0.0219913,0.00504485,1.30601e-05,357975.499,-0.02551632845,0.00505623698,4.499636097e-07,5.046505642621205
8,8:41760371:G:T,41760371,T,G,0.349616,0.0122687,0.00247137,6.8965e-07,360439.1563,0.01255724965,0.002471568906,3.760870346e-07,5.080679571391242
8,8:43166105:A:C,43166105,C,A,0.449691,0.0304511,0.00267067,4.1316800000000005e-30,283490.3549,0.03064438349,0.002671408715,1.839931814e-30,11.471244859661994
18,18:22400671:A:G,22400671,G,A,0.312867,0.022804,0.00254084,2.84711e-19,360563.5433,0.02275536672,0.002541152765,3.405318561e-19,8.954741735095961
18,18:23386917:C:A,23386917,A,C,0.0507825,0.0337261,0.00537461,3.49865e-10,359428.679,0.03331197676,0.00537497968,5.73304314e-10,6.197600501440407
18,18:27123494:C:G,27123494,G,C,0.0855809,0.0577112,0.00421178,1.0077e-42,360374.7243,0.05783365751,0.004212938751,6.936719668e-43,13.727628367792521
18,18:28335591:C:T,28335591,T,C,0.493801,-0.0172908,0.00245896,2.04322e-12,331125.867,-0.01768367494,0.002459218929,6.442746418e-13,7.190768878471006
18,18:30491797:A:T,30491797,T,A,0.10023,0.0425989,0.00392376,1.8726e-27,360377.688,0.04254359069,0.003924452959,2.209145897e-27,10.840642284279193
18,18:32784633:A:G,32784633,G,A,0.261825,0.0557967,0.00267758,2.21202e-96,360791.4784,0.05490537633,0.002685092457,6.230045166e-93,20.448225604620212
18,18:33568375:A:T,33568375,T,A,0.0212617,0.0224503,0.00816122,0.00594436,361118.8693,0.04286960338,0.008268967409,2.167157772e-07,5.184396220178645
18,18:33765212:C:A,33765212,A,C,0.288547,-0.025551,0.00259779,7.95591e-23,361199.2668,-0.02463300994,0.002633683396,8.514450906999999e-21,9.35306422078381
18,18:36518995:G:T,36518995,T,G,0.373518,-0.0218547,0.00243789,3.1280100000000003e-19,359822.814,-0.02156731835,0.002438205826,9.10629335e-19,8.845569196831212
18,18:41889031:A:G,41889031,G,A,0.3336,-0.0128592,0.00250097,2.72439e-07,359935.0452,-0.01296400529,0.002501114186,2.180032607e-07,5.183292055423174
18,18:44649209:C:T,44649209,T,C,0.659616,-0.0146155,0.00248531,4.08732e-09,360886.7635,-0.01572430336,0.002491006373,2.746877199e-10,6.312430000354721
18,18:45022242:C:A,45022242,A,C,0.0624282,0.0285041,0.00487039,4.8457e-09,360478.9695,0.03061983976,0.004881553621,3.551586862e-10,6.272560364445498
18,18:48479862:G:T,48479862,T,G,0.206843,0.019524,0.00291069,1.98013e-11,360070.7673,0.01957441985,0.002910942649,1.762853912e-11,6.724426486631204
18,18:49239475:G:A,49239475,A,G,0.302331,0.0137106,0.00256212,8.73859e-08,361466.9353,0.01378117245,0.002562367953,7.51942594e-08,5.378295663534628
18,18:51254604:C:A,51254604,A,C,0.0311191,0.0347134,0.00678233,3.08602e-07,360867.0599,0.03334103587,0.006783805706,8.88739689e-07,4.91479817007601
18,18:51509898:A:T,51509898,T,A,0.0938733,-0.0472195,0.00403896,1.4358e-31,360578.0747,-0.04695066501,0.004040655835,3.277992198e-31,11.619565468386396
18,18:52576302:C:A,52576302,A,C,0.0299648,-0.039518,0.00692231,1.13878e-08,359330.1633,-0.03888890069,0.0069242074,1.950124771e-08,5.61636855216093
18,18:52848657:G:T,52848657,T,G,0.0883487,0.0280909,0.00416316,1.50642e-11,358512.0509,0.02320439485,0.004270491226,5.520991429e-08,5.433659413400701
18,18:53246589:T:A,53246589,A,T,0.0146411,0.0675199,0.00982294,6.26589e-12,359522.2922,0.05468084176,0.01007624899,5.740353595e-08,5.426706090159846
18,18:55087264:A:T,55087264,T,A,0.0827381,0.025468,0.00428077,2.69378e-09,359872.4713,0.02591888287,0.004281587346,1.41671668e-09,6.053568635990638
18,18:61162444:T:C,61162444,C,T,0.377649,0.0131784,0.00243241,6.03671e-08,359916.136,0.01323251939,0.002432551426,5.334950795e-08,5.439769637988324
18,18:61944202:C:T,61944202,T,C,0.0550515,-0.0347344,0.0051676,1.80051e-11,360267.0053,-0.03486373269,0.005167957641,1.518368193e-11,6.746133600904257
18,18:75195907:T:A,75195907,A,T,0.0253004,-0.0452709,0.00750556,1.62447e-09,360268.0871,-0.04624900262,0.007506876416,7.233949342e-10,6.160885041536829
18,18:75385606:C:T,75385606,T,C,0.375729,0.0184109,0.00243278,3.80358e-14,360505.1589,0.01867996884,0.002433281306,1.6303078060000002e-14,7.676863663045788
18,18:77344368:T:A,77344368,A,T,0.240369,-0.0256641,0.00275384,1.17641e-20,361385.8274,-0.02571679075,0.00275420489,9.883772730000001e-21,9.337283091527732
18,18:78351897:C:G,78351897,G,C,0.605405,0.0177396,0.00240864,1.77549e-13,361099.9423,0.01736281815,0.002409303463,5.737811741e-13,7.206571698685181
18,18:78453110:A:C,78453110,C,A,0.256537,-0.014827,0.00270012,3.9944e-08,359933.3938,-0.01450387369,0.002700760908,7.860941685e-08,5.37029162671811
5,5:50709353:G:C,50709353,C,G,0.325126,0.0190684,0.00251712,3.58594e-14,359793.0272,0.01903856489,0.002517325568,3.93839552e-14,7.563012560638324
5,5:53344378:C:G,53344378,G,C,0.0384001,0.0523742,0.00612934,1.2921e-17,360547.1891,0.05235351868,0.006129954451,1.3352108029999999e-17,8.540604844373581
5,5:59982961:G:C,59982961,C,G,0.535661,0.0119936,0.00236298,3.86403e-07,360186.8913,0.01194781221,0.002363087129,4.280998555e-07,5.056018486739428
5,5:64173857:G:A,64173857,A,G,0.507246,-0.0212183,0.00235434,2.02476e-19,361010.131,-0.02113640889,0.002354628824,2.794270261e-19,8.976535356470265
5,5:66962711:G:A,66962711,A,G,0.335613,-0.0156745,0.00249402,3.28628e-10,360659.1196,-0.01576184946,0.002494182431,2.625038321e-10,6.3194453076475865
5,5:67923760:T:G,67923760,G,T,0.283183,-0.0283063,0.00261023,2.14197e-27,361601.3085,-0.02825720445,0.002610687663,2.659307852e-27,10.823663378226184
5,5:69867041:C:T,69867041,T,C,0.529751,0.0130423,0.00235798,3.18364e-08,361149.9458,0.01289566179,0.002358147536,4.53716793e-08,5.468555971639597
5,5:71328235:T:A,71328235,A,T,0.129912,-0.0223186,0.00350359,1.88978e-10,360509.205,-0.02425805238,0.003515995279,5.224411805e-12,6.899341567631269
5,5:71708394:T:G,71708394,G,T,0.219751,-0.0173405,0.00284354,1.07378e-09,360808.4658,-0.01922062311,0.002853598672,1.632847883e-11,6.735573330123838
5,5:73263384:A:G,73263384,G,A,0.39759,-0.0178894,0.00240819,1.1003e-13,360104.5224,-0.01799569056,0.002408396598,7.894732755000001e-14,7.472062771947164
5,5:75533053:A:C,75533053,C,A,0.0109021,-0.0632202,0.0113379,2.46268e-08,360871.1316,-0.0658662256,0.01134132838,6.336379415e-09,5.807628823811554
5,5:76055859:G:T,76055859,T,G,0.661125,0.0242032,0.00248808,2.31246e-22,360610.6137,0.02465021335,0.002489092176,4.027826015e-23,9.903294698235392
5,5:78126898:A:C,78126898,C,A,0.435976,-0.0398793,0.00237229,2.16262e-63,361217.5885,-0.04009370019,0.002373256027,4.983970871e-64,16.89396328666734
5,5:79973661:G:A,79973661,A,G,0.302943,0.0158764,0.00256127,5.70096e-10,361092.1876,0.01591950977,0.002561429733,5.129607553e-10,6.2150874431190175
5,5:85596781:T:C,85596781,C,T,0.0597492,-0.0390992,0.00496245,3.30875e-15,361544.353,-0.02883951896,0.005072311928,1.302967036e-08,5.685675362510947
5,5:85714464:C:G,85714464,G,C,0.4117,0.0237246,0.00239184,3.46526e-23,360945.7355,0.02097912997,0.002442459937,8.746684941e-18,8.58934455881722
5,5:87014949:T:C,87014949,C,T,0.838857,0.0263974,0.00319843,1.54688e-16,361700.7281,0.02501543373,0.003202982468,5.716806334e-15,7.810043913733968
5,5:87960964:C:A,87960964,A,C,0.0328977,0.0348463,0.00661345,1.3724e-07,359481.552,0.03241362388,0.006616780736,9.647280256e-07,4.898700013383668
5,5:89130303:C:T,89130303,T,C,0.458867,-0.0155864,0.00236493,4.38571e-11,360184.0262,-0.0183678473,0.002392533139,1.626608141e-14,7.6771548116057255
5,5:89367675:G:T,89367675,T,G,0.109383,0.0224395,0.00376968,2.64112e-09,361336.5333,0.02625795609,0.003815914613,5.936307381e-12,6.881169720240803
5,5:90222107:T:G,90222107,G,T,0.0160229,0.0515328,0.00937968,3.93e-08,360633.2264,0.04873954166,0.0093861898,2.07280986e-07,5.192686563828062
5,5:91565649:T:G,91565649,G,T,0.100905,-0.0240273,0.00390252,7.42759e-10,362034.7218,-0.02210606946,0.003904599656,1.500155274e-08,5.661545717249328
5,5:91808898:A:C,91808898,C,A,0.788984,-0.0390451,0.00288502,1.01205e-41,360829.9734,-0.03873177759,0.002886912851,4.851457628999999e-41,13.41633072733168
5,5:98272123:A:T,98272123,T,A,0.0569244,-0.027757,0.00507988,4.65533e-08,361090.8287,-0.02783357842,0.005080100881,4.278764193e-08,5.478942066701844
5,5:106778829:T:C,106778829,C,T,0.241146,0.0243296,0.00274893,8.74441e-19,361696.6975,0.02441152619,0.002749286886,6.733014468e-19,8.87922112250602
5,5:108022676:C:G,108022676,G,C,0.0167027,-0.0541795,0.0091912,3.75679e-09,360534.1682,-0.05806332156,0.009210024832,2.893852528e-10,6.304361021727155
5,5:108064572:G:C,108064572,C,G,0.201951,-0.014665,0.0029342,5.7967e-07,360511.5327,-0.01562152942,0.002940571075,1.081827925e-07,5.312413480772608
5,5:109214590:C:A,109214590,A,C,0.889893,0.022753,0.00376299,1.48144e-09,360529.9572,0.02145599316,0.003764757416,1.203920067e-08,5.69917016932174
5,5:109957333:A:C,109957333,C,A,0.333512,-0.0343515,0.0024998,5.8564e-43,359966.556,-0.03407026242,0.002500893988,2.913761349e-42,13.623233365140145
5,5:111340433:G:T,111340433,T,G,0.0857557,-0.0286439,0.00420115,9.2386e-12,361482.07,-0.0284669778,0.004201501297,1.240368137e-11,6.775429968408266
5,5:113965472:A:T,113965472,T,A,0.610468,0.0122253,0.00241635,4.20722e-07,360286.2309,0.01223616256,0.002416479712,4.113446129e-07,5.063631405319242
5,5:116230804:A:T,116230804,T,A,0.570711,-0.0196196,0.002378,1.58341e-16,361021.1625,-0.01955776493,0.002378251831,1.97502548e-16,8.223588719692653
5,5:116929815:A:C,116929815,C,A,0.471946,0.0248334,0.00235526,5.47245e-26,361761.5783,0.02479956445,0.002355661803,6.442808041e-26,10.527642133695538
5,5:119789999:G:A,119789999,A,G,0.867502,0.0172815,0.00347338,6.51402e-07,360736.4575,0.01840991508,0.003476700617,1.188693847e-07,5.295225878806233
5,5:120121211:T:A,120121211,A,T,0.665616,-0.0141931,0.00249489,1.2797e-08,361071.5513,-0.01462308608,0.002497304991,4.754432993e-09,5.855546732457557
5,5:123224270:C:T,123224270,T,C,0.256339,-0.0146342,0.00269829,5.84801e-08,360414.1742,-0.01446156033,0.002698454557,8.35908188e-08,5.35920098876062
5,5:126874551:C:T,126874551,T,C,0.185201,-0.0225141,0.00305333,1.66387e-13,355546.616,-0.02242968818,0.003054753763,2.095591512e-13,7.34255194368673
5,5:127494501:C:A,127494501,A,C,0.0827701,0.0323076,0.00431839,7.37075e-14,353297.0934,0.03180750254,0.004320458208,1.810841182e-13,7.362066940285051
5,5:129474779:T:G,129474779,G,T,0.0233566,-0.0586355,0.00780099,5.64239e-14,360322.2413,-0.05299835489,0.007810109566,1.153924288e-11,6.7858657349340445
5,5:129948657:T:A,129948657,A,T,0.704105,-0.0426997,0.00258179,2.03219e-61,359962.6758,-0.04168850259,0.002585475432,1.727161884e-58,16.124114765906622
5,5:131692998:C:T,131692998,T,C,0.376414,-0.0166762,0.00266025,3.64646e-10,301120.8187,-0.01454911693,0.002671838247,5.170116853e-08,5.445358433032417
5,5:132292566:C:T,132292566,T,C,0.037612,-0.0370566,0.00619476,2.2073e-09,360110.2603,-0.03216376806,0.006222227016,2.351321289e-07,5.169173027164266
5,5:134490889:A:C,134490889,C,A,0.365156,0.0150329,0.00244625,7.99116e-10,360588.2949,0.01276301459,0.002462409023,2.181792932e-07,5.1831415783437045
5,5:134603282:T:A,134603282,A,T,0.0674492,-0.0371912,0.00470514,2.70039e-15,359198.3321,-0.03467574734,0.004736351384,2.457742213e-13,7.321194001175484
5,5:135524565:A:G,135524565,G,A,0.785513,-0.0155268,0.00286697,6.10749e-08,361217.1241,-0.01621341223,0.002867484996,1.565488385e-08,5.6542273987891525
5,5:136068103:C:T,136068103,T,C,0.0610464,0.0505195,0.00492769,1.16633e-24,359324.0477,0.03732515291,0.005035107963,1.23492833e-13,7.412979658883235
5,5:136168715:C:T,136168715,T,C,0.562539,0.0353757,0.00237492,3.64881e-50,360202.6167,0.0317044947,0.002426937171,5.3165506699999995e-39,13.063582806693105
5,5:138793106:G:A,138793106,A,G,0.0456283,-0.0296811,0.00564672,1.47024e-07,360268.7501,-0.02951255042,0.005647620333,1.735338617e-07,5.225661195309674
5,5:141090960:C:T,141090960,T,C,0.300007,-0.0163945,0.00260869,3.29183e-10,350013.8625,-0.01563063876,0.002609833572,2.109633962e-09,5.9891323828828416
5,5:141180559:G:C,141180559,C,G,0.478744,0.0233149,0.00243394,9.8515e-22,338308.1023,0.02323874035,0.002435453393,1.4030148469999999e-21,9.54185385636735
5,5:141827671:T:A,141827671,A,T,0.410211,-0.0171599,0.00239379,7.5972e-13,360799.8311,-0.01754819272,0.002395175629,2.362864617e-13,7.326474312585786
5,5:141959536:C:G,141959536,G,C,0.625076,0.0133378,0.00243229,4.16936e-08,360795.6347,0.01398534776,0.002433204311,9.046131186e-09,5.747707949051057
5,5:143130149:C:A,143130149,A,C,0.625972,-0.0131347,0.00243762,7.11583e-08,359565.6113,-0.01318193787,0.002437844224,6.4013749e-08,5.407210903890797
5,5:145801819:C:A,145801819,A,C,0.0933225,0.0342632,0.00405234,2.79677e-17,359970.6136,0.03406554457,0.00405284916,4.2665124839999997e-17,8.40533245258997
5,5:148431648:T:A,148431648,A,T,0.779929,0.015518,0.00284017,4.6644e-08,361294.8754,0.01859859927,0.002849488171,6.710162168e-11,6.526996482836075
5,5:148478431:G:T,148478431,T,G,0.450685,-0.0259945,0.00236974,5.42144e-28,359718.7189,-0.02595075001,0.002381404416,1.187985362e-27,10.897246110590903
5,5:148720533:A:C,148720533,C,A,0.610999,0.0223991,0.00241511,1.79292e-20,360774.3555,0.02122085217,0.002420275006,1.8194730449999998e-18,8.767950797902014
5,5:149736241:A:C,149736241,C,A,0.1972,0.0162268,0.00296326,4.3535e-08,359844.0,0.01627360751,0.002963445233,3.986500913e-08,5.49144871272875
5,5:151638913:A:C,151638913,C,A,0.0292114,-0.112885,0.00697885,7.90576e-59,361947.5551,-0.1115202388,0.006984901425,2.208325491e-57,15.96590016300767
5,5:151970697:A:T,151970697,T,A,0.103944,0.0289706,0.00385927,6.07505e-14,360571.5624,0.02724947211,0.003861583368,1.706821551e-12,7.05655414196408
5,5:155299096:G:A,155299096,A,G,0.0691515,-0.0242057,0.00464554,1.88407e-07,360096.1576,-0.02431296308,0.004645770359,1.664610747e-07,5.2333544711050575
5,5:157484469:A:C,157484469,C,A,0.327094,-0.0181744,0.00250795,4.27901e-13,361307.0174,-0.01806205671,0.002508160063,5.963354891e-13,7.20131740252496
5,5:159313619:G:A,159313619,A,G,0.354864,0.0210925,0.00246047,1.0162e-17,360883.0173,0.02105773654,0.002460743625,1.153726946e-17,8.55746869607353
5,5:162540649:C:A,162540649,A,C,0.221957,0.0141498,0.00283964,6.26497e-07,359232.1648,0.01395693062,0.002839793646,8.888706729e-07,4.914769296585714
5,5:163319473:A:C,163319473,C,A,0.454384,-0.0145543,0.00236176,7.16797e-10,361723.7246,-0.0144805791,0.002361926215,8.741921981e-10,6.13083465860935
5,5:164283943:G:T,164283943,T,G,0.482075,-0.0132499,0.00235871,1.93937e-08,360110.3553,-0.01325763684,0.00235886274,1.905697554e-08,5.620351118861626
5,5:167681697:C:G,167681697,G,C,0.0643261,0.0446947,0.00479896,1.2445499999999998e-20,360822.7041,0.04455483194,0.004799580955,1.6466878490000002e-20,9.283067075592227
5,5:169697895:T:G,169697895,G,T,0.130785,0.0406439,0.00348944,2.38854e-31,361280.5371,0.04462177684,0.003518389448,7.398839899e-37,12.682443913468672
5,5:169763717:C:G,169763717,G,C,0.555792,0.0176825,0.00237175,8.97605e-14,360164.3646,0.02147588995,0.002391208301,2.6786008630000003e-19,8.981187436083596
5,5:170459087:A:T,170459087,T,A,0.733608,-0.0182163,0.00266198,7.75931e-12,361204.4797,-0.01802457078,0.002662271341,1.28450539e-11,6.770373290811757
5,5:171251583:G:T,171251583,T,G,0.154666,0.0199542,0.00325721,9.01136e-10,360615.4578,0.02003622252,0.003257417701,7.701884108e-10,6.15095279731827
5,5:175059003:T:A,175059003,A,T,0.114468,-0.0304265,0.00369869,1.93702e-16,360693.6943,-0.03065935652,0.003699089695,1.1482857679999998e-16,8.288351742711662
5,5:175539856:G:T,175539856,T,G,0.0272455,0.0394591,0.00724157,5.06941e-08,359919.1247,0.03957684928,0.007242024073,4.631995889e-08,5.464887838132432
5,5:179974177:C:A,179974177,A,C,0.358981,0.0138278,0.0024553,1.78451e-08,360590.7256,0.01244232178,0.002466589613,4.550845028e-07,5.04434208042698
5,5:180117702:A:C,180117702,C,A,0.200493,-0.0197057,0.00294169,2.10486e-11,360607.6297,-0.01819302456,0.002955250223,7.452493976e-10,6.156170607283294
11,11:55420629:G:A,55420629,A,G,0.858481,-0.0183848,0.00343778,8.90461e-08,348534.5449,-0.01833226242,0.003437949552,9.696349666e-08,5.332324440111504
11,11:58803702:T:A,58803702,A,T,0.0720872,-0.0294397,0.00457119,1.19401e-10,358021.29,-0.0294116934,0.004571500883,1.245294918e-10,6.433706161880664
11,11:60448380:C:A,60448380,A,C,0.602335,0.0200797,0.00240461,6.81979e-17,361288.7527,0.01997790281,0.00240490005,9.801517142e-17,8.3071655348005
11,11:60993498:A:C,60993498,C,A,0.26029,0.0151948,0.00268669,1.55445e-08,360072.8342,0.01507045406,0.002686868546,2.035828857e-08,5.608928684819999
11,11:62506537:A:C,62506537,C,A,0.0661658,-0.0238036,0.00473885,5.08778e-07,360664.4816,-0.0238377916,0.004739098721,4.90412347e-07,5.030026383364721
11,11:63792087:G:T,63792087,T,G,0.230889,-0.0213028,0.00279683,2.60711e-14,360237.3043,-0.02345347149,0.002825971081,1.0476102119999999e-16,8.299260968268909
11,11:63826476:G:T,63826476,T,G,0.102787,-0.0162811,0.00388031,2.71939e-05,360408.6589,-0.02086428857,0.003920485714,1.027098111e-07,5.3218631802416505
11,11:71166318:G:A,71166318,A,G,0.760781,0.0192336,0.00277934,4.51749e-12,355947.4853,0.0192056562,0.002779732326,4.874814045e-12,6.909174678569393
11,11:72127488:A:T,72127488,T,A,0.0774994,-0.0250944,0.0044054,1.22533e-08,360668.5395,-0.02468253999,0.004406878412,2.13226465e-08,5.6009124106508255
11,11:72565386:T:A,72565386,A,T,0.0231291,0.0579382,0.00782636,1.33478e-13,361577.7115,0.06447915539,0.007930745491,4.283115683e-16,8.130276713982624
11,11:72630725:A:G,72630725,G,A,0.235754,-0.0117072,0.00277392,2.43868e-05,360978.6237,-0.01542054896,0.002810502856,4.093774082e-08,5.4867579753848865
11,11:75515067:G:C,75515067,C,G,0.0254793,0.0450904,0.00748047,1.66423e-09,360166.1416,0.04356096337,0.007483975609,5.86491747e-09,5.820564583029228
11,11:75693637:G:T,75693637,T,G,0.08715,0.022606,0.00417213,6.01927e-08,361380.958,0.02221426446,0.004174000902,1.026012567e-07,5.322055500600369
11,11:79734878:C:A,79734878,A,C,0.345823,-0.0325289,0.00247523,1.93778e-39,360906.7313,-0.03258569335,0.002475917287,1.470108937e-39,13.161058942111582
11,11:79813429:A:G,79813429,G,A,0.191859,-0.0270082,0.00299472,1.91377e-19,359834.7552,-0.02680138547,0.002995109057,3.607247934e-19,8.948383835093187
11,11:83892166:G:C,83892166,C,G,0.596608,0.0128667,0.00240263,8.54922e-08,360212.1061,0.01258781042,0.002402889987,1.617880115e-07,5.238612873707064
11,11:85962429:A:G,85962429,G,A,0.0206068,0.0508032,0.0083127,9.87923e-10,358827.7076,0.04995000044,0.008313844816,1.877672319e-09,6.0080506126204325
11,11:87606890:T:A,87606890,A,T,0.174625,-0.0294424,0.00311838,3.69374e-21,356992.2604,-0.02918677259,0.003118899682,8.123329069e-21,9.358035065521547
11,11:89615432:G:T,89615432,T,G,0.343135,0.0176333,0.00308692,1.11563e-08,232986.6165,0.01878142912,0.003091205228,1.233998559e-09,6.075762602197566
11,11:90120058:T:G,90120058,G,T,0.585593,0.0131976,0.00259899,3.81667e-07,305291.2697,0.01375086456,0.002602439904,1.265068e-07,5.283835580166388
11,11:91580012:A:T,91580012,T,A,0.0288979,-0.037914,0.00703374,7.03837e-08,360449.3269,-0.03983602464,0.007040920329,1.533376304e-08,5.657786593028782
11,11:92677712:C:G,92677712,G,C,0.0541219,0.0249427,0.00521839,1.75564e-06,358983.1957,0.02586096641,0.005222924058,7.366841263e-07,4.951434507340485
11,11:95053255:G:A,95053255,A,G,0.273773,0.0192562,0.00264151,3.10941e-13,360704.466,0.01885259699,0.002642206794,9.666698864e-13,7.135170885492773
11,11:95301083:C:G,95301083,G,C,0.106357,0.0324717,0.0038193,1.87036e-17,360909.5441,0.03229964671,0.003820371448,2.800869929e-17,8.45458279375142
11,11:96109801:A:T,96109801,T,A,0.765184,0.0180055,0.00278028,9.42101e-11,360297.9873,0.01823215336,0.002780544948,5.488511563e-11,6.557043205906125
11,11:97434616:A:G,97434616,G,A,0.0109728,0.113411,0.0113169,1.23721e-23,359982.3657,0.1107942186,0.01133076085,1.397000235e-22,9.778179953378858
11,11:98205149:A:C,98205149,C,A,0.691234,-0.0161302,0.00255074,2.55632e-10,360369.3821,-0.01504383276,0.002553625661,3.834800046e-09,5.891166034926527
11,11:99992812:T:A,99992812,A,T,0.306346,0.0242107,0.00255451,2.6163699999999997e-21,360831.6293,0.02422934166,0.00255488031,2.457701966e-21,9.483552542623807
11,11:102823045:A:C,102823045,C,A,0.0819529,0.0236639,0.00428937,3.45336e-08,361518.1866,0.02327805762,0.004290406098,5.775789738e-08,5.425607061031173
11,11:103279481:C:A,103279481,A,C,0.134972,0.0210343,0.00344662,1.04276e-09,360809.1463,0.02022958645,0.003447575255,4.41689354e-09,5.867772261290349
11,11:105525651:C:G,105525651,G,C,0.156718,0.0165645,0.00323657,3.09085e-07,361484.6275,0.01632740976,0.003236776399,4.550827669e-07,5.044342811274929
11,11:106655732:T:A,106655732,A,T,0.114298,-0.0210184,0.00370389,1.39066e-08,360331.1412,-0.02092488817,0.003704130909,1.613198413e-08,5.6490682116980215
11,11:111744562:T:C,111744562,C,T,0.0172632,-0.0475081,0.00903671,1.46319e-07,361218.9958,-0.04643969596,0.00903813327,2.773891782e-07,5.138195529174798
11,11:112526287:C:G,112526287,G,C,0.259653,0.0235769,0.00268861,1.80739e-18,360085.8072,0.0236665426,0.002689323965,1.365934281e-18,8.800182837027595
11,11:113089221:C:A,113089221,A,C,0.42936,0.0179871,0.00238163,4.28274e-14,360065.7851,0.01809666202,0.002381979779,3.023268845e-14,7.597319750378956
11,11:115139108:C:T,115139108,T,C,0.297913,-0.0176039,0.0025726,7.77715e-12,361494.6321,-0.01580023857,0.002588643287,1.036566426e-09,6.103675484895034
11,11:115263744:A:T,115263744,T,A,0.656636,-0.0172817,0.00248243,3.36964e-12,360156.3844,-0.01556521008,0.002497920532,4.626774055e-10,6.231267120230388
11,11:118416885:G:C,118416885,C,G,0.364702,-0.012626,0.00244495,2.41702e-07,361322.8034,-0.01265246781,0.002445093405,2.283559998e-07,5.174635776337551
11,11:119613617:T:G,119613617,G,T,0.276007,-0.0152508,0.00263582,7.21391e-09,360459.7101,-0.01510442338,0.002635967374,1.003564652e-08,5.730125315276379
11,11:122249316:G:T,122249316,T,G,0.293261,0.0129905,0.00259237,5.4157e-07,359290.1686,0.01306389858,0.002592489851,4.67647872e-07,5.039132004686872
11,11:123161343:A:T,123161343,T,A,0.83115,0.033514,0.00315268,2.17275e-26,358679.0137,0.03336855505,0.003153208175,3.595717523e-26,10.582414226425122
11,11:124741128:C:T,124741128,T,C,0.21339,0.0163994,0.00287812,1.21342e-08,359908.8528,0.01643023383,0.002878273035,1.140664179e-08,5.708365269801446
11,11:127316173:T:A,127316173,A,T,0.152579,0.0297907,0.00327406,9.160619999999999e-20,361007.4629,0.02984564419,0.003274442584,7.887012719e-20,9.11472515530906
11,11:129403558:G:T,129403558,T,G,0.0792836,0.028053,0.00436415,1.29406e-10,359935.4257,0.02796705252,0.004364453012,1.475212049e-10,6.407916969916963
14,14:21333461:A:C,21333461,C,A,0.502249,-0.0140823,0.00235306,2.17066e-09,361466.4402,-0.01403831177,0.002353178147,2.436148044e-09,5.965681683682575
14,14:24388077:G:C,24388077,C,G,0.235822,0.0317233,0.00277603,3.08169e-30,360183.3647,0.03171149748,0.002776543071,3.276184877e-30,11.42121575970323
14,14:25465975:A:T,25465975,T,A,0.423527,0.0235609,0.00238629,5.46473e-23,359818.9899,0.02349830682,0.002386618116,7.14260288e-23,9.845859571108694
14,14:27897359:A:G,27897359,G,A,0.0682247,0.0260268,0.00466588,2.43312e-08,361535.462,0.02605906961,0.004666211711,2.341972083e-08,5.584630793448368
14,14:29086230:C:A,29086230,A,C,0.0190793,-0.0454665,0.00860284,1.25738e-07,361238.9995,-0.04532419788,0.008603309242,1.377466727e-07,5.268228376440825
14,14:29463696:T:A,29463696,A,T,0.0297997,0.0417965,0.00692293,1.56762e-09,361086.4761,0.04180952302,0.006923404311,1.55199376e-09,6.038867750879788
14,14:35092245:G:T,35092245,T,G,0.0973681,-0.031038,0.00397829,6.11655e-15,359678.5207,-0.03084856799,0.003978670183,8.940286729e-15,7.753487112807008
14,14:38197280:C:G,38197280,G,C,0.37666,-0.029068,0.00243264,6.65187e-33,360002.7698,-0.02889640457,0.002433189101,1.578521377e-32,11.875938683978182
14,14:41442137:A:C,41442137,C,A,0.433898,0.0244118,0.00237513,8.91268e-25,361014.0188,0.02429076417,0.002375525622,1.5255391399999999e-24,10.225427141277956
14,14:43369126:G:T,43369126,T,G,0.174362,0.0216508,0.00310759,3.24181e-12,359882.4961,0.02188337145,0.003107948334,1.90729624e-12,7.0410988530930965
14,14:44768766:T:G,44768766,G,T,0.693782,-0.0129732,0.00255391,3.78146e-07,361087.3577,-0.01302499309,0.002554152636,3.40487266e-07,5.099535911212473
14,14:46358434:A:T,46358434,T,A,0.351354,0.0357559,0.00246706,1.3771e-47,360531.4956,0.03578958103,0.002467820059,1.168023151e-47,14.502508357316177
14,14:47099102:T:C,47099102,C,T,0.437687,-0.0139447,0.0023718,4.12229e-09,361383.8973,-0.01395406388,0.002372038355,4.035512014e-09,5.882731133156572
14,14:49407258:A:T,49407258,T,A,0.2536,-0.0155892,0.00270437,8.19922e-09,361422.5213,-0.01572424949,0.002704619836,6.105273947e-09,5.813848320086048
14,14:51534650:G:A,51534650,A,G,0.0196482,-0.058705,0.00849398,4.80798e-12,360017.3532,-0.05837425709,0.008495008468,6.348802134e-12,6.871594926584363
14,14:51798355:G:C,51798355,C,G,0.0208996,0.0459316,0.0082357,2.44691e-08,360499.3878,0.04573253143,0.008236524326,2.817633887e-08,5.552406527306358
14,14:57297541:G:A,57297541,A,G,0.0435112,-0.0284451,0.00577162,8.2921e-07,360913.0639,-0.02848611627,0.005771837849,8.000172899e-07,4.9353632266255305
14,14:60879140:C:T,60879140,T,C,0.0200089,-0.0487534,0.00840367,6.58053e-09,361313.7251,-0.04892793369,0.008404056972,5.816767774e-09,5.821942170669997
14,14:64264831:T:A,64264831,A,T,0.230335,-0.0549862,0.00280167,1.02413e-85,359208.9556,-0.05496474842,0.002803180814,1.321456861e-85,19.60799251531978
14,14:68462221:A:G,68462221,G,A,0.447676,-0.0192438,0.00236951,4.62155e-16,360374.408,-0.01919417406,0.002369737327,5.509246651e-16,8.099705330758797
14,14:71094142:G:C,71094142,C,G,0.492263,-0.0140793,0.00235485,2.24932e-09,360996.2846,-0.01395154512,0.002355015712,3.138529304e-09,5.924183456148423
14,14:72048707:C:A,72048707,A,C,0.256779,-0.0375817,0.00269469,3.39027e-44,360893.5642,-0.03757741371,0.002695477976,3.573586199e-44,13.94090919851018
14,14:78490879:C:T,78490879,T,C,0.0276464,-0.0359501,0.00719901,5.92456e-07,359144.9158,-0.03579024902,0.00719955165,6.654749523e-07,4.9711774788086975
14,14:80261641:A:T,80261641,T,A,0.0350024,0.0355949,0.00641766,2.91821e-08,359661.2356,0.03540826478,0.006417992792,3.447747614e-08,5.517030935923805
14,14:80477286:T:A,80477286,A,T,0.774886,0.0149301,0.00281829,1.17417e-07,361129.3703,0.01525321259,0.002818505412,6.239126324e-08,5.4118088704241245
14,14:82090834:A:C,82090834,C,A,0.268408,0.0300689,0.00265889,1.2005100000000001e-29,360320.5051,0.02994417634,0.002659416057,2.0750858650000002e-29,11.2596809593528
14,14:87444645:A:T,87444645,T,A,0.500136,-0.0250344,0.00235815,2.5294800000000002e-26,359823.4026,-0.02337204721,0.002374453034,7.339212585e-23,9.843128870242374
14,14:87563005:A:G,87563005,G,A,0.0695233,0.0323612,0.00463094,2.79202e-12,360641.1248,0.02679379768,0.004662575218,9.107392274e-09,5.7465663130884845
14,14:89130430:T:C,89130430,C,T,0.0764894,0.0220941,0.00442692,6.01383e-07,361436.3452,0.02188030177,0.004427195941,7.722675868e-07,4.94224833542329
14,14:90893842:T:A,90893842,A,T,0.125019,0.0197832,0.00356137,2.77908e-08,360630.327,0.01953036425,0.003561598461,4.167678179e-08,5.483595207000513
14,14:91662616:A:G,91662616,G,A,0.292743,-0.0138347,0.002587,8.9086e-08,361091.4557,-0.01413169388,0.002587272695,4.707893946e-08,5.462004027372151
14,14:92505229:A:C,92505229,C,A,0.185571,0.0201247,0.00303147,3.17124e-11,360234.4358,0.02016083255,0.003031862573,2.937857991e-11,6.6496525038900565
14,14:96393045:A:G,96393045,G,A,0.47008,-0.0140213,0.00235805,2.74785e-09,361224.8564,-0.01436138667,0.002358984219,1.143629396e-09,6.087953685458715
14,14:96498971:C:T,96498971,T,C,0.186219,-0.0147427,0.00302663,1.11089e-06,360437.0712,-0.01516649697,0.003027773027,5.467773322e-07,5.0091261249616785
14,14:100793938:T:C,100793938,C,T,0.554016,0.0253878,0.00237279,1.03214e-26,359591.8247,0.02520840951,0.002373213082,2.353124853e-26,10.622059056220895
14,14:102819814:A:T,102819814,T,A,0.0483573,-0.0363945,0.0054927,3.45463e-11,360369.1542,-0.03624820076,0.005493052179,4.141693647e-11,6.598917974705808
14,14:104646218:G:C,104646218,C,G,0.0736841,-0.0360324,0.00450905,1.34099e-15,360519.132,-0.03599276754,0.004509451921,1.444157592e-15,7.981627960680945
14,14:105968834:G:A,105968834,A,G,0.735009,-0.0218148,0.00267262,3.29658e-16,359608.1957,-0.0217909058,0.002672881883,3.5621642309999996e-16,8.15258838731109
4,4:55658829:C:A,55658829,A,C,0.284146,-0.013818,0.00261213,1.22428e-07,360373.3026,-0.01379471817,0.002612242191,1.286238252e-07,5.280796021719259
4,4:58965996:T:C,58965996,C,T,0.136852,0.0188788,0.00342364,3.5051e-08,361237.4353,0.01867490931,0.003423818844,4.913590972e-08,5.454409290002728
4,4:61210995:T:A,61210995,A,T,0.243442,0.0231799,0.0027458,3.13273e-17,360147.5316,0.02636658855,0.002773759552,1.986641058e-21,9.505722488089695
4,4:61305536:A:T,61305536,T,A,0.0178903,-0.061726,0.00889404,3.92314e-12,359838.8103,-0.07430426938,0.008984337326,1.334846473e-16,8.270422924233822
4,4:64310039:G:T,64310039,T,G,0.917292,-0.0414285,0.00428259,3.92373e-22,359385.6388,-0.04164434134,0.004283224827,2.413901218e-22,9.722660617179878
4,4:66774172:T:C,66774172,C,T,0.0772677,-0.0317558,0.00440967,5.97123e-13,360739.4089,-0.03153116039,0.004410119402,8.694912305e-13,7.149729409979363
4,4:67220629:G:A,67220629,A,G,0.00770832,0.0694209,0.0134752,2.58209e-07,360114.3091,0.06869796542,0.01347619492,3.437557147e-07,5.097727201767129
4,4:70669439:G:A,70669439,A,G,0.645613,0.0486989,0.00246063,3.94458e-87,360684.8107,0.04874689802,0.002461989612,2.988873618e-87,19.79979841604628
4,4:75999223:A:C,75999223,C,A,0.641376,0.043049,0.00245256,6.06005e-69,361227.0873,0.04302397928,0.002453632901,7.771306225e-69,17.534806964181637
4,4:77346275:T:G,77346275,G,T,0.0199159,-0.0529611,0.00843673,3.44568e-10,359983.6615,-0.05313296452,0.008437232114,3.026010775e-10,6.297440179681182
4,4:80366811:C:T,80366811,T,C,0.696246,-0.0352739,0.0025605,3.63547e-43,360561.2875,-0.03544302328,0.002561199647,1.49401371e-43,13.838446105330108
4,4:82187676:G:A,82187676,A,G,0.0404992,-0.0313963,0.00598185,1.53352e-07,359704.4657,-0.03161358119,0.005982101384,1.259143718e-07,5.284694986038705
4,4:83340890:C:T,83340890,T,C,0.0474736,-0.0292951,0.00553783,1.22395e-07,360661.5004,-0.02918817007,0.00553807948,1.360898192e-07,5.270449832908501
4,4:85075068:A:C,85075068,C,A,0.212357,0.0165756,0.00292536,1.46125e-08,349419.7172,0.01659700338,0.002925525345,1.401787848e-08,5.673170259271844
4,4:88251354:C:A,88251354,A,C,0.647758,-0.0158675,0.00246768,1.27644e-10,359965.1219,-0.01590142002,0.002467845555,1.167938165e-10,6.443442130234929
4,4:90016557:T:G,90016557,G,T,0.831771,-0.0296848,0.0031515,4.56849e-21,359828.5175,-0.02959332275,0.003151925612,6.059208587e-21,9.388966109267429
4,4:93207806:T:C,93207806,C,T,0.277565,-0.0137079,0.0026297,1.86209e-07,360689.3327,-0.01369403928,0.002629834356,1.91724854e-07,5.207187003530043
4,4:94949692:C:T,94949692,T,C,0.0606856,0.0306491,0.0049453,5.73864e-10,358767.8388,0.03062463829,0.004945620206,5.930212649e-10,6.192274581223677
4,4:95450040:C:A,95450040,A,C,0.241809,0.0155005,0.00274927,1.72146e-08,360925.6833,0.01559856652,0.002749429059,1.400040088e-08,5.67338388635253
4,4:98101911:A:C,98101911,C,A,0.180707,0.0204704,0.00355362,8.39613e-09,267505.2238,0.02105587608,0.003555187093,3.169316545e-09,5.922578904907158
4,4:98714707:C:A,98714707,A,C,0.0640306,0.0290843,0.00481216,1.50564e-09,360386.5309,0.0299662651,0.004814178628,4.828316697e-10,6.224585212877565
4,4:102897677:C:A,102897677,A,C,0.578237,0.0205639,0.0023862,6.849e-18,360134.1619,0.02037054269,0.002386620502,1.397817277e-17,8.53530868143024
4,4:103980454:T:G,103980454,G,T,0.671101,0.0131127,0.00250534,1.66073e-07,361014.9361,0.01283356268,0.002505595188,3.023732542e-07,5.121961736462275
4,4:110882131:A:T,110882131,T,A,0.24244,0.00998493,0.00274355,0.000273294,361808.6419,0.0143007583,0.002804452139,3.409019075e-07,5.099305529635212
4,4:110896161:A:G,110896161,G,A,0.0790338,-0.0288539,0.00437579,4.28789e-11,358855.6578,-0.03361301947,0.004473153601,5.717701893000001e-14,7.51438972774948
4,4:113930707:G:T,113930707,T,G,0.517315,0.0137143,0.00236202,6.39648e-09,359017.0878,0.01382037319,0.002362163626,4.894306246e-09,5.85072644328323
4,4:115260159:A:G,115260159,G,A,0.387905,-0.0123434,0.00241876,3.34141e-07,360064.8561,-0.01235041496,0.002418862952,3.292650869e-07,5.10587627537486
4,4:125886070:T:A,125886070,A,T,0.476463,0.0243036,0.00235836,6.72084e-25,360426.9044,0.02421198166,0.002358781659,1.0172768980000001e-24,10.264613330198868
4,4:127527321:C:G,127527321,G,C,0.0129832,0.0514183,0.010552,1.10051e-06,350539.2624,0.0547295451,0.01056682578,2.226314564e-07,5.179374226419771
4,4:128571222:T:G,128571222,G,T,0.368455,0.0142392,0.00244813,6.01913e-09,358627.2133,0.01468494085,0.002451662001,2.101119979e-09,5.989790127680818
4,4:134563621:T:A,134563621,A,T,0.275805,-0.0167002,0.00263559,2.35445e-10,360479.1747,-0.01641797377,0.002635871869,4.704140406e-10,6.228669140973332
4,4:134799766:A:C,134799766,C,A,0.296949,-0.0250198,0.00257776,2.86045e-22,360474.6809,-0.02490427783,0.002578293327,4.493134637000001e-22,9.659210443280955
4,4:136554833:G:T,136554833,T,G,0.85235,0.0207087,0.00332052,4.47726e-10,360438.7117,0.02022467011,0.003320890937,1.128163661e-09,6.09013379050334
4,4:141702731:G:C,141702731,C,G,0.203996,-0.0148195,0.00291668,3.75719e-07,362073.2745,-0.01441017913,0.002917046617,7.81268506e-07,4.939989318655445
4,4:142737458:G:T,142737458,T,G,0.375571,0.0219254,0.0024303,1.8608600000000001e-19,361034.8474,0.01860885317,0.002481152537,6.377680745e-14,7.500084292479757
4,4:143006316:G:T,143006316,T,G,0.521449,-0.0198457,0.00236346,4.60088e-17,358773.1989,-0.0160727241,0.002412970126,2.720242679e-11,6.660971027703474
4,4:150069966:A:G,150069966,G,A,0.20458,0.0161126,0.00291694,3.31981e-08,361235.6062,0.0163184954,0.0029170828,2.217504913e-08,5.594114572270627
4,4:153553578:A:T,153553578,T,A,0.838673,-0.0171317,0.00320565,9.08591e-08,359729.0455,-0.01723842739,0.00320581019,7.563414759e-08,5.377245179322361
4,4:155185343:G:C,155185343,C,G,0.293261,0.0416316,0.00258725,3.0902e-58,360279.6614,0.0417582892,0.002588219101,1.472067845e-58,16.133985404816002
4,4:156835013:A:C,156835013,C,A,0.517961,-0.0147572,0.00235997,4.02795e-10,359668.5774,-0.0145289215,0.002360121391,7.460238679e-10,6.15600602384439
4,4:162115870:T:C,162115870,C,T,0.169336,0.0734822,0.00314294,8.392000000000001e-121,359447.1905,0.07371200813,0.003150504928,4.597075145e-121,23.39688710685299
4,4:162295395:C:A,162295395,A,C,0.543438,-0.0214605,0.00235991,9.612639999999999e-20,361911.2073,-0.01513059596,0.002424345172,4.344868055e-10,6.241106313882601
4,4:162305920:T:A,162305920,A,T,0.0418449,0.0501707,0.00587873,1.41579e-17,360918.2942,0.04544865949,0.006036263427,5.1024624960000007e-14,7.529270390471977
4,4:163016064:T:C,163016064,C,T,0.271004,0.0143481,0.00264744,5.97592e-08,361204.7833,0.01473529491,0.002647727287,2.61759471e-08,5.5652615669100065
4,4:163167140:A:T,163167140,T,A,0.385606,0.0150219,0.00241641,5.08562e-10,361545.9387,0.01555364896,0.002416629167,1.22588311e-10,6.436092542617234
4,4:164168305:G:T,164168305,T,G,0.0553567,0.0271021,0.00514721,1.39961e-07,361016.2415,0.02762646668,0.005147524344,8.008261577e-08,5.366942404498126
4,4:166277898:G:C,166277898,C,G,0.221255,0.0186502,0.00283641,4.86219e-11,360797.474,0.01892848911,0.002836635864,2.508565731e-11,6.6728653297461085
4,4:171165246:A:C,171165246,C,A,0.132867,0.0210064,0.00347492,1.49431e-09,359505.3048,0.02177954425,0.0034758944,3.707209267e-10,6.265882027371143
4,4:171880949:G:T,171880949,T,G,0.270137,0.0187311,0.00265137,1.61266e-12,360840.8901,0.01910827932,0.002652121985,5.808555772e-13,7.204902122931575
4,4:173192785:G:C,173192785,C,G,0.0418991,-0.0354833,0.00588824,1.68087e-09,359344.5622,-0.03548937986,0.00588871367,1.673641937e-09,6.02667778547297
4,4:174055007:C:T,174055007,T,C,0.209522,0.0211197,0.00289294,2.87464e-13,360810.768,0.02152359125,0.002893281841,1.013262896e-13,7.439161627807694
4,4:175016191:C:G,175016191,G,C,0.0715128,-0.0236364,0.00457031,2.32059e-07,360627.364,-0.02352067262,0.004570712643,2.661660072e-07,5.145953039953556
4,4:175408242:G:A,175408242,A,G,0.270257,0.0146722,0.00265182,3.15238e-08,360636.8256,0.01463553088,0.002652081465,3.418913028e-08,5.518507283108666
4,4:176605736:G:C,176605736,C,G,0.0160215,-0.049013,0.00936609,1.66846e-07,361662.5875,-0.04880293132,0.009366691255,1.885724279e-07,5.210263687718828
4,4:179675832:T:G,179675832,G,T,0.0978676,0.0270026,0.00396817,1.01354e-11,359746.2336,0.02699305451,0.00396845089,1.032395189e-11,6.801912196524624
4,4:181117577:T:C,181117577,C,T,0.11719,-0.0430532,0.00366395,7.11571e-32,360013.2657,-0.04318277712,0.003664773503,4.764632721e-32,11.783204906019536
4,4:184688514:T:C,184688514,C,T,0.715207,0.016617,0.00260993,1.93192e-10,360474.2837,0.01641308474,0.002610110262,3.210179433e-10,6.288272560341361
4,4:185091601:A:C,185091601,C,A,0.769504,0.0226224,0.00279446,5.72369e-16,361071.3396,0.022495314,0.00279475599,8.339446168999999e-16,8.0491155866527
4,4:185905429:A:T,185905429,T,A,0.355,0.0178242,0.00246071,4.38057e-13,360719.654,0.01781815387,0.002460892229,4.469483012e-13,7.240525879201352
15,15:26920258:T:A,26920258,A,T,0.465154,0.0211805,0.00236254,3.1132200000000003e-19,360241.2638,0.02117381682,0.002362828364,3.211155071e-19,8.961216626058752
15,15:28320778:A:T,28320778,T,A,0.576689,0.0204632,0.00238311,8.98177e-18,360824.5319,0.02357937333,0.002443995053,5.018193403000001e-22,9.64788095665593
15,15:28368174:G:A,28368174,A,G,0.513756,0.00785036,0.00235382,0.000852614,361495.7272,0.01303078879,0.002413768168,6.719085303e-08,5.398525410498329
15,15:29201860:C:A,29201860,A,C,0.346605,-0.0146137,0.00247642,3.61321e-09,360224.2764,-0.01448531867,0.0024766226,4.950738227e-09,5.848819545618294
15,15:29361558:G:C,29361558,C,G,0.191624,0.0155974,0.00299412,1.89619e-07,360279.6788,0.0156854903,0.002994488578,1.622206392e-07,5.238119929806592
15,15:30733378:C:A,30733378,A,C,0.439321,0.0204661,0.00237169,6.196740000000001e-18,361054.309,0.0204269072,0.002371970329,7.192935217e-18,8.611788667951757
15,15:34536062:C:A,34536062,A,C,0.444012,0.0234196,0.00237172,5.40464e-23,360221.5552,0.02342332259,0.002372054,5.359286911e-23,9.874700403110552
15,15:36650029:C:T,36650029,T,C,0.180498,-0.0358108,0.00306017,1.25829e-31,361073.8136,-0.03591098033,0.003060781622,8.673425569e-32,11.732617600642403
15,15:38613714:G:A,38613714,A,G,0.242164,0.0190419,0.00275266,4.59909e-12,359771.2681,0.01679542257,0.002760602842,1.172431615e-09,6.083969165891339
15,15:38717718:C:T,38717718,T,C,0.283723,0.0300414,0.00261235,1.33871e-30,360642.3262,0.02869320418,0.002620251194,6.604189479999999e-28,10.950554758148122
15,15:40869030:A:G,40869030,G,A,0.0745553,0.0273383,0.0045556,1.96262e-09,349389.0645,0.02791072623,0.004555999575,9.003224721e-10,6.126147680775409
15,15:44474239:T:C,44474239,C,T,0.132927,0.0347168,0.00349397,2.9169800000000004e-23,355505.5699,0.03491467891,0.003494551982,1.665958396e-23,9.99117457397719
15,15:46980062:A:T,46980062,T,A,0.187611,-0.0226032,0.00301964,7.14868e-14,359976.3179,-0.02323380122,0.003021649909,1.4816100920000002e-14,7.6891108896493945
15,15:47196999:A:T,47196999,T,A,0.171244,0.0152442,0.00312845,1.10088e-06,360201.1395,0.01570294715,0.003130740024,5.283243709e-07,5.01573015632805
15,15:48119864:T:G,48119864,G,T,0.714461,0.0205349,0.00260623,3.30575e-15,361019.0149,0.02002196395,0.00260676443,1.581323705e-14,7.680772270626694
15,15:53722285:A:C,53722285,C,A,0.0625669,0.0328742,0.00486579,1.41884e-11,360269.5266,0.03242055343,0.004866263966,2.695588206e-11,6.662308838262474
15,15:54730916:G:T,54730916,T,G,0.0409556,-0.0527136,0.00593367,6.48958e-19,361726.778,-0.05228242592,0.005934516839,1.252714778e-18,8.809887533963067
15,15:56571608:A:C,56571608,C,A,0.0408849,-0.0785756,0.00594795,7.79345e-40,360492.0666,-0.07890424608,0.005949558922,3.834734915e-40,13.262200965559241
15,15:58892293:G:A,58892293,A,G,0.0820708,-0.0217799,0.00428975,3.83228e-07,360895.4075,-0.02180345673,0.004289958767,3.726176261e-07,5.082439695626101
15,15:61079303:C:T,61079303,T,C,0.753338,-0.0159507,0.00273245,5.3029e-09,360609.02,-0.01596685759,0.002732634638,5.126074834e-09,5.843026860585378
15,15:63509603:G:C,63509603,C,G,0.0778587,0.0432302,0.00439928,8.70141e-23,359989.5442,0.04341946492,0.004399985545,5.724270970999999e-23,9.868092628017939
15,15:67489524:C:A,67489524,A,C,0.489908,0.0261749,0.00235942,1.35925e-28,359543.9678,0.02582318996,0.002359894909,7.216811515e-28,10.942516915273366
15,15:68636858:G:A,68636858,A,G,0.34582,-0.0317901,0.002479,1.2300399999999999e-37,359728.8615,-0.03087797171,0.002481894778,1.5596528089999999e-35,12.441289608128585
15,15:68818911:C:T,68818911,T,C,0.375686,-0.0180362,0.00243095,1.17936e-13,360934.0244,-0.01674045244,0.002433393717,6.007679699e-12,6.879467273647111
15,15:70228760:C:A,70228760,A,C,0.505099,0.0199741,0.0023537,2.14192e-17,361235.6169,0.02042996351,0.002354763095,4.098726542e-18,8.676016518765767
15,15:70391758:T:G,70391758,G,T,0.479474,0.0208957,0.00235773,7.84838e-19,360565.3328,0.02134310358,0.002358825076,1.4535422960000001e-19,9.048192592641406
15,15:72543836:C:T,72543836,T,C,0.043052,-0.0363747,0.00580639,3.74202e-10,360190.9545,-0.03620407209,0.005806931088,4.528444826e-10,6.234630916288221
15,15:73941695:C:T,73941695,T,C,0.324367,0.0162993,0.00251379,8.94534e-11,361258.5606,0.01660265411,0.00251464416,4.045894395e-11,6.602387078893898
15,15:74918937:T:G,74918937,G,T,0.0421946,-0.0287729,0.00586569,9.33326e-07,359809.6324,-0.0294038235,0.005867625912,5.40927846e-07,5.011196000049295
15,15:79025053:A:C,79025053,C,A,0.22911,-0.0284816,0.0028016,2.8285200000000004e-24,360828.7235,-0.02861495705,0.002802074668,1.751055238e-24,10.212060862183991
15,15:81434462:G:C,81434462,C,G,0.724301,0.0248554,0.00263803,4.4521199999999995e-21,359959.2743,0.02020966715,0.002691798927,6.009871798000001e-14,7.507866559900743
15,15:81445364:T:C,81445364,C,T,0.0930436,0.0391173,0.00404832,4.37407e-22,361692.509,0.03237232486,0.004131426545,4.6650213290000005e-15,7.835628809418904
15,15:81786613:T:A,81786613,A,T,0.120019,0.0258454,0.00362557,1.0154e-12,360360.4056,0.02497231886,0.003627656533,5.824770998e-12,6.88387079450115
15,15:85265574:G:C,85265574,C,G,0.893299,0.0225052,0.00381797,3.76029e-09,360082.4298,0.02260796784,0.003818385931,3.203443814e-09,5.920817918496568
15,15:89132029:T:G,89132029,G,T,0.477194,0.0124455,0.00235469,1.25491e-07,361690.9416,0.01234299559,0.002354790386,1.591438906e-07,5.241653636511831
15,15:89933681:G:A,89933681,A,G,0.143273,0.0166738,0.00336002,6.96584e-07,361038.9337,0.01684917332,0.003360181768,5.320926846e-07,5.01436365153208
15,15:93733555:C:G,93733555,G,C,0.0343822,-0.0347565,0.00644867,7.06144e-08,362376.5983,-0.03510713241,0.006448965292,5.21441882e-08,5.443839565015293
15,15:98436327:T:A,98436327,A,T,0.607428,0.0254806,0.00241184,4.37584e-26,360602.4518,0.02555144539,0.002412228203,3.2296931260000003e-26,10.592466068601057
15,15:100937436:T:G,100937436,G,T,0.397012,-0.033289,0.00240679,1.69337e-43,360624.4512,-0.03332817497,0.002407428485,1.385038636e-43,13.843889933868587
6,6:63762346:C:A,63762346,A,C,0.0381392,0.0315254,0.0061505,2.96659e-07,360490.1154,0.03163986368,0.006150750587,2.688557762e-07,5.144065465257663
6,6:69233606:C:T,69233606,T,C,0.184646,0.0216708,0.00303615,9.51425e-13,360442.2769,0.02162207788,0.003036409473,1.071964725e-12,7.120936116246927
6,6:71776134:G:C,71776134,C,G,0.534983,0.0174911,0.00236072,1.27318e-13,360799.4076,0.01604776068,0.002372588923,1.344015064e-11,6.763818428229254
6,6:72297377:T:A,72297377,A,T,0.544316,0.0161958,0.00236417,7.37091e-12,360828.5514,0.01461779525,0.002376026662,7.641460984e-10,6.152201691918557
6,6:74359560:T:C,74359560,C,T,0.147039,0.0240382,0.00332525,4.87571e-13,360708.542,0.023640029,0.00332575472,1.175919035e-12,7.1081697209468295
6,6:75744629:G:C,75744629,C,G,0.485392,-0.0188311,0.00236012,1.48119e-15,359513.7035,-0.01856312047,0.002360526531,3.721333079e-15,7.863974510015791
6,6:79757129:A:G,79757129,G,A,0.523554,0.0146947,0.00235836,4.64302e-10,360568.2928,0.01469949746,0.002358511176,4.589544026e-10,6.232532459282271
6,6:83001382:A:G,83001382,G,A,0.333805,-0.0184012,0.0024958,1.67365e-13,361119.1527,-0.01831402567,0.002496046751,2.180880442e-13,7.337212599348465
6,6:83940538:A:G,83940538,G,A,0.774843,-0.0222094,0.00282392,3.70918e-15,359543.1434,-0.02191106388,0.002824254431,8.615930416e-15,7.7581763312457035
6,6:93520883:C:T,93520883,T,C,0.00591304,0.100168,0.0153924,7.64491e-11,359195.2542,0.0992879714,0.01539400109,1.120101819e-10,6.449783316209964
6,6:94451354:T:A,94451354,A,T,0.225346,-0.0300951,0.00282123,1.4596300000000002e-26,359962.9365,-0.03025456397,0.002821716025,8.02106557e-27,10.722044210667868
6,6:96611359:A:C,96611359,C,A,0.775875,-0.0159501,0.00282785,1.69832e-08,359746.403,-0.01644181483,0.002830031564,6.256105749e-09,5.809763763468752
6,6:97108124:G:T,97108124,T,G,0.0187963,0.0536278,0.00865974,5.91794e-10,361694.8796,0.05640416921,0.008666995883,7.619535374e-11,6.507926157047651
6,6:98001477:T:A,98001477,A,T,0.0679528,-0.0322517,0.00468804,6.01328e-12,359372.2954,-0.03265699732,0.004688988239,3.293033054e-12,6.964614892479366
6,6:101130679:T:G,101130679,G,T,0.480355,-0.0222955,0.00236144,3.6950399999999996e-21,359334.6041,-0.02166133255,0.002363934924,5.0356216110000005e-20,9.163252477926502
6,6:101651789:G:T,101651789,T,G,0.0444407,-0.0396351,0.00571685,4.12582e-12,360428.9102,-0.03753581653,0.005722599146,5.40880674e-11,6.559225200359683
6,6:102910338:A:T,102910338,T,A,0.433261,0.014256,0.00237799,2.03714e-09,360274.5591,0.01298985581,0.002390043394,5.480029465e-08,5.434987432700981
6,6:103223475:G:T,103223475,T,G,0.252356,0.0163705,0.00271219,1.58243e-09,360443.3847,0.01499016021,0.002725849169,3.813829433e-08,5.499262534580835
6,6:105941654:G:C,105941654,C,G,0.0470504,-0.0277962,0.00556132,5.79166e-07,360753.51,-0.0282778485,0.005561677007,3.687697694e-07,5.0844104151336245
6,6:113433401:G:A,113433401,A,G,0.364498,-0.0264061,0.00244969,4.34972e-27,359794.982,-0.01890343146,0.002536905249,9.237263435000001e-14,7.451374649270553
6,6:113491928:C:G,113491928,G,C,0.0439718,-0.0780316,0.00573662,3.97035e-42,361451.7156,-0.0670066402,0.005941464959,1.68921804e-29,11.277797759035812
6,6:118695069:G:T,118695069,T,G,0.0233858,0.0544024,0.00780224,3.11537e-12,359796.6428,0.05383551505,0.007803086043,5.227432682e-12,6.899259440858635
6,6:119994208:A:G,119994208,G,A,0.115916,-0.0261689,0.00367576,1.0867e-12,361274.6777,-0.02755053213,0.00368186736,7.277737009e-14,7.482760631007631
6,6:120201205:G:C,120201205,C,G,0.0531341,-0.0249692,0.00525634,2.03201e-06,359893.2741,-0.02801806687,0.005265553218,1.031921325e-07,5.3210110524041045
6,6:121119719:T:C,121119719,C,T,0.765504,-0.0393779,0.00277731,1.2817599999999999e-45,361123.9957,-0.03939364215,0.002778546881,1.257522832e-45,14.177785668968886
6,6:121798124:C:A,121798124,A,C,0.423809,-0.0169007,0.00238366,1.34145e-12,360532.0235,-0.01663326217,0.002384586914,3.051704842e-12,6.975322254913624
6,6:122729256:A:G,122729256,G,A,0.138684,-0.0201298,0.0034094,3.54677e-09,360282.2411,-0.02046910247,0.003409890228,1.938686892e-09,6.002862585405198
6,6:125816202:C:G,125816202,G,C,0.572659,-0.0155923,0.00238163,5.88209e-11,360378.4182,-0.01557032085,0.002381830121,6.271270072e-11,6.537124840567082
6,6:130031731:C:G,130031731,G,C,0.239689,-0.0156593,0.00275951,1.39059e-08,360485.289,-0.01592391117,0.002759714325,7.921027426e-09,5.770130272451298
6,6:133120813:C:G,133120813,G,C,0.0157121,0.0850233,0.00947208,2.81573e-19,360483.5961,0.08504634785,0.009473344638,2.771490796e-19,8.977436280409076
6,6:134285565:G:C,134285565,C,G,0.0180235,-0.0658396,0.00885132,1.02147e-13,360750.338,-0.06620227774,0.008852227536,7.511795631000001e-14,7.47860100418458
6,6:135218173:T:G,135218173,G,T,0.106809,0.0193677,0.00381218,3.76664e-07,360827.4843,0.0190359077,0.003812388451,5.939590465e-07,4.993171064456149
6,6:148587295:C:T,148587295,T,C,0.428845,0.0180891,0.00237626,2.6971e-14,361674.4499,0.01809241634,0.002376447108,2.6734867450000003e-14,7.613220710485933
6,6:155042674:G:A,155042674,A,G,0.662491,-0.0207599,0.00248875,7.36202e-17,361175.359,-0.02075822627,0.002489004353,7.430821573e-17,8.339971862636594
6,6:159587727:G:C,159587727,C,G,0.197879,-0.0171621,0.00295644,6.44247e-09,360588.062,-0.01734265501,0.002956879473,4.486231714e-09,5.865188340735591
6,6:160160433:G:A,160160433,A,G,0.86068,0.01906,0.00340654,2.20615e-08,359508.9331,0.01904979363,0.0034071308,2.255651674e-08,5.591154184629484
6,6:161186683:C:G,161186683,G,C,0.525676,-0.0115925,0.00235968,8.98451e-07,360330.5639,-0.01163803947,0.00235986492,8.153586006e-07,4.931654931333951
6,6:162098496:C:A,162098496,A,C,0.197024,0.0248572,0.0029605,4.62445e-17,360738.8936,0.02259601927,0.002972376487,2.9157871230000005e-14,7.602004446215363
6,6:162181429:A:G,162181429,G,A,0.62729,-0.0237961,0.00243244,1.34324e-22,361568.8745,-0.0221200233,0.002442272983,1.3390813760000001e-19,9.057146131481405
6,6:168967209:A:T,168967209,T,A,0.452066,0.0156009,0.00236431,4.15984e-11,361275.3985,0.01608536292,0.002366187015,1.060741154e-11,6.798009970484095
6,6:169137643:C:T,169137643,T,C,0.092497,-0.0245841,0.00406054,1.41086e-09,361445.0772,-0.02546046325,0.004063633448,3.717672648e-10,6.265442879089128
6,6:169374831:A:G,169374831,G,A,0.058803,-0.0516244,0.0050139,7.384889999999999e-25,359476.2915,-0.05194257462,0.005014758572,3.851628852e-25,10.357941239688458
20,20:3728793:A:T,3728793,T,A,0.484558,0.0336348,0.00236101,4.88926e-46,359524.1171,0.03354985898,0.002361720998,8.447544525e-46,14.205682639232732
20,20:4524813:G:C,4524813,C,G,0.881602,-0.0197621,0.0036483,6.07165e-08,360463.2263,-0.01960127157,0.003648523343,7.770204493e-08,5.372384860194658
20,20:4858081:T:C,4858081,C,T,0.27087,-0.0173345,0.00264933,6.03794e-11,361247.5234,-0.01728451393,0.002649491853,6.858970914e-11,6.523709031386102
20,20:11958731:T:G,11958731,G,T,0.126172,-0.0181439,0.00355039,3.21641e-07,360347.7327,-0.01829533943,0.003551189305,2.578732161e-07,5.1518907776165435
20,20:12087384:G:T,12087384,T,G,0.0610325,-0.0279948,0.00492352,1.30203e-08,360489.1971,-0.02691989671,0.004926382119,4.643825221e-08,5.4644353725984285
20,20:12624162:C:A,12624162,A,C,0.956447,0.0304219,0.00577965,1.41319e-07,359897.5098,0.03012309469,0.005783063052,1.900169985e-07,5.208847702184797
20,20:15646852:T:G,15646852,G,T,0.636759,-0.0163883,0.00245138,2.30726e-11,360287.5317,-0.01652246047,0.002451555559,1.588425948e-11,6.7395823069739365
20,20:21126208:G:C,21126208,C,G,0.105002,-0.0441026,0.00384871,2.14405e-30,359654.7435,-0.04337918322,0.003852483955,2.066284972e-29,11.260055519166984
20,20:21250484:G:T,21250484,T,G,0.337033,-0.0136196,0.00250136,5.18811e-08,358213.2631,-0.012568527,0.002503446352,5.153987483e-07,5.0204898499059185
20,20:24481419:A:G,24481419,G,A,0.160131,0.0237734,0.00321461,1.41283e-13,360317.0964,0.02382081782,0.003214852509,1.266670584e-13,7.409614516782176
3,3:95951506:C:T,95951506,T,C,0.0734135,-0.0226238,0.00452522,5.75109e-07,359202.3943,-0.02284763649,0.004525472135,4.448856251e-07,5.048674659445229
3,3:97268883:A:T,97268883,T,A,0.0114765,0.0575671,0.0110565,1.92401e-07,360783.1944,0.05781787309,0.0110570226,1.703708606e-07,5.229063481339
3,3:102883150:T:G,102883150,G,T,0.0518952,0.0383816,0.00530972,4.89076e-13,360679.1551,0.03818068188,0.005310195839,6.475792634e-13,7.19007039243021
3,3:105156747:C:G,105156747,G,C,0.224702,0.0176917,0.00282302,3.68617e-10,360379.3461,0.01758377068,0.002823277021,4.719986507e-10,6.228142172804516
3,3:106036830:A:T,106036830,T,A,0.303717,-0.015761,0.00256432,7.94133e-10,359803.85,-0.01564008591,0.002564580869,1.070711453e-09,6.0984958981225255
3,3:106804744:A:C,106804744,C,A,0.0111143,-0.0597942,0.0112399,1.03947e-07,360349.164,-0.05923745757,0.01124081421,1.365317937e-07,5.269854697651835
3,3:109907434:C:T,109907434,T,C,0.263348,-0.0139425,0.00267918,1.95133e-07,359320.3568,-0.01373959515,0.002679327019,2.928328479e-07,5.128002312732995
3,3:112927058:T:G,112927058,G,T,0.0126807,0.0632564,0.010528,1.87525e-09,360557.5901,0.07168909858,0.01066048297,1.758923943e-11,6.72475147530769
3,3:113064725:A:G,113064725,G,A,0.253387,-0.011726,0.00270902,1.50157e-05,360399.2305,-0.01461096114,0.002743013565,1.00063163e-07,5.326609144931444
3,3:115457705:T:G,115457705,G,T,0.226774,0.0170017,0.00281308,1.50679e-09,360581.0201,0.01697035539,0.002813244647,1.616353258e-09,6.032307004688313
3,3:120318240:T:C,120318240,C,T,0.271858,-0.0297839,0.00264615,2.1988600000000002e-29,360886.9532,-0.02983755029,0.002646638655,1.768669554e-29,11.273752929449298
3,3:123317477:T:A,123317477,A,T,0.0490163,-0.0650824,0.00545475,8.24425e-33,360641.7771,-0.06489875247,0.005455913316,1.254701001e-32,11.895121625132505
3,3:126961220:T:C,126961220,C,T,0.578394,-0.0122733,0.00238873,2.77828e-07,359595.4294,-0.01228125746,0.002388868728,2.732293181e-07,5.1410348823487135
3,3:127975543:T:A,127975543,A,T,0.208469,0.0184299,0.0028997,2.07613e-10,360617.2819,0.01825089023,0.002899923444,3.102333755e-10,6.2935765658784755
3,3:130013189:A:T,130013189,T,A,0.0157704,0.052077,0.00946583,3.76669e-08,359763.9689,0.05053586015,0.009467322209,9.401609904e-08,5.337925448651011
3,3:130115025:C:T,130115025,T,C,0.027978,-0.0860198,0.00713799,1.94503e-33,360986.8783,-0.08558369965,0.007140359939,4.212019528e-33,11.985908326910744
3,3:132739138:T:G,132739138,G,T,0.782064,-0.0228141,0.00285681,1.39938e-15,359666.3015,-0.02290196418,0.002857078618,1.093621833e-15,8.015867689364368
3,3:133776621:T:G,133776621,G,T,0.209734,0.0171352,0.00289592,3.28107e-09,359959.1656,0.01684442233,0.002896129536,6.020618565e-09,5.816184020989868
3,3:136841142:T:G,136841142,G,T,0.544373,0.0153854,0.00236755,8.12723e-11,359878.1061,0.01527641242,0.002367734014,1.104474285e-10,6.451912389513867
3,3:139566404:T:A,139566404,A,T,0.444127,-0.0236194,0.00237139,2.29359e-23,360331.688,-0.02368921917,0.002371770791,1.7203742579999998e-23,9.987988409289759
3,3:141747128:G:T,141747128,T,G,0.218014,-0.022185,0.00284989,7.01579e-15,361325.2754,-0.0221031826,0.002850139558,8.825795014e-15,7.755122915984593
3,3:145858457:C:G,145858457,G,C,0.405101,-0.0172002,0.002399,7.52877e-13,360729.6136,-0.01714462765,0.002399204154,8.936617122e-13,7.145964473851107
3,3:147560649:T:A,147560649,A,T,0.0393435,0.0583132,0.00605663,6.12726e-22,360824.457,0.05845659016,0.006057462035,4.899128648e-22,9.650343629433907
3,3:148855486:A:G,148855486,G,A,0.764512,-0.0175203,0.00277333,2.66278e-10,361332.1254,-0.01736922696,0.00277351102,3.787538213e-10,6.262541174255007
3,3:155812520:C:G,155812520,G,C,0.0204487,-0.0457291,0.00832332,3.9298e-08,360568.9316,-0.04571983418,0.008323681047,3.957402633e-08,5.492742204061054
3,3:157065818:G:C,157065818,C,G,0.485939,-0.0133513,0.00235922,1.52194e-08,359864.3206,-0.01337929684,0.002359324306,1.42117981e-08,5.67081719370885
3,3:175533207:C:G,175533207,G,C,0.768667,-0.0212237,0.00279713,3.26428e-14,359616.8915,-0.02124044203,0.002797392337,3.12718873e-14,7.5929435242461665
3,3:178846009:T:C,178846009,C,T,0.0164932,0.080121,0.00925072,4.69315e-18,360401.8262,0.07878605222,0.009252359581,1.662472163e-17,8.515238899900686
3,3:180159074:G:C,180159074,C,G,0.122603,-0.0329,0.00359139,5.1778599999999996e-20,360568.0845,-0.03309769289,0.003595492063,3.406212524e-20,9.205330538926017
3,3:180950007:C:T,180950007,T,C,0.205099,0.0144426,0.002915,7.25251e-07,361183.173,0.01554156302,0.002917860044,1.002023343e-07,5.326356571473721
3,3:182833722:A:C,182833722,C,A,0.074486,0.0510349,0.00448414,5.25036e-30,360860.1246,0.05083997961,0.004485033117,8.755602967000001e-30,11.335474740932666
3,3:184223863:C:T,184223863,T,C,0.269747,-0.0195117,0.00265709,2.08878e-13,359751.9354,-0.01957746739,0.002657309145,1.739839293e-13,7.367403008730473
3,3:187852587:G:C,187852587,C,G,0.350221,-0.0150472,0.00246908,1.1006e-09,360651.5734,-0.01506729295,0.002469243522,1.047576117e-09,6.1019874369442615
3,3:189159321:C:A,189159321,A,C,0.502533,-0.0121965,0.00235583,2.25412e-07,360629.8704,-0.01222565629,0.002355932067,2.1107742e-07,5.189307646534954
3,3:190809638:A:C,190809638,C,A,0.511801,0.0192759,0.00235427,2.67266e-16,361259.7637,0.01935078929,0.002354535291,2.0603432129999998e-16,8.218517413591826
3,3:191787184:G:A,191787184,A,G,0.668992,0.0135874,0.00250675,5.95296e-08,359578.5605,0.01376947106,0.00250691072,3.960473038e-08,5.4926052811326285
3,3:196856107:T:C,196856107,C,T,0.0674367,0.0367546,0.00469347,4.85306e-15,361138.8955,0.03686383731,0.004693902795,4.043980320000001e-15,7.853557885618721
