Chr,SNP,bp,A1,A2,freq,b,se,p,n,bJ,bJ_se,pJ,z
6,6:60987154:A:G,60987154,G,A,0.0288576,0.0562944,0.0116481,1.34599e-06,131538.7993,0.06366032307,0.01174184697,5.904751957e-08,5.421661790742959
6,6:61231352:C:G,61231352,G,C,0.37719,-0.0160082,0.00286182,2.22423e-08,259974.0592,-0.01914049949,0.002903500677,4.333136912e-11,6.592214577947557
6,6:61946066:G:A,61946066,A,G,0.501897,-0.027096,0.00259723,1.77408e-25,296529.9039,-0.03084445797,0.002635400006,1.217276385e-31,11.703899939203385
6,6:63030542:A:T,63030542,T,A,0.248633,0.0230261,0.0027809,1.23464e-16,346190.074,0.02233703572,0.002782619653,9.960825932e-16,8.027340601838263
6,6:65942322:A:C,65942322,C,A,0.384983,-0.013086,0.0024255,6.85065e-08,359100.2977,-0.0133994443,0.002425737709,3.316248994e-08,5.523863627252537
6,6:68918760:A:G,68918760,G,A,0.750463,-0.0174172,0.00272196,1.56832e-10,360499.9076,-0.01839194285,0.002724172649,1.464387689e-11,6.75138664825498
6,6:69237554:T:G,69237554,G,T,0.655242,-0.0169954,0.0024797,7.20174e-12,360090.0981,-0.01780152863,0.002480849659,7.200267175e-13,7.1755773532748375
6,6:69875682:A:T,69875682,T,A,0.154605,-0.0166581,0.00325673,3.13941e-07,360831.1179,-0.0170991351,0.003258196586,1.537287174e-07,5.248036651156199
6,6:72194597:A:G,72194597,G,A,0.471732,-0.018889,0.00236053,1.22791e-15,360193.8599,-0.02068894484,0.002366762208,2.3012761599999997e-18,8.741454790036938
6,6:72377892:G:A,72377892,A,G,0.172993,-0.0275764,0.00311079,7.70082e-19,361250.6383,-0.02908257088,0.003117588169,1.073311444e-20,9.328548000401396
6,6:73003003:C:T,73003003,T,C,0.0112683,0.0530313,0.0111454,1.95461e-06,361432.1727,0.05610914765,0.0111532847,4.886195577e-07,5.030728539548534
6,6:74083983:A:T,74083983,T,A,0.594448,0.0180322,0.00239992,5.76271e-14,360213.6664,0.01827888973,0.002400720719,2.659103681e-14,7.613917597884488
6,6:75675098:G:A,75675098,A,G,0.0131455,-0.0877653,0.0103551,2.34871e-17,359547.7752,-0.08805357593,0.01037171843,2.070340871e-17,8.48977693757157
6,6:75735222:G:C,75735222,C,G,0.514577,0.0135724,0.00235995,8.872e-09,359555.4889,0.01422807679,0.002363742865,1.751732403e-09,6.019299730387552
6,6:76990782:G:T,76990782,T,G,0.459436,0.0312795,0.00236437,6.0534999999999995e-40,360137.3489,0.0287988345,0.002379141547,9.971299545e-34,12.10471673546038
6,6:77565564:G:T,77565564,T,G,0.155081,0.024791,0.00325793,2.75952e-14,359629.3346,0.0191622582,0.003278386218,5.06484035e-09,5.845027683068427
6,6:78333598:C:G,78333598,G,C,0.0928147,0.0662402,0.00406147,8.89219e-60,359900.1793,0.06558663244,0.004063807961,1.352710019e-58,16.139205658689836
6,6:80777133:G:A,80777133,A,G,0.100841,0.0234873,0.00390914,1.87653e-09,360996.2378,0.02396273278,0.00390986409,8.85503578e-10,6.12878919277217
6,6:81891708:G:C,81891708,C,G,0.224608,-0.0325207,0.00282284,1.05206e-30,360332.3003,-0.03211656105,0.002823816587,5.6695633540000005e-30,11.37345860133231
6,6:83001382:A:G,83001382,G,A,0.333805,-0.0161313,0.00249571,1.02364e-10,361118.3063,-0.01575644696,0.002496020407,2.743373505e-10,6.3126274592193266
6,6:83940538:A:G,83940538,G,A,0.774843,-0.015025,0.0028239,1.03456e-07,359542.4787,-0.01489113167,0.002824510209,1.348633815e-07,5.272111115955963
6,6:85324573:A:T,85324573,T,A,0.813014,-0.0218097,0.00302146,5.27526e-13,360394.867,-0.02199886633,0.003021993771,3.348438745e-13,7.279586920763378
6,6:88571418:C:T,88571418,T,C,0.126237,-0.0175995,0.00355025,7.15307e-07,359794.3556,-0.01755143842,0.003550406468,7.673190205e-07,4.943501139430664
6,6:92481917:A:C,92481917,C,A,0.141523,0.0253932,0.00337803,5.61035e-14,360770.8825,0.02032533888,0.003472856727,4.838652879e-09,5.852628103537655
6,6:92651067:A:G,92651067,G,A,0.313152,-0.0202531,0.00253904,1.50759e-15,360703.7663,-0.0168398188,0.002610359782,1.11005602e-10,6.451148579640506
6,6:94452202:G:A,94452202,A,G,0.225807,-0.0240179,0.00281922,1.61068e-17,359956.5318,-0.0243897492,0.002819645419,5.152883511e-18,8.649934859061085
6,6:96614690:G:T,96614690,T,G,0.588823,-0.0167196,0.0023957,2.97826e-12,359952.3289,-0.01693141778,0.002396022134,1.589248718e-12,7.066469687295467
6,6:98106033:A:G,98106033,G,A,0.0579109,-0.0455655,0.00505193,1.89965e-19,359183.9357,-0.04577248852,0.005053285614,1.329058511e-19,9.057965849622368
6,6:99816788:C:T,99816788,T,C,0.408036,0.0121019,0.00239443,4.32433e-07,361204.7143,0.01240322035,0.002394903,2.230696273e-07,5.179007396124186
6,6:101130679:T:G,101130679,G,T,0.480355,-0.0171832,0.00236143,3.43001e-13,359334.5576,-0.01636698114,0.00236383274,4.39324097e-12,6.9239167657860605
6,6:101651789:G:T,101651789,T,G,0.0444407,-0.0441141,0.00571645,1.19361e-14,360428.4701,-0.04228114642,0.005722216557,1.479977831e-13,7.388945524663407
6,6:103266464:G:T,103266464,T,G,0.22929,0.0135956,0.0028028,1.23073e-06,360324.2644,0.01386536368,0.002803007092,7.551972245e-07,4.9466031390262355
6,6:104904584:A:T,104904584,T,A,0.0403743,0.0366058,0.00598709,9.71879e-10,360162.6475,0.03622097214,0.005987822564,1.456519984e-09,6.04910578976869
6,6:105837076:T:A,105837076,A,T,0.103378,-0.0226691,0.00386957,4.67997e-09,360394.2944,-0.0223422165,0.003870002404,7.778973934e-09,5.773178971906396
6,6:107130240:A:C,107130240,C,A,0.0388343,0.0425408,0.00609621,2.99424e-12,360570.3078,0.04259638605,0.006096713146,2.812692011e-12,6.986778782260259
6,6:108240381:T:C,108240381,C,T,0.773479,0.0215983,0.00281482,1.68344e-14,360290.6375,0.0214105102,0.002815067593,2.8340436840000002e-14,7.605682454389293
6,6:112614576:C:T,112614576,T,C,0.322546,0.0446044,0.00251673,2.97781e-70,361126.9321,0.0452631456,0.002525176007,7.55911943e-72,17.924748799500215
6,6:112652070:G:C,112652070,C,G,0.327252,-0.0109486,0.00251412,1.33198e-05,359461.642,-0.01275352732,0.002523345923,4.321694885e-07,5.05421282264675
6,6:113260175:G:C,113260175,C,G,0.204619,-0.01427,0.00292285,1.04955e-06,359765.2366,-0.01499685015,0.002925326952,2.950915363e-07,5.126555217955001
6,6:113491928:C:G,113491928,G,C,0.0439718,-0.0678919,0.00573666,2.61744e-32,361452.1115,-0.06568824159,0.005744125909,2.7721292270000003e-30,11.435724535055625
6,6:118672205:A:G,118672205,G,A,0.0335678,0.0500745,0.00654224,1.9525e-14,360217.123,0.05000662166,0.006543183523,2.129576122e-14,7.642552204782473
6,6:119118689:A:T,119118689,T,A,0.116353,-0.0218268,0.00367531,2.87456e-09,360159.8711,-0.02114153901,0.003678647209,9.078913796e-09,5.747096095074335
6,6:119973901:G:C,119973901,C,G,0.126978,-0.0189344,0.00353344,8.38977e-08,361408.675,-0.01966024047,0.003544288665,2.90579346e-08,5.547020101422805
6,6:120190074:A:T,120190074,T,A,0.907255,0.0208151,0.00406025,2.95243e-07,360599.4958,0.02135218174,0.004074843514,1.605762275e-07,5.240000423731609
6,6:121099486:A:C,121099486,C,A,0.232572,0.0281729,0.00278589,4.8886400000000004e-24,361024.096,0.0280159298,0.002787052913,8.98663285e-24,10.05217004288716
6,6:121794873:C:G,121794873,G,C,0.423821,-0.0158839,0.00238361,2.67204e-11,360510.9055,-0.01554765825,0.002384174468,6.975106722e-11,6.521191489414105
6,6:124364811:T:G,124364811,G,T,0.0345778,-0.100027,0.00644225,2.381e-54,360829.7504,-0.1000463885,0.006444613824,2.38578676e-54,15.524031576170358
6,6:126015353:C:T,126015353,T,C,0.122605,0.0216657,0.00359558,1.68601e-09,359664.1131,0.02267220752,0.0036036846,3.146232132e-10,6.2913961782338
6,6:126558941:A:C,126558941,C,A,0.618853,-0.0121799,0.00242564,5.13425e-07,360428.4926,-0.01292414764,0.002431092673,1.059632039e-07,5.316188800014535
6,6:128612235:T:G,128612235,G,T,0.156068,0.029574,0.00324782,8.605759999999999e-20,359978.8205,0.02719021977,0.003272775304,9.732788903999999e-17,8.308000777434367
6,6:128820513:T:A,128820513,A,T,0.266343,0.0166964,0.00266384,3.66607e-10,360731.6709,0.01435923541,0.002683952896,8.793840381e-08,5.350032570020185
6,6:129498757:A:G,129498757,G,A,0.0277769,-0.0439232,0.00716914,8.98053e-10,360373.7307,-0.04295312219,0.007171189106,2.102553563e-09,5.989679194774256
6,6:131189820:C:T,131189820,T,C,0.168068,0.0193272,0.00315105,8.60119e-10,360290.9865,0.01955273056,0.003157994531,5.959344978e-10,6.191502350008344
6,6:131304573:G:T,131304573,T,G,0.0132065,0.0695871,0.0103015,1.43027e-11,361669.9694,0.0763558308,0.0103502554,1.616616856e-13,7.377192914485955
6,6:131545837:G:T,131545837,T,G,0.729279,0.0119518,0.00265027,6.49516e-06,360713.0152,0.01311489641,0.00266236143,8.391322867e-07,4.926039065251934
6,6:133120813:C:G,133120813,G,C,0.0157121,0.0675546,0.00947195,9.90536e-13,360483.7906,0.06801937609,0.009473375809,6.968247947e-13,7.180056767660319
6,6:134285565:G:C,134285565,C,G,0.0180235,-0.0438335,0.00885122,7.33925e-07,360749.8608,-0.05033620105,0.008881790735,1.450244093e-08,5.667348235490711
6,6:134295360:C:A,134295360,A,C,0.255504,-0.0165055,0.00270067,9.87107e-10,360523.9225,-0.0173542506,0.002710030942,1.51646633e-10,6.4037093935143705
6,6:134458651:A:T,134458651,T,A,0.585566,0.012561,0.00239291,1.52792e-07,359968.91,0.01221245501,0.002398522777,3.549480026e-07,5.091656884440751
6,6:134588582:A:T,134588582,T,A,0.625514,0.0137413,0.00242955,1.55138e-08,361759.1161,0.01327409215,0.002436340849,5.083284942e-08,5.448372363599441
6,6:134888446:T:C,134888446,C,T,0.107361,0.020536,0.00380783,6.9294e-08,359972.7267,0.02057607866,0.003810202084,6.654469827e-08,5.400259148039456
6,6:137155966:A:C,137155966,C,A,0.342115,-0.0172273,0.00248364,4.03142e-12,360267.2687,-0.01729545909,0.002483994409,3.336679231e-12,6.962760877132071
6,6:137704165:C:T,137704165,T,C,0.24378,0.0158568,0.00274257,7.39901e-09,360728.3492,0.01619438935,0.002742918403,3.546360062e-09,5.904072586442157
6,6:140872773:C:T,140872773,T,C,0.0578207,0.0324323,0.00505634,1.41759e-10,359122.8218,0.0309954776,0.005063200939,9.257298436e-10,6.121715881598355
6,6:141704461:C:G,141704461,G,C,0.483758,-0.0158088,0.00238457,3.37051e-11,352230.0351,-0.01523348971,0.002387880329,1.776636136e-10,6.379502994766703
6,6:145247978:T:C,145247978,C,T,0.43263,0.0220207,0.00237616,1.91817e-20,360864.7677,0.02184618611,0.002376473386,3.831334445e-20,9.192691253644025
6,6:147248393:A:T,147248393,T,A,0.0184925,0.0520001,0.00874674,2.76573e-09,360211.7695,0.05245820879,0.008747308232,2.009110256e-09,5.99706874374151
6,6:148587295:C:T,148587295,T,C,0.428845,0.0182242,0.00237613,1.72809e-14,361673.6174,0.0182246659,0.002376412899,1.733678136e-14,7.66898122277866
6,6:150364872:T:C,150364872,C,T,0.206049,0.0185467,0.00291253,1.91866e-10,360436.1237,0.01856728419,0.002912713367,1.83481545e-10,6.374566203582091
6,6:152972822:C:G,152972822,G,C,0.165898,0.0179059,0.00316536,1.54302e-08,360775.5856,0.01785864268,0.003165695389,1.687693686e-08,5.6413016685226
6,6:153419367:T:C,153419367,C,T,0.19737,0.0160072,0.00295802,6.25525e-08,360867.8642,0.01581395362,0.002958345794,9.014824792e-08,5.345539271329685
6,6:155042674:G:A,155042674,A,G,0.662491,-0.0179345,0.00248867,5.75399e-13,361176.7473,-0.01841606774,0.002489445927,1.386080408e-13,7.397657261908464
6,6:155356354:C:A,155356354,A,C,0.0701282,-0.0331121,0.00461013,6.85958e-13,360892.6211,-0.03385099787,0.004611503432,2.127088012e-13,7.340555714455771
6,6:155521910:C:T,155521910,T,C,0.207944,0.013992,0.00289857,1.38515e-06,361480.0444,0.01452437047,0.002898903719,5.434591625e-07,5.010297642796601
6,6:156848179:A:T,156848179,T,A,0.611277,0.0342892,0.00241401,8.86775e-46,361063.139,0.03411836575,0.002414750903,2.5117516959999998e-45,14.129145042502131
6,6:161184287:T:G,161184287,G,T,0.476095,-0.0126657,0.00235926,7.94403e-08,360287.9037,-0.0127412181,0.002359425904,6.659081418e-08,5.400134871113969
6,6:162098496:C:A,162098496,A,C,0.197024,0.0237305,0.00296037,1.09508e-15,360737.3856,0.02157725857,0.002972342556,3.889706872e-13,7.259344494612148
6,6:162181429:A:G,162181429,G,A,0.62729,-0.0206473,0.00243239,2.10132e-17,361567.8629,-0.01906507642,0.002442165652,5.873875844e-15,7.8066270420218
6,6:164161454:T:G,164161454,G,T,0.107633,-0.0270715,0.00379822,1.02454e-12,360970.6547,-0.02708523334,0.003798510364,1.000135479e-12,7.1304882031381505
6,6:164606721:T:A,164606721,A,T,0.408506,0.0168852,0.00239738,1.88191e-12,360163.6195,0.01667149604,0.002397581075,3.564214589e-12,6.953464979281254
6,6:165618482:G:C,165618482,C,G,0.150205,-0.0202462,0.0032973,8.24852e-10,360430.2892,-0.0203591385,0.003297527793,6.655774562e-10,6.174061229512129
6,6:166933981:C:G,166933981,G,C,0.258807,-0.0200278,0.0026861,8.93379e-14,361379.6588,-0.02012437846,0.002686333722,6.8147042e-14,7.4913918159867405
6,6:167596251:G:A,167596251,A,G,0.0147007,0.051077,0.00978696,1.80099e-07,360535.1144,0.05162070725,0.009787885629,1.3352664e-07,5.273938540623706
6,6:167787790:A:T,167787790,T,A,0.166323,-0.0183971,0.00316535,6.17693e-09,360037.5883,-0.01828095498,0.003165672313,7.706904519e-09,5.774746459047039
6,6:168967209:A:T,168967209,T,A,0.452066,0.0133301,0.00236422,1.71894e-08,361275.1652,0.01331760165,0.002364393898,1.775491843e-08,5.63256471828367
6,6:169374831:A:G,169374831,G,A,0.058803,-0.0382935,0.00501396,2.22229e-14,359476.0697,-0.03831348791,0.005014545193,2.164282765e-14,7.640471156483602
12,12:365533:C:G,365533,G,C,0.374888,-0.0324635,0.00242985,1.0545400000000002e-40,361626.6196,-0.03236616255,0.002430496159,1.8513657850000002e-40,13.316689446370773
12,12:522470:T:C,522470,C,T,0.141627,0.0175757,0.00337636,1.93571e-07,361194.2541,0.01752989027,0.003376510641,2.08362695e-07,5.191717762455587
12,12:2011870:A:C,2011870,C,A,0.205766,-0.0216379,0.00291846,1.22666e-13,359581.2596,-0.02184017964,0.002918727544,7.276976048000001e-14,7.48277436340252
12,12:2943332:C:T,2943332,T,C,0.389463,0.0120713,0.0024167,5.88778e-07,360445.224,0.01194009219,0.002416844445,7.797671706e-07,4.940364372519639
12,12:4004195:C:T,4004195,T,C,0.0327465,0.0364318,0.00661683,3.67477e-08,360953.6067,0.03658573075,0.006617293941,3.224186719e-08,5.528805441650246
12,12:4419929:G:T,4419929,T,G,0.305709,0.0259198,0.00255533,3.57176e-24,361098.3764,0.02608299231,0.002555771153,1.873009443e-24,10.20552731389249
12,12:5373699:A:T,5373699,T,A,0.480998,-0.0236141,0.00236031,1.46438e-23,359850.2732,-0.02344516566,0.002361032473,3.0810735469999996e-23,9.93004794644347
12,12:5555238:T:G,5555238,G,T,0.312312,0.0187635,0.00254855,1.80989e-13,358807.06,0.01833757125,0.002549122561,6.306804607e-13,7.193679711816729
12,12:6075568:A:C,6075568,C,A,0.11553,0.0176885,0.0037047,1.80119e-06,356928.5739,0.01813592107,0.003705235199,9.846845894e-07,4.89467472264505
12,12:6298301:T:A,6298301,A,T,0.0189975,-0.0545365,0.00865673,2.98179e-10,358402.1596,-0.05546362609,0.00865813876,1.494334345e-10,6.405952552555303
12,12:6500521:A:C,6500521,C,A,0.255652,-0.0404955,0.00269816,6.684759999999999e-51,361128.347,-0.04055771467,0.002699064381,4.917252978e-51,15.026582898690775
12,12:9816145:A:G,9816145,G,A,0.111988,0.0197982,0.00375778,1.37563e-07,356456.2089,0.01989338212,0.003758001585,1.19927258e-07,5.2936066337502625
12,12:11388436:T:A,11388436,A,T,0.0167346,-0.0495708,0.00915982,6.2445e-08,362575.083,-0.04938414607,0.009160599135,7.009408847e-08,5.390929713463551
12,12:12083420:T:A,12083420,A,T,0.0150628,-0.0699779,0.0096732,4.69191e-13,360558.216,-0.06966224397,0.009674206246,5.985032958e-13,7.2008227030308865
12,12:13152992:T:G,13152992,G,T,0.47051,0.0127388,0.00235933,6.69415e-08,360955.7265,0.0126151391,0.002359503248,8.96597409e-08,5.346523303450863
12,12:14089340:A:T,14089340,T,A,0.0194248,0.0433636,0.00853255,3.73386e-07,360966.412,0.04548057508,0.008538487543,1.001025575e-07,5.326537615820001
12,12:14309814:C:T,14309814,T,C,0.202429,-0.0147112,0.00293539,5.39851e-07,359823.0629,-0.01540702305,0.002937435293,1.562318532e-07,5.24505955474676
12,12:17244411:G:T,17244411,T,G,0.0652668,0.0502259,0.00476388,5.51695e-26,361458.0157,0.05035651883,0.004767440201,4.442300074e-26,10.56259055319402
12,12:17948104:G:C,17948104,C,G,0.036996,-0.0307823,0.00623242,7.85326e-07,361715.762,-0.03140960067,0.006239857436,4.81090188e-07,5.033704854983806
12,12:18233129:T:G,18233129,G,T,0.914765,-0.0312914,0.00421723,1.17466e-13,360948.0454,-0.0309528332,0.004221782567,2.272553962e-13,7.331697620324178
12,12:18761932:A:C,18761932,C,A,0.37012,-0.0135345,0.0024412,2.95529e-08,360287.229,-0.01468377312,0.002447999997,1.99426627e-09,5.998273340684158
12,12:19538893:C:G,19538893,G,C,0.379021,0.0194151,0.00243162,1.416e-15,359653.6236,0.01683451109,0.00251208323,2.064115586e-11,6.701414542702075
12,12:19545086:C:T,19545086,T,C,0.0355434,0.0478553,0.00637576,6.1186e-14,359185.937,0.03721519944,0.006578033214,1.535970088e-08,5.657496432337108
12,12:21158300:G:T,21158300,T,G,0.0799828,-0.0212935,0.00436427,1.06645e-06,357148.0687,-0.02165706528,0.004364576557,6.976799874e-07,4.962008340824252
12,12:22411880:C:T,22411880,T,C,0.261356,-0.0145286,0.00268202,6.06302e-08,360467.394,-0.01447782223,0.002682248543,6.752174957e-08,5.3976438044056385
12,12:22875182:A:C,22875182,C,A,0.50443,-0.0209399,0.00235627,6.31224e-19,360613.4213,-0.02093189602,0.002356587917,6.549813228e-19,8.882289461386558
12,12:25595196:C:T,25595196,T,C,0.519704,-0.0154903,0.00236226,5.48305e-11,359352.4674,-0.01375574609,0.002391251255,8.791733313e-09,5.752530630663485
12,12:25736981:G:T,25736981,T,G,0.49397,0.015029,0.00235658,1.80267e-10,360580.9801,0.0130552338,0.002385475386,4.429756598e-08,5.472801721878676
12,12:26287462:G:T,26287462,T,G,0.0705569,0.0262928,0.00460163,1.1057e-08,360469.057,0.02683330551,0.004602676329,5.54488484e-09,5.829935366285018
12,12:26648313:T:A,26648313,A,T,0.022527,-0.0748952,0.00795529,4.7788899999999995e-21,359141.5803,-0.07327165934,0.007962021659,3.4924493280000004e-20,9.202645066554949
12,12:26977705:T:C,26977705,C,T,0.540349,-0.0120072,0.00236504,3.83714e-07,360315.0519,-0.01161417013,0.002367092376,9.2709724e-07,4.906513259793457
12,12:29679691:A:G,29679691,G,A,0.178741,-0.0163912,0.00307422,9.72813e-08,360814.9991,-0.01593714676,0.003075440278,2.194368419e-07,5.182069986533486
12,12:29866573:G:C,29866573,C,G,0.258566,0.0205305,0.00268988,2.30835e-14,360838.7561,0.02036464644,0.00269109422,3.807027114e-14,7.567422310468192
12,12:31588597:A:T,31588597,T,A,0.310591,-0.0129453,0.00254525,3.65775e-07,360857.0317,-0.01291341528,0.002545418221,3.911813364e-07,5.073199827620783
12,12:33227539:T:A,33227539,A,T,0.391287,-0.0124833,0.00244063,3.14244e-07,352816.5517,-0.01279973661,0.002441450504,1.582633765e-07,5.242677084392778
12,12:33944568:T:C,33944568,C,T,0.160079,0.0233767,0.00340134,6.30651e-12,321778.1238,0.02382726561,0.003402285531,2.499820572e-12,7.003311565974501
12,12:34315514:T:G,34315514,G,T,0.147671,0.0229952,0.00387521,2.96043e-09,264815.0967,0.02266656494,0.003875825507,4.969499919e-09,5.848190249809407
8,8:940118:C:T,940118,T,C,0.27657,0.0139301,0.00263479,1.24413e-07,360400.6945,0.01422922816,0.002635387781,6.690440362e-08,5.399291998918166
8,8:1295744:G:T,1295744,T,G,0.0340575,0.0353917,0.00649907,5.16511e-08,360255.5508,0.03603185535,0.006500816769,2.979009543e-08,5.542665888050044
8,8:1693921:G:A,1693921,A,G,0.0199021,0.0411784,0.00843081,1.03853e-06,361058.2189,0.0425461702,0.008431838822,4.514041526e-07,5.045894626091561
8,8:1918794:C:G,1918794,G,C,0.0314409,-0.0340356,0.00675562,4.70374e-07,360189.2731,-0.03418767069,0.006756040421,4.185715506e-07,5.0603117446919725
8,8:2182459:C:G,2182459,G,C,0.0814215,-0.0531966,0.00430239,4.138e-35,361455.0696,-0.05286801475,0.004303501974,1.092039915e-34,12.28488218883294
8,8:2764665:T:G,2764665,G,T,0.160487,0.0170633,0.00320231,9.91201e-08,362313.7641,0.01726431255,0.003202614129,7.018612617e-08,5.390693931457392
8,8:3554911:T:G,3554911,G,T,0.205121,-0.0186845,0.00291826,1.52939e-10,360499.2808,-0.01823505982,0.00291849792,4.154820618e-10,6.248097589872533
8,8:4261392:T:G,4261392,G,T,0.429531,0.0519655,0.00238178,1.83736e-105,359673.671,0.05173662664,0.002383441733,1.773880593e-104,21.70668824149518
8,8:5974344:C:A,5974344,A,C,0.11844,0.0210275,0.00364559,8.03202e-09,360733.8713,0.02131801009,0.003645922257,5.002678946e-09,5.847083011457641
8,8:6436646:G:T,6436646,T,G,0.251253,0.0136518,0.00271715,5.05492e-07,360420.0162,0.0135891006,0.002717427361,5.71158216e-07,5.0007226669710425
8,8:7031619:A:C,7031619,C,A,0.212854,-0.0151727,0.00287621,1.32652e-07,361161.245,-0.0152722521,0.002876424216,1.099520231e-07,5.309457490674943
8,8:7782332:C:G,7782332,G,C,0.75183,0.0146426,0.00272839,8.02131e-08,360409.6105,0.01488416972,0.002728590375,4.900222339e-08,5.454893433756981
8,8:9506517:T:G,9506517,G,T,0.349521,-0.0166384,0.00247775,1.88218e-11,358621.874,-0.01637808354,0.002478481563,3.892523925e-11,6.608111911946468
8,8:10444602:G:C,10444602,C,G,0.740197,-0.0159667,0.00268524,2.74889e-09,361004.5424,-0.01828873182,0.002697323058,1.199043446e-11,6.780326800587488
8,8:10562725:G:C,10562725,C,G,0.245997,-0.0280671,0.00273327,9.83217e-25,361175.4038,-0.02923841098,0.002745366954,1.74192583e-26,10.65009212608159
8,8:12360398:A:G,12360398,G,A,0.448323,0.0414121,0.00236729,1.71436e-68,360882.6091,0.04127229978,0.00236840419,5.219607052e-68,17.426206200048988
8,8:15617041:T:A,15617041,A,T,0.597295,0.0156726,0.00239982,6.55229e-11,361350.2838,0.0155691536,0.002400080149,8.760260727e-11,6.486930699579733
8,8:17648040:A:C,17648040,C,A,0.0365895,-0.0383713,0.00626937,9.34149e-10,361286.9006,-0.0388552084,0.006270134998,5.759721286e-10,6.1968695111658265
8,8:17728147:C:A,17728147,A,C,0.313311,-0.0205789,0.00254033,5.47418e-16,360510.4372,-0.02060908798,0.00254075368,5.003682092999999e-16,8.111407312809638
8,8:18577301:A:G,18577301,G,A,0.691413,0.0171489,0.00255126,1.79836e-11,360440.7253,0.01633903421,0.00255560732,1.622311455e-10,6.393405623051666
8,8:18762725:C:A,18762725,A,C,0.0708829,0.0337842,0.00460147,2.10795e-13,358957.1171,0.03109790212,0.004612669777,1.563884682e-11,6.741844446585451
8,8:18940200:G:T,18940200,T,G,0.764572,-0.0167086,0.002776,1.7572e-09,360872.5716,-0.01658707366,0.002779418603,2.404424307e-09,5.967821342958753
8,8:19187488:A:T,19187488,T,A,0.770053,0.01316,0.00279604,2.51882e-06,361618.937,0.01402107992,0.002798190095,5.421338826e-07,5.010767476110304
8,8:19388401:C:G,19388401,G,C,0.439004,0.0131034,0.00237509,3.45098e-08,360319.5527,0.0132693828,0.002376001012,2.340303135e-08,5.584754692015258
8,8:21108029:T:A,21108029,A,T,0.0708288,-0.029161,0.00459669,2.24282e-10,359971.6443,-0.02916503464,0.004597070038,2.234885537e-10,6.344265890864811
8,8:22454170:T:C,22454170,C,T,0.0981853,-0.0195724,0.00396402,7.91645e-07,359789.1136,-0.01955878041,0.003964308085,8.06786653e-07,4.933718568444713
8,8:25798529:A:C,25798529,C,A,0.109554,-0.0244856,0.00376925,8.25058e-11,361173.9693,-0.02453083063,0.003769605577,7.639525027e-11,6.5075324537063635
8,8:28091542:T:A,28091542,A,T,0.0555454,0.0400464,0.00514304,6.90562e-15,360720.5781,0.0405235994,0.005143868265,3.325565523e-15,7.878039893776323
8,8:28564403:G:C,28564403,C,G,0.0256,0.0378548,0.00746999,4.03097e-07,359637.2013,0.04157740429,0.007480268924,2.724512679e-08,5.558276675936257
8,8:28593659:A:T,28593659,T,A,0.490972,0.019002,0.00236204,8.66933e-16,358972.9465,0.01885979375,0.002369976792,1.751296435e-15,7.957796807826293
8,8:28917516:A:G,28917516,G,A,0.0479869,0.0322199,0.00551247,5.07296e-09,360589.9817,0.02974452441,0.005524659057,7.286609291e-08,5.383956566932815
8,8:30059929:G:A,30059929,A,G,0.0117983,-0.0712781,0.0109157,6.59023e-11,360324.0871,-0.07572323612,0.01092766167,4.223293719e-12,6.929500418912585
8,8:30158111:C:G,30158111,G,C,0.155328,-0.0232743,0.00325154,8.20572e-13,360857.0446,-0.02449560342,0.003255100005,5.2599491370000006e-14,7.525299801042519
8,8:31140176:A:G,31140176,G,A,0.985204,-0.0662649,0.00976565,1.15854e-11,360068.0353,-0.06455009337,0.009767474906,3.877679492e-11,6.608677676801395
8,8:31299602:G:A,31299602,A,G,0.609891,-0.0210767,0.0024155,2.6583600000000003e-18,360552.8407,-0.02055594302,0.002416345081,1.784307799e-17,8.50703948770966
8,8:32440320:C:T,32440320,T,C,0.198915,0.0194135,0.00296625,5.96607e-11,357025.4472,0.01939032892,0.002967970609,6.438149476e-11,6.533194385820821
8,8:33338606:A:C,33338606,C,A,0.255484,-0.0135434,0.00278833,1.19124e-06,338498.4025,-0.01688562936,0.00281298749,1.94016515e-09,6.002738874604807
8,8:33455656:C:G,33455656,G,C,0.439356,-0.016655,0.0024255,6.58483e-12,345419.9161,-0.018159639,0.002446282706,1.141852188e-13,7.4233607405472135
8,8:39022053:T:C,39022053,C,T,0.278687,-0.0196673,0.002626,6.93143e-14,361090.0525,-0.01949273574,0.002627227023,1.175549069e-13,7.419509455921122
8,8:39474911:G:T,39474911,T,G,0.195343,0.0190193,0.00297052,1.5285e-10,360902.5581,0.01837400371,0.002971837282,6.301099331e-10,6.182708528925441
8,8:40035461:A:C,40035461,C,A,0.631932,0.0151397,0.00244424,5.87121e-10,360230.5524,0.01520051968,0.002444406716,5.01960678e-10,6.21849039298745
8,8:40786727:A:G,40786727,G,A,0.149581,0.0522452,0.00330177,2.24216e-56,360751.8425,0.05274802238,0.003303131752,2.098103664e-57,15.969094283950925
8,8:41760371:G:T,41760371,T,G,0.349616,0.012365,0.00247141,5.64108e-07,360439.1779,0.01323549068,0.002471947557,8.589942929e-08,5.354276486376123
8,8:42758209:A:T,42758209,T,A,0.653364,-0.00855007,0.00262565,0.00112862,320624.0909,-0.01363835051,0.002659690133,2.93152626e-07,5.127796783836848
8,8:43134011:G:A,43134011,A,G,0.471187,0.0141391,0.00264506,9.0227e-08,287146.4903,0.02586375343,0.002753136426,5.760671653e-21,9.39428688885467
8,8:43220096:T:C,43220096,C,T,0.138575,0.0453193,0.00347674,7.897109999999999e-39,346779.5027,0.05405282332,0.003583179641,2.027952242e-51,15.085155849153809
10,10:41898797:T:C,41898797,C,T,0.236695,-0.013574,0.00277105,9.66104e-07,360614.4702,-0.01398192039,0.002785464713,5.17790189e-07,5.019600616279644
10,10:42041569:C:G,42041569,G,C,0.0240545,-0.0380453,0.00768561,7.41686e-07,360777.8607,-0.04312094719,0.007729742972,2.424975859e-08,5.578574520032566
10,10:42350283:G:C,42350283,C,G,0.0868087,-0.0256696,0.00418228,8.38125e-10,360787.4224,-0.02701527419,0.004207934208,1.36202763e-10,6.420079985718256
10,10:42507880:G:C,42507880,C,G,0.0613793,-0.0279515,0.00490721,1.22741e-08,360601.5112,-0.03083160856,0.004930741874,4.028097557e-10,6.252935024357352
10,10:43327927:C:T,43327927,T,C,0.199796,-0.0199112,0.00294506,1.37357e-11,360758.9686,-0.01511107664,0.003013248639,5.306691298e-07,5.014878773832245
10,10:43327931:C:G,43327931,G,C,0.139131,0.0380231,0.00340556,6.11501e-29,360047.316,0.03209213841,0.003485496012,3.343139606e-20,9.207337578213243
10,10:43696564:C:G,43696564,G,C,0.247207,-0.0245703,0.00273221,2.42109e-19,360069.1746,-0.02282714992,0.002740395812,8.092891607e-17,8.329873305177859
10,10:44020343:C:A,44020343,A,C,0.25757,0.0146162,0.00269048,5.55909e-08,361411.6683,0.01348489732,0.002693904217,5.565713705e-07,5.005707788310723
10,10:45831271:T:A,45831271,A,T,0.343515,0.0149292,0.00247673,1.66391e-09,361640.0197,0.01455075248,0.002477447471,4.272457234e-09,5.87328395468531
10,10:46288244:C:G,46288244,G,C,0.0595591,0.0287168,0.0049825,8.24411e-09,359777.1841,0.02823348247,0.004983846875,1.470262691e-08,5.664997978092977
10,10:47414065:T:A,47414065,A,T,0.457402,-0.017681,0.00236639,7.93226e-14,359941.3323,-0.01745272109,0.002366717599,1.652969956e-13,7.374230494324388
10,10:48138061:T:C,48138061,C,T,0.0496421,0.0217875,0.00542501,5.91749e-05,360321.4382,0.02731193142,0.005446608062,5.317585329e-07,5.014484447770422
10,10:48421204:C:T,48421204,T,C,0.235338,0.0272135,0.00277755,1.15991e-22,360285.6188,0.0277660431,0.002789047648,2.3889640929999998e-23,9.955384993121495
10,10:49232718:G:C,49232718,C,G,0.552471,-0.0558724,0.002386,3.5533700000000004e-121,354899.9471,-0.05568125273,0.00238800008,2.973288308e-120,23.317106727232606
10,10:51818411:A:G,51818411,G,A,0.144754,0.0167808,0.00335004,5.47044e-07,360077.5884,0.01691334316,0.003350428016,4.461924757e-07,5.048114175033809
10,10:52345265:G:T,52345265,T,G,0.71611,-0.0258678,0.00261136,3.95298e-23,360800.0046,-0.02583591811,0.00261208164,4.557713427e-23,9.890930556825936
10,10:52668455:G:T,52668455,T,G,0.40761,-0.0117346,0.00239633,9.73979e-07,360805.6253,-0.01213620063,0.00239664642,4.109245843e-07,5.063826073267829
10,10:53950620:G:T,53950620,T,G,0.353022,0.0169548,0.00246442,6.00234e-12,360636.9593,0.01699122703,0.002464736662,5.43484496e-12,6.893729172759796
10,10:55358283:G:A,55358283,A,G,0.373672,0.0325604,0.00243592,9.67089e-41,360092.5217,0.02972863512,0.002447773432,6.085273049e-34,12.145174357787539
10,10:55898363:G:A,55898363,A,G,0.132902,0.0213303,0.00347139,8.02493e-10,360243.3155,0.01745735634,0.003480102252,5.266665369e-07,5.016334313156268
10,10:56292029:C:G,56292029,G,C,0.147679,-0.039101,0.003339,1.14268e-31,356390.5078,-0.03630751355,0.00334831211,2.140555505e-27,10.843527233188546
10,10:56814892:G:T,56814892,T,G,0.0954827,-0.0212794,0.00401915,1.19414e-07,358594.8284,-0.02100836127,0.004020184714,1.734783398e-07,5.225720399572665
10,10:58210291:A:G,58210291,G,A,0.285324,-0.0157799,0.00260943,1.47465e-09,360300.6799,-0.01586640471,0.002610530012,1.218061013e-09,6.077848037396936
10,10:58777845:C:A,58777845,A,C,0.146118,-0.0272709,0.00333187,2.73472e-16,361151.7584,-0.02625333056,0.003333105802,3.365797828e-15,7.876536815677116
10,10:59074329:T:C,59074329,C,T,0.426645,-0.0189639,0.00238302,1.75445e-15,360102.3494,-0.01820002203,0.002383811717,2.2610032430000003e-14,7.634840411349483
10,10:59966102:G:A,59966102,A,G,0.408595,0.0182094,0.00240055,3.31981e-14,359235.1773,0.01636984753,0.002404541776,9.904294284e-12,6.807886514341017
10,10:60335472:T:C,60335472,C,T,0.50491,0.0314197,0.00235712,1.5903600000000002e-40,360057.7711,0.03134404285,0.00236046461,3.074434635e-40,13.278759917523187
10,10:60644828:G:C,60644828,C,G,0.0446086,-0.0505675,0.00570484,7.75553e-19,360633.8561,-0.04917494579,0.005711274485,7.29632805e-18,8.610152763477275
10,10:61507295:T:A,61507295,A,T,0.0556911,-0.0418055,0.00514742,4.61379e-16,358995.5688,-0.03521433885,0.005174498392,1.007949e-11,6.8053627969897335
10,10:61694761:T:C,61694761,C,T,0.247671,0.0320629,0.00273005,7.645030000000001e-32,360128.5019,0.03173260353,0.002749819319,8.303446815999999e-31,11.539886752101184
10,10:61932025:G:T,61932025,T,G,0.390607,0.0212576,0.00241238,1.2360700000000001e-18,361098.4792,0.02365697564,0.002417453047,1.2942694810000001e-22,9.785909045620441
10,10:63109822:C:A,63109822,A,C,0.526574,0.0185363,0.00235724,3.74364e-15,361122.4436,0.02069391504,0.002395125913,5.620744514e-18,8.64001133622239
10,10:63583295:T:A,63583295,A,T,0.0763492,-0.0185754,0.00443268,2.78336e-05,361061.9941,-0.02544657634,0.004503729829,1.603436661e-08,5.6501116421652915
10,10:64500728:C:A,64500728,A,C,0.162928,-0.0207692,0.0031874,7.22885e-11,361048.2239,-0.02013904049,0.003189189808,2.70541422e-10,6.314782657175731
10,10:64742757:G:T,64742757,T,G,0.032179,-0.0489353,0.0066682,2.16285e-13,361242.1339,-0.04805645631,0.006672089904,5.90710868e-13,7.202609227610912
10,10:65929225:C:G,65929225,G,C,0.259746,-0.0155583,0.00268142,6.54783e-09,361866.3794,-0.01516844373,0.0026818928,1.550565452e-08,5.655872497961142
10,10:66640681:A:T,66640681,T,A,0.177086,0.0297892,0.00308767,5.05335e-22,360027.1577,0.02970664335,0.003088753233,6.733198329e-22,9.617681021784623
10,10:67765475:A:G,67765475,G,A,0.517636,-0.000868584,0.0023568,0.712468,360747.208,-0.02711918144,0.003468700031,5.356059765e-15,7.818255022813762
10,10:67794716:G:C,67794716,C,G,0.561492,0.0165857,0.00237235,2.72868e-12,361002.7792,0.03654390211,0.003491623288,1.235485505e-25,10.466164043410402
10,10:69592173:C:A,69592173,A,C,0.309748,-0.0300316,0.00254785,4.61534e-32,360343.4656,-0.02983760955,0.002548509621,1.16166438e-31,11.707866159944938
10,10:70428130:G:T,70428130,T,G,0.120883,0.0296816,0.00362004,2.42673e-16,359193.1482,0.02998823936,0.003620583095,1.204035036e-16,8.282709876597929
10,10:70636681:A:C,70636681,C,A,0.026789,-0.0391976,0.00730381,8.02264e-08,359708.5386,-0.03943298021,0.007304438159,6.720186479e-08,5.398496003613028
10,10:71262439:C:G,71262439,G,C,0.21645,-0.0336545,0.00286099,6.12155e-32,360266.7677,-0.03367762259,0.002861637299,5.661990300000001e-32,11.768655168762532
10,10:73393223:G:A,73393223,A,G,0.54816,0.0247899,0.00239207,3.66982e-25,352919.8287,0.02446100581,0.002399181588,2.075396168e-24,10.195562491954234
10,10:74418157:T:G,74418157,G,T,0.405365,0.0196942,0.0026921,2.56876e-13,286343.9557,0.02185360768,0.00273883249,1.473215838e-15,7.979169138598908
10,10:74749209:C:A,74749209,A,C,0.595603,0.0144534,0.00243267,2.8293e-09,350972.5219,0.01917968838,0.002473061805,8.803603147e-15,7.755442399871604
10,10:78890149:C:T,78890149,T,C,0.18605,0.0192814,0.00302281,1.78883e-10,361534.6972,0.01931888939,0.003023077062,1.653744628e-10,6.390472023633779
10,10:80057533:G:C,80057533,C,G,0.301597,-0.0130251,0.00256432,3.78929e-07,361193.0515,-0.01496705345,0.002567891253,5.591484279e-09,5.828538662809176
10,10:80306520:T:G,80306520,G,T,0.0701213,0.0234527,0.00461517,3.74354e-07,360217.7972,0.02322860488,0.004619874091,4.95690147e-07,5.027973581628937
10,10:80442725:G:A,80442725,A,G,0.010755,-0.125772,0.0114044,2.8164100000000003e-28,361445.3845,-0.1260886651,0.01141917129,2.400654374e-28,11.041840243732782
10,10:80896585:T:G,80896585,G,T,0.118855,0.0240317,0.00364062,4.08937e-11,360395.9644,0.02388015832,0.003640971376,5.426694449e-11,6.558732781424646
10,10:83551069:T:C,83551069,C,T,0.52363,0.0137096,0.00235663,5.97874e-09,361123.3198,0.0132087629,0.002358343017,2.132837337e-08,5.6008658642043505
10,10:83717751:A:T,83717751,T,A,0.295828,-0.0159301,0.0025778,6.42768e-10,361397.8805,-0.0163259062,0.002583649974,2.63378643e-10,6.3189311107511505
10,10:83809914:A:C,83809914,C,A,0.0108161,-0.0552186,0.0113776,1.21494e-06,361218.9998,-0.05594926867,0.01140645742,9.340251247e-07,4.905052165617956
10,10:83849070:C:A,83849070,A,C,0.020199,0.0605138,0.00838025,5.17098e-13,359917.8232,0.05712695415,0.008385293458,9.574679249e-12,6.812755502969066
10,10:84965420:A:G,84965420,G,A,0.787992,-0.0151487,0.00288204,1.47105e-07,360529.3428,-0.01534115617,0.002882807556,1.028570755e-07,5.321602594689466
10,10:85568297:T:A,85568297,A,T,0.25138,0.0295083,0.00271759,1.83993e-27,359870.0328,0.02949876049,0.002718541753,1.973633583e-27,10.850949946767289
10,10:87403650:G:C,87403650,C,G,0.0829241,-0.0286558,0.00426431,1.821e-11,361751.3526,-0.02830004835,0.004264787733,3.228652967e-11,6.635746049216091
10,10:88246148:T:A,88246148,A,T,0.268648,0.012948,0.00265601,1.08869e-06,360952.364,0.01337557754,0.002658040444,4.850863497e-07,5.032119646709183
10,10:88603447:T:A,88603447,A,T,0.346208,-0.022969,0.00247536,1.7192699999999998e-20,360654.0834,-0.02352849301,0.002477084142,2.130102052e-21,9.498463379206438
10,10:88868815:A:T,88868815,T,A,0.294987,0.0194668,0.00258528,5.09077e-14,359885.5196,0.0194250793,0.002586170968,5.861690085000001e-14,7.511135010158384
10,10:89840359:C:G,89840359,G,C,0.399408,0.0181797,0.00240585,4.15189e-14,360284.6369,0.01824468561,0.002406196476,3.392841804e-14,7.5823756671481375
10,10:90950742:G:A,90950742,A,G,0.367914,0.0149119,0.00244351,1.04432e-09,360290.1146,0.01477246658,0.002443688943,1.492709211e-09,6.0451501498650435
10,10:93242486:A:T,93242486,T,A,0.0535545,-0.0287987,0.00523262,3.72197e-08,360480.2682,-0.02852872187,0.005233105693,4.992277636e-08,5.4515852619145635
10,10:94168015:C:A,94168015,A,C,0.0684328,0.0263769,0.00467511,1.68232e-08,359043.6902,0.02677607408,0.004678580145,1.045855372e-08,5.723119675232153
10,10:95240363:C:T,95240363,T,C,0.275517,0.0162299,0.00264238,8.14946e-10,358951.0085,0.01636518903,0.002644242106,6.055076774e-10,6.188990407824631
10,10:95536323:T:C,95536323,C,T,0.443628,-0.0188138,0.00237923,2.63272e-15,358026.4059,-0.02031284112,0.002385258826,1.6517260000000002e-17,8.515990339741856
10,10:95764791:C:A,95764791,A,C,0.543576,-0.0161712,0.00269144,1.87579e-09,278351.6784,-0.0169563338,0.002702381944,3.505609122e-10,6.2745881786427455
10,10:96214126:T:A,96214126,A,T,0.21228,0.0221841,0.0028797,1.32597e-14,360745.6294,0.02195447404,0.002886830661,2.848070992e-14,7.605043945457805
10,10:96508190:T:C,96508190,C,T,0.109222,0.0180226,0.00378203,1.88634e-06,359493.4542,0.01932602054,0.003785985691,3.314588404e-07,5.104620597468602
10,10:97577031:C:T,97577031,T,C,0.354143,0.0185768,0.00246181,4.49893e-14,360873.7923,0.01838033741,0.002462225632,8.334508583e-14,7.464928141077853
10,10:97975591:T:G,97975591,G,T,0.0908002,0.0210012,0.00410033,3.02757e-07,360439.6814,0.02131310619,0.00410108281,2.025891044e-07,5.196946069469882
10,10:99047611:G:A,99047611,A,G,0.0676725,0.0215237,0.00469549,4.56494e-06,359649.9775,0.02422856336,0.004708078649,2.658614404e-07,5.14616793097672
10,10:99049884:T:C,99049884,C,T,0.0677294,0.0249767,0.00468636,9.84576e-08,360764.0519,0.02628944751,0.004698780189,2.206833851e-08,5.594951551797308
10,10:101779065:G:C,101779065,C,G,0.094481,0.0488321,0.00408002,5.26524e-33,351159.3506,0.04790220063,0.004098645247,1.479734515e-31,11.687325382713222
10,10:102606298:A:G,102606298,G,A,0.11938,-0.0265235,0.00363422,2.92124e-13,360280.8787,-0.02006418738,0.003686234052,5.238941497e-08,5.4430041871904455
10,10:103272081:C:T,103272081,T,C,0.380219,0.0147057,0.00243282,1.498e-09,358683.7496,0.01275362978,0.002458753113,2.136726345e-07,5.187031472403061
10,10:103488077:C:G,103488077,G,C,0.166375,-0.0226876,0.00316306,7.36899e-13,360505.8611,-0.02113596171,0.003168857407,2.559779539e-11,6.669899902504513
10,10:103931741:T:A,103931741,A,T,0.585899,-0.0282948,0.00239081,2.6147100000000003e-32,360628.5927,-0.02783826764,0.002392951482,2.7862394739999997e-31,11.633444242142808
10,10:105819296:G:C,105819296,C,G,0.245791,0.0241427,0.00273888,1.2037600000000002e-18,359708.306,0.02309105006,0.002739922712,3.527415702e-17,8.427628253478998
10,10:106267549:C:T,106267549,T,C,0.398545,0.066561,0.00240786,5.05604e-168,359237.9201,0.06559550613,0.00241203724,7.429464694e-163,27.195063592799254
10,10:106658544:A:T,106658544,T,A,0.507771,0.0141036,0.00235303,2.05194e-09,361505.3947,0.01297212226,0.002354433097,3.595305901e-08,5.509658472151523
10,10:106871618:C:A,106871618,A,C,0.240147,-0.015047,0.00276194,5.09812e-08,359399.008,-0.01563826569,0.002763266978,1.519567697e-08,5.65933940314326
10,10:107440249:T:A,107440249,A,T,0.332169,-0.0141418,0.00250069,1.55808e-08,360631.835,-0.01229144751,0.002502985267,9.074485798e-07,4.910715085723275
10,10:108551465:G:C,108551465,C,G,0.370603,-0.0255696,0.00243745,9.65284e-26,360919.6531,-0.0250959078,0.002439737843,8.122708979000001e-25,10.286313290587426
10,10:109068557:C:A,109068557,A,C,0.556048,0.0492931,0.00237161,6.78465e-96,359908.5316,0.04925575863,0.002374576615,1.419045695e-95,20.742964585288817
10,10:109343877:A:T,109343877,T,A,0.107034,-0.0228681,0.00385403,2.96708e-09,352385.2653,-0.02150196847,0.003856958992,2.477430064e-08,5.574850164235295
10,10:109758391:C:A,109758391,A,C,0.779673,0.0137376,0.00285483,1.49444e-06,357337.9251,0.0157881559,0.002856733713,3.264106677e-08,5.526645983191783
10,10:111337640:C:A,111337640,A,C,0.80199,-0.0181316,0.00295578,8.5629e-10,360580.5966,-0.01805728351,0.002956057058,1.00527332e-09,6.10857069254852
10,10:111826143:T:C,111826143,C,T,0.208072,-0.0169447,0.0029037,5.366e-09,360084.199,-0.01670751024,0.002904059179,8.759173907e-09,5.753157635635084
10,10:112768330:C:T,112768330,T,C,0.574086,-0.0146584,0.0023884,8.40096e-10,358665.3023,-0.01488564086,0.002388671005,4.612034483e-10,6.231766881601177
10,10:113057347:G:C,113057347,C,G,0.238573,-0.0434563,0.00276314,1.0289800000000001e-55,360491.2585,-0.04391286938,0.002764219636,7.900697251e-57,15.8861722882284
10,10:113353414:C:G,113353414,G,C,0.610465,-0.0135834,0.00241501,1.86106e-08,360715.4569,-0.01356652145,0.002415305079,1.944164916e-08,5.616897661481711
10,10:115429334:T:C,115429334,C,T,0.148414,-0.0160548,0.00331424,1.27192e-06,360369.8021,-0.01621577785,0.003314477408,9.960936749e-07,4.8924086225058385
10,10:117344017:T:C,117344017,C,T,0.153428,-0.0246174,0.00326908,5.07091e-14,360379.4426,-0.02490180598,0.003270314289,2.647155426e-14,7.614499335357306
10,10:117428667:T:G,117428667,G,T,0.367562,0.0142644,0.00244307,5.2646e-09,360567.45,0.01512390031,0.002451000595,6.807417517e-10,6.170500464525592
10,10:117637771:C:A,117637771,A,C,0.201593,-0.0131317,0.00293476,7.65966e-06,360893.3686,-0.01458912262,0.002945284762,7.293432709e-07,4.953382711318289
10,10:117777330:T:C,117777330,C,T,0.0313438,-0.0378926,0.00675927,2.07189e-08,360652.726,-0.03845200044,0.006761524141,1.293786097e-08,5.686883554380554
10,10:119264024:A:C,119264024,C,A,0.479093,0.0244016,0.00235802,4.29228e-25,360449.1172,0.02088853961,0.002371886447,1.2886114749999999e-18,8.806719915458077
10,10:119377305:T:G,119377305,G,T,0.286025,-0.0372092,0.00260765,3.5020800000000002e-46,360094.8139,-0.03370296824,0.002626672598,1.098646127e-37,12.831050305113056
10,10:119441982:G:T,119441982,T,G,0.0288965,0.0681013,0.00704566,4.24355e-22,359071.4349,0.05425022455,0.007097976871,2.1212803220000002e-14,7.643054568358567
10,10:120249738:A:C,120249738,C,A,0.0128181,-0.0639755,0.0104667,9.82985e-10,360879.8309,-0.06439711513,0.01046761597,7.649612678e-10,6.152032641870028
10,10:123158326:A:T,123158326,T,A,0.532327,0.0178716,0.00236392,4.03591e-14,359577.5725,0.0179311394,0.002364145417,3.3346859020000005e-14,7.584617795107484
10,10:123807670:A:T,123807670,T,A,0.108745,-0.0326239,0.00378574,6.8651600000000005e-18,360118.6132,-0.0325743398,0.003786198706,7.736056356e-18,8.603441691631067
10,10:131083010:C:T,131083010,T,C,0.26495,0.0223945,0.00266664,4.5565e-17,361204.8606,0.02250071291,0.002666925077,3.2572636409999997e-17,8.43694976812429
10,10:131489267:C:A,131489267,A,C,0.0539651,-0.0570407,0.00520615,6.25275e-28,361451.6817,-0.05714178487,0.005207497204,5.154260839e-28,10.972984263171194
10,10:131709920:A:C,131709920,C,A,0.498124,-0.0157583,0.00235246,2.10688e-11,361589.389,-0.01612400653,0.002352849795,7.233280379e-12,6.852968924860755
10,10:132256196:G:T,132256196,T,G,0.280746,0.0144336,0.00262018,3.6188e-08,360872.1158,0.01567043681,0.002626557709,2.429172488e-09,5.966149822752667
10,10:132270103:G:C,132270103,C,G,0.0117872,0.0591821,0.0108946,5.56834e-08,361850.2154,0.06450341787,0.01092081742,3.495280684e-09,5.906464268129849
10,10:132919685:G:A,132919685,A,G,0.473738,-0.0165779,0.00235588,1.97023e-12,361527.9802,-0.01697232266,0.002356539706,5.923903613e-13,7.202222231514566
10,10:133534734:T:G,133534734,G,T,0.011439,-0.0854168,0.0110778,1.25489e-14,360477.1713,-0.08676118347,0.01108084631,4.885158339e-15,7.829833664573226
17,17:29003181:G:T,29003181,T,G,0.441601,0.0164417,0.0023799,4.90444e-12,358300.2853,0.01651279066,0.002380064419,3.978035802e-12,6.937959547724326
17,17:31967080:A:C,31967080,C,A,0.293703,0.0236229,0.00258804,7.029629999999999e-20,360129.683,0.02370450363,0.002588363938,5.2817572820000007e-20,9.158103032572848
17,17:35808808:C:G,35808808,G,C,0.448429,-0.0140027,0.00237127,3.52683e-09,359830.4242,-0.01388707944,0.002371424691,4.74128422e-09,5.856006936549182
17,17:40251490:A:T,40251490,T,A,0.247897,-0.0305501,0.00275525,1.4500900000000002e-28,353488.6557,-0.03040066374,0.002756074729,2.725869165e-28,11.030420699452668
17,17:41164587:T:G,41164587,G,T,0.243693,-0.0158237,0.00274643,8.34093e-09,359980.3578,-0.0156234982,0.002746870857,1.287286099e-08,5.68774398701191
17,17:41909325:A:T,41909325,T,A,0.0946766,-0.0289418,0.00402453,6.42767e-13,360460.8073,-0.02882646082,0.004025065955,7.966157052e-13,7.1617362652632615
17,17:42919764:G:A,42919764,A,G,0.0815103,0.0299296,0.00430609,3.64546e-12,360483.9285,0.02978457075,0.004306505973,4.639845908e-12,6.916180062616157
17,17:44692841:T:G,44692841,G,T,0.0273398,-0.0449908,0.00722242,4.68967e-10,360768.3432,-0.04544145337,0.00722317042,3.152899946e-10,6.291067596048772
17,17:47764953:G:T,47764953,T,G,0.783602,-0.0147966,0.00286522,2.41604e-07,359501.0415,-0.01496687213,0.002865422403,1.757916859e-07,5.223269042054739
17,17:49080321:G:C,49080321,C,G,0.313607,0.0203061,0.00253905,1.27351e-15,360594.3896,0.02030115227,0.002539429064,1.302311298e-15,7.994376593462507
17,17:49933597:C:G,49933597,G,C,0.165435,-0.0255847,0.00317059,7.08764e-16,360537.9036,-0.02579676624,0.003170951559,4.1078684529999995e-16,8.135339111940057
17,17:52118684:T:A,52118684,A,T,0.0589611,0.0620203,0.00500122,2.62353e-35,360484.6576,0.06391058689,0.005006643795,2.566374302e-37,12.765155562659716
17,17:52700266:G:A,52700266,A,G,0.204035,0.017241,0.00292739,3.87611e-09,359579.8853,0.01825541565,0.002930220564,4.662913891e-10,6.2300483022615225
17,17:54093583:A:T,54093583,T,A,0.011045,0.0886877,0.0112542,3.2726e-15,361702.093,0.08612005419,0.01126026875,2.0391526530000003e-14,7.648134880439688
17,17:54404258:T:G,54404258,G,T,0.0696079,-0.037502,0.00462497,5.1367e-16,361223.2214,-0.03579580991,0.004627329907,1.028053133e-14,7.735737591531962
17,17:54836910:A:G,54836910,G,A,0.362629,0.0136839,0.00245069,2.3567e-08,360518.825,0.0139166637,0.002451050856,1.364097524e-08,5.677835556097495
17,17:55398437:G:T,55398437,T,G,0.566446,0.0838982,0.00237674,1.74077e-272,359525.271,0.08387407369,0.002381014054,7.942510784e-272,35.22619849685272
17,17:55723963:C:A,55723963,A,C,0.139647,-0.0167881,0.00339755,7.76592e-07,360850.8276,-0.01682992742,0.003397757952,7.29860026e-07,4.95324495086341
17,17:56830589:C:T,56830589,T,C,0.528905,-0.0133766,0.00235424,1.33293e-08,362385.4574,-0.01290904631,0.002354479064,4.187382326e-08,5.482761137008776
17,17:58238131:T:A,58238131,A,T,0.0665751,-0.0282775,0.00477684,3.22809e-09,352924.1672,-0.02815304243,0.004778662038,3.829214089e-09,5.891406884631417
17,17:58991526:A:G,58991526,G,A,0.0337495,0.050185,0.00656037,2.01926e-14,356543.1436,0.04844377323,0.006564121855,1.581892339e-13,7.380084389064104
17,17:59868300:C:G,59868300,G,C,0.717384,0.024814,0.00266875,1.43905e-20,346517.0318,0.02444523805,0.002670752077,5.540388533000001e-20,9.152941697777813
17,17:60265267:C:T,60265267,T,C,0.382253,-0.0134342,0.00242572,3.05729e-08,360178.0361,-0.01257320524,0.002427531137,2.225758985e-07,5.179420790267705
17,17:61303995:C:T,61303995,T,C,0.446649,-0.0113825,0.00237025,1.56964e-06,360424.1888,-0.01169364365,0.002370701904,8.115633557e-07,4.932566017798246
17,17:62058409:A:C,62058409,C,A,0.754187,0.0272818,0.00273967,2.34187e-23,359581.1749,0.01963349933,0.00282695303,3.781659478e-12,6.945109848535404
17,17:62181423:G:C,62181423,C,G,0.182336,-0.0388401,0.00305376,4.73744e-37,359819.5728,-0.03320290978,0.003151312327,5.881765618e-26,10.536216767700918
17,17:63516486:G:A,63516486,A,G,0.150991,-0.0117732,0.00333575,0.000416558,350857.9825,-0.01646598498,0.003348184293,8.748432377e-07,4.917884900907395
17,17:63873187:C:T,63873187,T,C,0.152664,-0.0562818,0.00337201,1.61164e-62,339994.1565,-0.05743926039,0.003385880283,1.507569684e-64,16.96435065303223
17,17:66729477:T:C,66729477,C,T,0.554094,-0.0147338,0.00237076,5.14443e-10,360369.9773,-0.01468842034,0.002371117943,5.838738995e-10,6.194723625352785
17,17:67039334:A:C,67039334,C,A,0.409835,-0.0146782,0.00239554,8.94734e-10,360547.5285,-0.01395304564,0.002398240554,5.954370942e-09,5.81803423210731
17,17:67414149:C:A,67414149,A,C,0.185106,0.018234,0.00303071,1.78497e-09,361196.2137,0.01748319392,0.003034251405,8.314941314e-09,5.761946386904614
17,17:69390599:A:T,69390599,T,A,0.713864,0.0151308,0.00260912,6.66824e-09,359898.8202,0.01507282164,0.002609405524,7.634161718e-09,5.776343117759108
17,17:69704014:G:A,69704014,A,G,0.463551,-0.0181145,0.00236251,1.75858e-14,360539.6291,-0.01680665653,0.002367984322,1.270773501e-12,7.097452619874228
17,17:69996745:T:G,69996745,G,T,0.429038,-0.0159243,0.00237886,2.17359e-11,360996.052,-0.01483897936,0.002382408839,4.707380733e-10,6.2285612431779604
17,17:70109114:G:T,70109114,T,G,0.102353,-0.0223317,0.00388781,9.25326e-09,360363.7573,-0.02049058345,0.00389240203,1.407616049e-07,5.264251557797076
17,17:71775481:T:A,71775481,A,T,0.12542,0.0251468,0.00355123,1.43227e-12,361753.6775,0.0249705251,0.003551656948,2.055453014e-12,7.030669196263829
17,17:72162271:A:T,72162271,T,A,0.127878,-0.0266497,0.00353599,4.83121e-14,358866.7559,-0.02644743861,0.003536348627,7.503748589000001e-14,7.478741888758921
17,17:72890778:C:T,72890778,T,C,0.281138,-0.0205873,0.00261744,3.68923e-15,361413.3636,-0.02066237317,0.002617776245,2.9476808080000002e-15,7.893101333418205
17,17:73277736:T:G,73277736,G,T,0.0626835,-0.0388735,0.00486034,1.26727e-15,360534.8411,-0.03885706264,0.004861154532,1.312870815e-15,7.9933814866842425
17,17:73540972:A:T,73540972,T,A,0.354805,-0.0172019,0.00246145,2.78292e-12,360807.4923,-0.01677615302,0.002461766019,9.44723879e-12,6.8146821795901955
17,17:74784458:C:A,74784458,A,C,0.143585,-0.0262609,0.00336369,5.86483e-15,359665.0484,-0.02601466126,0.003364059485,1.0494582660000001e-14,7.733115712131944
17,17:77447309:C:G,77447309,G,C,0.207434,-0.0220832,0.00290183,2.74564e-14,361466.6218,-0.02211559341,0.002902116076,2.526829212e-14,7.620506151663659
17,17:78958051:G:A,78958051,A,G,0.512467,-0.0145442,0.00235762,6.87853e-10,360357.6067,-0.01465988422,0.002357797033,5.04754527e-10,6.217619250011161
17,17:79417104:G:A,79417104,A,G,0.271693,0.0281776,0.00264911,2.0308e-26,360302.9556,0.02837182313,0.002649597334,9.338163326e-27,10.707975421747612
17,17:80461147:T:C,80461147,C,T,0.200941,0.0157115,0.00293404,8.56638e-08,362062.2328,0.01585670467,0.002934178718,6.512104794e-08,5.404137305176923
4,4:52029768:C:T,52029768,T,C,0.481259,-0.0287749,0.00235612,2.69633e-34,360686.7677,-0.02802357896,0.002358477916,1.467045908e-32,11.882061209853617
4,4:52720569:T:C,52720569,C,T,0.021288,0.0529753,0.00815841,8.40642e-11,360564.0352,0.05056184551,0.008166382976,5.960891178e-10,6.191461465693573
4,4:53103233:C:T,53103233,T,C,0.0426247,0.0288389,0.00582157,7.28092e-07,361560.2979,0.02852990041,0.005823812449,9.640620802e-07,4.898835712832551
4,4:55658829:C:A,55658829,A,C,0.284146,-0.0126966,0.00261182,1.16721e-06,360373.6681,-0.01307101532,0.0026127567,5.651296902e-07,5.002767888797299
4,4:55885330:G:A,55885330,A,G,0.0417242,0.0297314,0.00588423,4.35763e-07,361198.1355,0.03066260611,0.005886015622,1.89452919e-07,5.2093993762764095
4,4:56279371:C:A,56279371,A,C,0.28321,-0.0127101,0.00261871,1.21292e-06,359194.9353,-0.01303352484,0.002619003727,6.473753762e-07,4.976520157506442
4,4:56567602:A:G,56567602,G,A,0.384869,0.0163093,0.00242117,1.62921e-11,360286.6838,0.01608400118,0.002421473316,3.089563146e-11,6.642237630175067
4,4:57926676:C:A,57926676,A,C,0.209752,0.0159426,0.00288825,3.39613e-08,361624.914,0.01590364067,0.002888429106,3.67114597e-08,5.505982693833165
4,4:61207237:T:G,61207237,G,T,0.253729,0.0149915,0.00270803,3.09779e-08,360100.2666,0.01792855266,0.002734459295,5.507582936e-11,6.556525706117706
4,4:61282466:T:G,61282466,G,T,0.582844,-0.016793,0.00238548,1.93007e-12,361386.628,-0.01618613853,0.002395398313,1.407029613e-11,6.757180399667419
4,4:61305536:A:T,61305536,T,A,0.0178903,-0.0535219,0.00889308,1.76349e-09,359839.0434,-0.05560479918,0.009008505856,6.722812249e-10,6.172477441746362
4,4:62858590:G:C,62858590,C,G,0.828224,-0.0176878,0.00312506,1.51507e-08,359888.8113,-0.017231322,0.003126112937,3.54658012e-08,5.512059975842133
4,4:63103843:A:T,63103843,T,A,0.0649227,-0.03214,0.00477809,1.74019e-11,360767.0061,-0.03045071209,0.004795902399,2.162707809e-10,6.34931855501257
4,4:63146150:G:A,63146150,A,G,0.080603,0.029851,0.004328,5.31284e-12,360203.4535,0.02453779725,0.004362901575,1.863779911e-08,5.624192255586238
4,4:63298465:C:A,63298465,A,C,0.223637,0.0189201,0.00282786,2.22589e-11,360127.0478,0.01833051997,0.002845595327,1.181293485e-10,6.441717062181555
4,4:64300863:C:A,64300863,A,C,0.0834901,0.0344995,0.00426359,5.90374e-16,359444.5528,0.03725235014,0.00427016458,2.688576041e-18,8.723867532993307
4,4:64949874:A:C,64949874,C,A,0.41425,0.0131815,0.00239511,3.72545e-08,359229.2258,0.01279252647,0.002396600559,9.409154336e-08,5.337779974205539
4,4:66774172:T:C,66774172,C,T,0.0772677,-0.0312275,0.00440913,1.41876e-12,360739.8454,-0.03120761057,0.004410027332,1.478281442e-12,7.076511826480444
4,4:67502506:G:C,67502506,C,G,0.287043,0.0139212,0.00260683,9.2858e-08,359553.7776,0.01407169402,0.002607496622,6.79042847e-08,5.396629817762426
4,4:69301765:G:T,69301765,T,G,0.339887,0.0140055,0.00248613,1.76793e-08,360574.729,0.01373934604,0.002486926572,3.301830354e-08,5.524628750478444
4,4:70482834:C:T,70482834,T,C,0.186323,0.0172517,0.00302531,1.18193e-08,360359.9808,0.01634776782,0.003026247837,6.590474321e-08,5.401992401324929
4,4:70668510:A:G,70668510,G,A,0.354854,-0.0462827,0.00245988,6.20653e-79,360638.7268,-0.04599394863,0.00246144621,6.467346105e-78,18.685741919991013
4,4:74180680:T:C,74180680,C,T,0.220736,-0.0179403,0.00283881,2.62481e-10,360707.7706,-0.01819531711,0.002839064304,1.465604608e-10,6.408913346684098
4,4:75996273:G:A,75996273,A,G,0.641372,0.0367192,0.00245252,1.15905e-50,361231.2303,0.03685981103,0.002453335101,5.084343625e-51,15.024368670621323
4,4:77346275:T:G,77346275,G,T,0.0199159,-0.0463549,0.00843579,3.909e-08,359983.6623,-0.04736662004,0.008438144796,1.983976953e-08,5.613392657406587
4,4:77717836:A:C,77717836,C,A,0.0663268,0.0260794,0.00473433,3.62008e-08,360243.7428,0.02649568965,0.004735674765,2.207320679e-08,5.594913283703933
4,4:80249193:A:C,80249193,C,A,0.254376,0.0231978,0.00270494,9.85267e-18,360274.9622,0.02366552793,0.002705416767,2.18206555e-18,8.747461100509991
4,4:80367011:C:T,80367011,T,C,0.698724,-0.0316996,0.00256631,4.814989999999999e-35,360546.961,-0.0321887233,0.002567061447,4.559601558e-36,12.539132375509512
4,4:81935160:G:A,81935160,A,G,0.0693624,0.0612762,0.00463956,8.13042e-40,359720.4901,0.0616918475,0.004640768604,2.526386309e-40,13.293454762391338
4,4:83552673:T:A,83552673,A,T,0.6901,-0.0422462,0.00254457,7.0486700000000005e-62,360861.0411,-0.04235145441,0.002545674539,3.782966971e-62,16.636633537072903
4,4:84021721:T:G,84021721,G,T,0.43099,0.0231031,0.00238005,2.83301e-22,359882.7837,0.02301271567,0.002380863664,4.2172378540000003e-22,9.665700736235017
4,4:85075068:A:C,85075068,C,A,0.212357,0.0159114,0.00292501,5.33835e-08,349419.0414,0.01548896939,0.002925966737,1.199154947e-07,5.293624563169462
4,4:86181299:T:C,86181299,C,T,0.421285,0.0222691,0.00238767,1.09809e-20,359699.3589,0.02293107639,0.002389590243,8.291574067e-22,9.59623787265355
4,4:86941737:T:G,86941737,G,T,0.168107,-0.0165585,0.00315291,1.50697e-07,359686.6361,-0.01731222917,0.00315494531,4.080521148e-08,5.487330989582192
4,4:88251354:C:A,88251354,A,C,0.647758,-0.0182337,0.00246733,1.47071e-13,359964.5485,-0.01866512189,0.002467642253,3.9101097670000005e-14,7.563949704341523
4,4:90012510:G:C,90012510,C,G,0.834976,-0.0212905,0.00317637,2.04815e-11,359663.6105,-0.02079283519,0.003176856547,5.945666438e-11,6.545097294253117
4,4:91698126:C:A,91698126,A,C,0.361031,-0.0121404,0.0024546,7.57957e-07,359764.8646,-0.01235172068,0.00245533024,4.890133785e-07,5.030574086848701
4,4:93207806:T:C,93207806,C,T,0.277565,-0.0158551,0.00262934,1.64056e-09,360689.3001,-0.01638006245,0.002631948447,4.860301902e-10,6.2235498832321925
4,4:93469944:G:T,93469944,T,G,0.200314,0.0142396,0.00294006,1.27753e-06,361129.2136,0.01451731769,0.002942822361,8.092332537e-07,4.933127422977332
4,4:94150315:C:A,94150315,A,C,0.243138,-0.0225503,0.00274913,2.35785e-16,359494.8292,-0.0221169422,0.002749849988,8.769168387999999e-16,8.042963178542669
4,4:94966161:C:G,94966161,G,C,0.0615361,0.0280394,0.00491227,1.14381e-08,358824.9154,0.02739744735,0.004913271193,2.458107369e-08,5.576213132512102
4,4:95964725:G:T,95964725,T,G,0.635926,0.0148724,0.00245177,1.31274e-09,359280.6633,0.01482433759,0.002452299357,1.493389843e-09,6.045076653339431
4,4:96606360:C:T,96606360,T,C,0.815278,-0.0191409,0.00303834,2.98362e-10,359657.4088,-0.01749759318,0.003041029989,8.723988467e-09,5.753837759999807
4,4:96973220:T:A,96973220,A,T,0.468229,-0.0142672,0.00237627,1.92666e-09,355644.0003,-0.0128802011,0.002381596987,6.365410953e-08,5.40822026997299
4,4:98036103:T:C,98036103,C,T,0.399717,-0.0146776,0.00247776,3.14945e-09,339439.2493,-0.0148480582,0.002479817253,2.130104696e-09,5.987561455198892
4,4:98457741:G:A,98457741,A,G,0.536766,-0.0158782,0.00238441,2.75811e-11,353697.7508,-0.01519226579,0.002390233528,2.071080139e-10,6.355975519560196
4,4:98720368:T:G,98720368,G,T,0.0663503,0.0280462,0.00473238,3.09837e-09,360417.2954,0.02943336156,0.004740369565,5.32937065e-10,6.209085843711006
4,4:98929181:C:T,98929181,T,C,0.382112,0.0186209,0.00242581,1.64327e-14,359872.7098,0.02063053492,0.002430884637,2.1232732359999998e-17,8.486842446567323
4,4:99697155:C:G,99697155,G,C,0.0625683,-0.0256043,0.00485906,1.36947e-07,361078.8952,-0.02788346305,0.0048633909,9.847321449e-09,5.733337834308157
4,4:100011821:C:A,100011821,A,C,0.00953273,-0.0786529,0.0121102,8.32814e-11,361096.4613,-0.08385333867,0.01212306604,4.618209693e-12,6.91684252097005
4,4:100086256:C:A,100086256,A,C,0.114179,-0.0183614,0.00370366,7.13819e-07,360420.9051,-0.01842231896,0.003707643192,6.738898751e-07,4.968741058942761
4,4:100406283:A:T,100406283,T,A,0.355007,0.0171992,0.00245775,2.60209e-12,361499.6301,0.0177223064,0.002459167149,5.735379873e-13,7.20662945062788
4,4:103027951:A:G,103027951,G,A,0.61315,0.015524,0.00241824,1.36874e-10,360475.9001,0.01556762158,0.002418460829,1.218615108e-10,6.43699554416062
4,4:105665724:C:T,105665724,T,C,0.445517,-0.0235753,0.0023658,2.18302e-23,361581.4872,-0.02370562903,0.00236630229,1.270408823e-23,10.018005362281926
4,4:107714947:G:T,107714947,T,G,0.158982,-0.0180441,0.00321849,2.06753e-08,361026.1257,-0.0184478023,0.003218883957,9.977109658e-09,5.731117538388476
4,4:109621551:C:T,109621551,T,C,0.101881,-0.0359059,0.00389547,3.0612399999999995e-20,360068.1813,-0.03660166185,0.003896157178,5.760059895e-21,9.394298068023168
4,4:110613301:A:C,110613301,C,A,0.257633,0.0511366,0.00269415,2.70031e-80,359861.8127,0.05296888953,0.002705684466,2.434329196e-85,19.576890873867328
4,4:110881173:G:C,110881173,C,G,0.243257,0.00779305,0.0027401,0.00445425,361807.6281,0.01689431156,0.002810710065,1.847334615e-09,6.010691664848043
4,4:110896136:G:C,110896136,C,G,0.0790324,-0.0273348,0.00437522,4.17184e-10,358870.2642,-0.0349386735,0.004474851905,5.820259211e-15,7.80778319411221
4,4:111796792:A:G,111796792,G,A,0.0284192,0.060876,0.00709192,9.209940000000001e-18,360020.0728,0.06450848158,0.007098079969,1.007298636e-19,9.088159313748639
4,4:111989119:C:G,111989119,G,C,0.0597852,0.0389094,0.00496243,4.48936e-15,361202.3314,0.0405355655,0.00496620428,3.2875044149999997e-16,8.162283147160432
4,4:113860729:T:G,113860729,G,T,0.601061,0.0260406,0.00240755,2.9121000000000002e-27,359680.6773,0.02634602404,0.002410554681,8.335696337000001e-28,10.929444682445682
4,4:114264180:A:T,114264180,T,A,0.219536,-0.0137554,0.00284677,1.35264e-06,360116.0507,-0.01456796365,0.002851525561,3.241572456e-07,5.108831514346015
4,4:114594946:T:G,114594946,G,T,0.200534,-0.0151621,0.00294399,2.60374e-07,359866.4282,-0.01510254084,0.002948572092,3.023365901e-07,5.121984597553466
4,4:114935027:C:T,114935027,T,C,0.260322,0.020497,0.00267786,1.94948e-14,362104.9312,0.02068463058,0.002682736278,1.2554833290000002e-14,7.710273555259985
4,4:115274675:G:C,115274675,C,G,0.381666,-0.0140694,0.00242601,6.66106e-09,359999.3129,-0.01438974938,0.002438601053,3.616961948e-09,5.900821441169122
4,4:115527015:A:T,115527015,T,A,0.0149241,-0.0488042,0.00970834,4.9835e-07,360874.1752,-0.05393752583,0.009755113559,3.21778652e-08,5.52915406917407
4,4:115936312:G:C,115936312,C,G,0.418411,-0.0174739,0.00238937,2.61429e-13,359901.2832,-0.01967839374,0.00239668895,2.1997929449999997e-16,8.210658183240676
4,4:116230960:A:G,116230960,G,A,0.0310497,-0.058136,0.00678142,1.01355e-17,361364.5129,-0.0605255404,0.006800280083,5.562163603e-19,8.900448167025887
4,4:119573442:A:C,119573442,C,A,0.447554,0.0157413,0.00236743,2.95294e-11,360820.5264,0.01577023218,0.002367704698,2.727916782e-11,6.660557033704885
4,4:121247380:G:A,121247380,A,G,0.0349136,-0.0382383,0.00641843,2.56244e-09,360224.115,-0.03718554903,0.006419650541,6.936413282e-09,5.792456893488091
4,4:122350594:G:T,122350594,T,G,0.389221,0.0162645,0.00241566,1.66534e-11,360435.386,0.01593587882,0.002416266378,4.245422414e-11,6.595249168343143
4,4:124247734:G:T,124247734,T,G,0.283553,-0.0143041,0.00261416,4.45815e-08,360176.4162,-0.0138749469,0.002614956275,1.120595638e-07,5.305995757041865
4,4:124404869:C:T,124404869,T,C,0.381889,0.0269095,0.00242786,1.5224400000000001e-28,359281.3291,0.02639029597,0.002428881181,1.688404868e-27,10.865206654174328
4,4:125894474:T:C,125894474,C,T,0.476469,0.0197211,0.00235797,6.106e-17,360492.4315,0.01970236076,0.002358333356,6.578962593e-17,8.354357839138327
4,4:127016401:G:T,127016401,T,G,0.161342,-0.0165255,0.00335136,8.18535e-07,329023.9752,-0.0165607916,0.003351816106,7.778618442e-07,4.940841345787124
4,4:129658829:G:A,129658829,A,G,0.0490455,-0.031442,0.00545012,7.97823e-09,360929.9626,-0.03163754264,0.005450536933,6.45653575e-09,5.804481838927116
4,4:131085282:A:G,131085282,G,A,0.0361331,0.0691411,0.00630661,5.79709e-28,360890.2582,0.06894850392,0.006307813305,8.225644714e-28,10.930650700353917
4,4:134545703:T:A,134545703,A,T,0.280377,-0.0144817,0.00262228,3.3432e-08,360405.7589,-0.01436925731,0.002622510483,4.272551585e-08,5.4791991883908135
4,4:134815244:G:T,134815244,T,G,0.702816,0.0176509,0.00257723,7.45943e-12,360416.0145,0.01790881704,0.002577459098,3.698585435e-12,6.948244902856651
4,4:136555983:A:C,136555983,C,A,0.59152,0.0145139,0.00239843,1.43721e-09,359745.5968,0.01446505496,0.002398575599,1.632656986e-09,6.030685447659305
4,4:140089798:G:A,140089798,A,G,0.45529,0.0135166,0.00236117,1.03812e-08,361648.5169,0.0134170642,0.002361586133,1.336135763e-08,5.681378295931923
4,4:140494734:G:T,140494734,T,G,0.0625739,0.0249422,0.00485683,2.81542e-07,361381.7784,0.0244534152,0.004857655935,4.803624583e-07,5.033994899434967
4,4:141737156:T:C,141737156,C,T,0.204706,-0.0158233,0.00291307,5.58167e-08,361941.5908,-0.01580324598,0.002913371408,5.815465962e-08,5.424384250015265
4,4:142737458:G:T,142737458,T,G,0.375571,0.0182476,0.00243008,5.96825e-14,361035.5232,0.01807462727,0.002430381275,1.030354831e-13,7.436951335958594
4,4:145592429:G:C,145592429,C,G,0.163295,0.0187613,0.00318559,3.87824e-09,360634.4727,0.01898385763,0.003186573038,2.562000878e-09,5.957452537135287
4,4:146163425:T:A,146163425,A,T,0.179759,-0.0168533,0.00306935,4.00342e-08,359975.2985,-0.01749503552,0.003070248801,1.210457117e-08,5.698246837292715
4,4:148147374:G:T,148147374,T,G,0.39635,0.0115488,0.00240691,1.60184e-06,360763.45,0.01199621476,0.002407667484,6.276643865e-07,4.982504785116748
4,4:148575754:C:A,148575754,A,C,0.116846,0.0252149,0.00366306,5.84657e-12,361109.303,0.02484440001,0.003665577021,1.220536766e-11,6.777759645389265
4,4:148818704:A:T,148818704,T,A,0.0990566,0.0309018,0.0039457,4.82338e-15,359857.8259,0.03015203114,0.003947507824,2.2020287980000002e-14,7.638244807694143
4,4:151084333:G:A,151084333,A,G,0.154549,-0.0240833,0.00326159,1.54046e-13,359711.9138,-0.02404599675,0.003262055316,1.688134802e-13,7.3714251968865145
4,4:152078842:T:A,152078842,A,T,0.213293,-0.0319649,0.00287389,9.853050000000001e-29,360707.5173,-0.03162799873,0.002874591672,3.712466463e-28,11.002605705037332
4,4:153237971:C:G,153237971,G,C,0.0685341,0.0304773,0.00466801,6.63132e-11,359455.6305,0.03018078233,0.004668676774,1.016168339e-10,6.464525986908685
4,4:153657231:C:G,153657231,G,C,0.0705361,-0.0360524,0.00460363,4.84166e-15,359844.7857,-0.03561819476,0.004604285868,1.02691727e-14,7.735878218932518
4,4:155185343:G:C,155185343,C,G,0.293261,0.033326,0.00258726,5.88603e-38,360280.3249,0.03349608366,0.002587923182,2.5661117789999997e-38,12.94322949497811
4,4:156835013:A:C,156835013,C,A,0.517961,-0.0143667,0.00235969,1.14173e-09,359666.6089,-0.01402347605,0.002360036004,2.814619814e-09,5.94206021697625
4,4:158185488:C:T,158185488,T,C,0.020851,-0.0418125,0.00824264,3.92383e-07,360491.21,-0.04068216416,0.008243828132,8.020695341e-07,4.934863210222006
4,4:159454848:A:T,159454848,T,A,0.0216751,0.0518748,0.00808539,1.40192e-10,360693.4807,0.0527886596,0.00808619956,6.654655618e-11,6.528241012147368
4,4:161311155:A:T,161311155,T,A,0.0585352,-0.0266563,0.0050168,1.07656e-07,360516.577,-0.02536252503,0.00501813892,4.322674292e-07,5.054169570498857
4,4:162115870:T:C,162115870,C,T,0.169336,0.0634114,0.00314316,1.84379e-90,359447.0102,0.06334203136,0.003150493405,6.614190608e-90,20.105432139446105
4,4:162292532:A:C,162292532,C,A,0.454694,0.0213736,0.00236104,1.40222e-19,361717.434,0.01523753631,0.002423264028,3.215373883e-10,6.288021500726045
4,4:162305920:T:A,162305920,A,T,0.0418449,0.0516249,0.00587797,1.6015400000000002e-18,360917.6534,0.04635788977,0.006029147353,1.483325679e-14,7.688962809464776
4,4:163165844:C:T,163165844,T,C,0.389128,0.0138459,0.00241213,9.46781e-09,361534.9719,0.01418820516,0.002412358272,4.066464412e-09,5.88146683047915
4,4:164142777:T:G,164142777,G,T,0.0553442,0.0328146,0.00514682,1.82343e-10,361045.0969,0.03367558299,0.005147408948,6.060427568e-11,6.5422396646927545
4,4:166033146:C:A,166033146,A,C,0.569175,0.0145718,0.00237826,8.95985e-10,360515.0662,0.01522547415,0.002380650119,1.600112662e-10,6.39551105325612
4,4:166320210:C:A,166320210,A,C,0.0768806,0.023756,0.00442305,7.83664e-08,360147.9054,0.02532371881,0.004428764561,1.077789788e-08,5.718009720589435
4,4:166858839:A:G,166858839,G,A,0.0733899,-0.0249764,0.00451526,3.1763e-08,360660.2842,-0.02465344619,0.004521955033,4.982211137e-08,5.4519441281670975
4,4:167242722:T:G,167242722,G,T,0.660822,0.0133301,0.00248571,8.20431e-08,361065.7866,0.01271974351,0.00248856174,3.199780918e-07,5.111283077911501
4,4:167837960:T:A,167837960,A,T,0.737963,-0.0216301,0.00268106,7.182e-16,359703.9176,-0.02123100067,0.002681570721,2.425775286e-15,7.917374881719556
4,4:171895619:T:A,171895619,A,T,0.27734,-0.0172909,0.00262869,4.78243e-11,361041.1454,-0.01728206656,0.002628936784,4.905187622e-11,6.573785518609869
4,4:172472339:T:G,172472339,G,T,0.45939,-0.0172261,0.00236355,3.14671e-13,360391.725,-0.01656548712,0.002365366346,2.499144262e-12,7.0033494591708365
4,4:173192785:G:C,173192785,C,G,0.0418991,-0.0313849,0.00588757,9.78913e-08,359344.9688,-0.03231511529,0.005905823,4.456436963e-08,5.471737857704167
4,4:173466980:A:G,173466980,G,A,0.282146,0.0146088,0.00261871,2.42611e-08,360007.5771,0.01546233225,0.002625997543,3.904842704e-09,5.888174682880882
4,4:174055007:C:T,174055007,T,C,0.209522,0.0186407,0.00289263,1.1637e-10,360810.2298,0.0183656124,0.002892943972,2.175428702e-10,6.3484162077647035
4,4:176181256:A:G,176181256,G,A,0.379202,0.021418,0.00242786,1.1315200000000002e-18,360306.4317,0.02096175822,0.002428983196,6.1433019199999994e-18,8.629849006168259
4,4:176469861:G:C,176469861,C,G,0.185717,0.0197641,0.00302746,6.6616e-11,360743.7835,0.01656618184,0.003051709853,5.683226333e-08,5.428491776082357
4,4:176510304:A:G,176510304,G,A,0.140448,-0.033677,0.00338721,2.74109e-23,360946.7472,-0.03045213922,0.003415349565,4.823074087000001e-19,8.916258391840485
4,4:177178391:A:G,177178391,G,A,0.0626738,-0.0736784,0.00485931,6.51864e-52,360272.3887,-0.07386076904,0.004861017554,3.84541168e-52,15.194507779389104
4,4:179678940:C:T,179678940,T,C,0.0978607,0.0316099,0.00396761,1.63064e-15,359763.857,0.03136093299,0.00396798379,2.711939078e-15,7.903493222183753
4,4:181117577:T:C,181117577,C,T,0.11719,-0.0343948,0.00366375,6.1564899999999995e-21,360013.0583,-0.03427600765,0.003664350808,8.446612217e-21,9.35390999550827
4,4:182034466:T:C,182034466,C,T,0.61755,0.0191933,0.00242301,2.35722e-15,360579.6763,0.01897381807,0.002423286668,4.886978088e-15,7.829786843031481
4,4:182492761:C:T,182492761,T,C,0.313506,-0.0125316,0.00253921,8.00861e-07,360350.2447,-0.01247545369,0.00253935189,8.976217457e-07,4.912849510589098
4,4:184394874:C:G,184394874,G,C,0.491264,0.0155211,0.00235409,4.30876e-11,361017.4445,0.01543154439,0.002354315346,5.57993142e-11,6.554578347466626
4,4:185083495:T:A,185083495,A,T,0.75833,0.0192694,0.00274827,2.36215e-12,361222.7871,0.01901246247,0.002748531404,4.602780092e-12,6.917316805014756
4,4:185896761:T:C,185896761,C,T,0.3566,0.0142757,0.00245734,6.27438e-09,360911.3252,0.0142230822,0.002457521021,7.141067591e-09,5.787572956023964
4,4:186352551:T:C,186352551,C,T,0.187606,-0.0166328,0.00301768,3.5549e-08,360277.8793,-0.01694622675,0.003017888515,1.962676172e-08,5.615259366199616
4,4:188105920:T:C,188105920,C,T,0.146482,0.0403261,0.00333614,1.24581e-33,359229.4499,0.04034200251,0.003336832023,1.194158678e-33,12.08991109889022
4,4:189008528:A:C,189008528,C,A,0.51938,-0.0123695,0.00235893,1.57493e-07,359984.3984,-0.01236785595,0.002359033303,1.581884283e-07,5.242764455368945
17,17:344630:C:A,344630,A,C,0.269085,0.0222002,0.00265523,6.2447e-17,361057.9007,0.02125293887,0.00265616386,1.230465703e-15,8.001365875823641
17,17:824293:A:G,824293,G,A,0.293557,-0.0435927,0.00259017,1.55446e-63,359628.0513,-0.04322465938,0.002591875952,1.9272349779999999e-62,16.676978443604156
17,17:2813601:A:T,2813601,T,A,0.288981,0.0166233,0.00259564,1.51234e-10,361687.0215,0.01672286265,0.002595826682,1.177455956e-10,6.442210786243855
17,17:3126090:C:G,3126090,G,C,0.406437,0.0213913,0.00243008,1.3407600000000001e-18,351418.5371,0.02136217805,0.002430387177,1.5006761019999999e-18,8.789619305171309
17,17:4041574:C:A,4041574,A,C,0.177394,-0.0278908,0.00308299,1.48091e-19,360950.8701,-0.02796975247,0.00308336784,1.17746261e-19,9.071169552705719
17,17:4986208:A:G,4986208,G,A,0.0799759,-0.0414331,0.00433945,1.32996e-21,361313.5947,-0.04080974144,0.004341435268,5.45332278e-21,9.40005756640018
17,17:5549209:T:A,5549209,A,T,0.0695816,0.0282425,0.00462625,1.03018e-09,361364.8436,0.02658616787,0.004628227153,9.227342932e-09,5.744352425046152
17,17:5911007:A:T,5911007,T,A,0.223284,-0.0403928,0.00282724,2.71525e-46,361019.6978,-0.04000852452,0.002828321277,1.98590907e-45,14.145678868009306
17,17:7236818:A:C,7236818,C,A,0.1411,0.0179744,0.00338866,1.13185e-07,359800.7146,0.01782442468,0.003388854841,1.442755951e-07,5.259719142983498
17,17:9541140:G:T,9541140,T,G,0.323563,-0.0139388,0.00251733,3.07681e-08,361009.1356,-0.01404229158,0.002517523253,2.435514608e-08,5.577820011500009
17,17:11450273:C:A,11450273,A,C,0.246991,0.0382919,0.00273271,1.3447600000000001e-44,360343.4406,0.03837594221,0.002733589304,9.040058448e-45,14.038664167234392
17,17:12380191:C:A,12380191,A,C,0.267745,0.0153358,0.00266436,8.62461e-09,359759.3354,0.01473161417,0.002664629775,3.228364561e-08,5.528578231848363
17,17:12882182:T:C,12882182,C,T,0.641694,-0.017361,0.00245847,1.64745e-12,360287.8327,-0.01652795042,0.002461699002,1.893058201e-11,6.714041971245029
17,17:13190736:G:T,13190736,T,G,0.586069,0.0167421,0.0023916,2.55741e-12,360835.1329,0.01607547838,0.002394730519,1.908529462e-11,6.712854850454262
17,17:13499397:G:A,13499397,A,G,0.670904,-0.0127595,0.00250391,3.47368e-07,361717.8932,-0.01269047079,0.002504081232,4.021969609e-07,5.067914981282045
17,17:14545122:G:T,14545122,T,G,0.275943,0.0138205,0.00263429,1.55201e-07,361134.6679,0.01390275807,0.002634540435,1.312375515e-07,5.277109390807282
17,17:14716517:G:C,14716517,C,G,0.689187,0.0131351,0.00254666,2.50022e-07,360422.0461,0.01266776064,0.002547494302,6.604876985e-07,4.972635514848739
17,17:14915621:A:C,14915621,C,A,0.465372,-0.0121369,0.00236156,2.75823e-07,360860.9444,-0.01181593559,0.002362378274,5.68234556e-07,5.0017119273591835
17,17:15273555:G:T,15273555,T,G,0.319913,0.0196217,0.0025286,8.52183e-15,359908.6668,0.01932898404,0.002529083215,2.1273952080000002e-14,7.642684086217384
17,17:15615220:A:T,15615220,T,A,0.478862,0.0120043,0.00247207,1.19854e-06,328326.4494,0.01240197525,0.002472310031,5.266204286e-07,5.016351143057753
17,17:16518626:A:T,16518626,T,A,0.530736,0.0120284,0.00236056,3.47864e-07,360798.2821,0.01190935305,0.002360894261,4.548882038e-07,5.044424583825103
17,17:16602211:A:G,16602211,G,A,0.58651,0.0151596,0.0023908,2.28838e-10,361198.8169,0.01542391488,0.002391133809,1.115105828e-10,6.450460790586396
17,17:17955359:C:G,17955359,G,C,0.0610644,-0.0326478,0.00497058,5.09923e-11,353452.1029,-0.03287149667,0.00497125825,3.783706377e-11,6.612309201599012
17,17:20510931:A:C,20510931,C,A,0.146898,-0.0314766,0.0034749,1.3316100000000001e-19,330835.8251,-0.03190906001,0.003475430826,4.2581906170000004e-20,9.181325023443295
17,17:22130298:A:T,22130298,T,A,0.209918,0.0361549,0.00289179,7.34819e-36,360892.7585,0.03850430118,0.002916743926,8.643447143e-40,13.201125006816934
17,17:22442767:T:A,22442767,A,T,0.171387,0.0157297,0.00312468,4.80532e-07,361119.0468,0.02092995249,0.003151050387,3.090048713e-11,6.642214474369813
16,16:1178109:C:T,1178109,T,C,0.0312425,0.0344663,0.00678057,3.71506e-07,359676.5585,0.0341344606,0.006780827668,4.804331942e-07,5.033966688327287
16,16:2296810:G:C,2296810,C,G,0.288253,-0.0161607,0.00260335,5.38417e-10,359936.1778,-0.01625651288,0.002603514804,4.26345595e-10,6.244063930431179
16,16:4449758:G:T,4449758,T,G,0.14597,0.0277341,0.00334168,1.0496e-16,359490.101,0.02783250479,0.003342014059,8.217554175e-17,8.328063347024957
16,16:6262592:G:A,6262592,A,G,0.184733,0.0287288,0.00303899,3.2983999999999996e-21,359770.7411,0.02870115906,0.003039405109,3.621916652e-21,9.443018627234926
16,16:9297561:G:C,9297561,C,G,0.199359,-0.016529,0.00295097,2.13032e-08,360077.093,-0.01648635214,0.002951145673,2.317924101e-08,5.58642438115931
16,16:10278865:T:C,10278865,C,T,0.51,0.0274757,0.0023598,2.51746e-31,359547.4629,0.02729765153,0.002360313021,6.179838538e-31,11.565267524743279
16,16:11311965:A:C,11311965,C,A,0.0749161,0.0222067,0.00447396,6.92493e-07,360799.9427,0.0222571446,0.004474271783,6.542535037e-07,4.974473094049862
16,16:12085226:C:A,12085226,A,C,0.388759,0.0153065,0.00244018,3.55243e-10,353713.5094,0.01527258512,0.002440377573,3.892271196e-10,6.258287770291683
16,16:14277076:G:C,14277076,C,G,0.904349,-0.0204989,0.00400024,2.98603e-07,361582.477,-0.02031926275,0.004000561409,3.792214319e-07,5.079102823990671
16,16:15093969:G:C,15093969,C,G,0.197272,-0.0177189,0.00296179,2.19926e-09,360289.0548,-0.01760779923,0.002962103909,2.775463509e-09,5.9443556914059625
16,16:16291483:A:C,16291483,C,A,0.154248,0.01599,0.00326406,9.64617e-07,360104.717,0.0161531083,0.003264195007,7.475943128e-07,4.948573312979153
16,16:17073786:C:G,17073786,G,C,0.0800272,0.0335111,0.00434248,1.19364e-14,360476.1925,0.03372508193,0.00434290434,8.128561263e-15,7.765559471199404
16,16:18770186:A:T,18770186,T,A,0.408889,0.0257915,0.00239338,4.50369e-27,361409.2656,0.02572122646,0.002393817818,6.2659988349999996e-27,10.744855463349216
16,16:19681162:A:C,19681162,C,A,0.0243791,-0.0491692,0.00763331,1.1853e-10,361128.805,-0.04912096844,0.007633903285,1.238144618e-10,6.434580922254899
16,16:24705073:A:G,24705073,G,A,0.61631,-0.016443,0.00242079,1.10448e-11,361149.6383,-0.01674879772,0.002421427981,4.616034089e-12,6.9169092995626045
16,16:25251190:A:C,25251190,C,A,0.278262,0.0219787,0.00262664,5.90025e-17,361175.1193,0.0224543217,0.00262742088,1.272673174e-17,8.546145716859797
16,16:26879035:A:C,26879035,C,A,0.118455,0.0291724,0.00364802,1.28105e-15,360119.9452,0.02905112471,0.003648371067,1.682355759e-15,7.962765896476726
16,16:28747924:A:C,28747924,C,A,0.274941,-0.0242231,0.00264056,4.6039899999999997e-20,360022.9255,-0.02415316336,0.002642781697,6.286037879e-20,9.13929568507981
16,16:29125286:A:G,29125286,G,A,0.419131,-0.0121302,0.00238782,3.77573e-07,360557.3514,-0.01328283942,0.002391072791,2.773260514e-08,5.555179863196393
16,16:30195986:A:G,30195986,G,A,0.467197,-0.0177086,0.00235948,6.14377e-14,361134.9717,-0.01835167392,0.002363475365,8.183958684e-15,7.764698626338336
16,16:31488815:A:G,31488815,G,A,0.121524,0.0254911,0.00361523,1.77898e-12,358684.4785,0.02560534929,0.003616691398,1.443921743e-12,7.079771667596395
16,16:33123008:A:G,33123008,G,A,0.129948,-0.023849,0.00354164,1.65436e-11,352904.4877,-0.02150825299,0.00355159228,1.395943576e-09,6.055946542940453
16,16:33797651:G:C,33797651,C,G,0.0838841,0.0345925,0.00453235,2.31071e-14,317015.1457,0.03717673171,0.004555057784,3.3051208559999995e-16,8.161637782200307
16,16:34269771:G:A,34269771,A,G,0.0824218,0.0277038,0.00436669,2.23649e-10,347053.4516,0.03037277617,0.004390451237,4.583334722e-12,6.917916753985804
1,1:524443:A:T,524443,T,A,0.0300369,-0.0345689,0.00689959,5.43744e-07,360639.8208,-0.03445243896,0.00689996536,5.940787435e-07,4.993132162622914
1,1:1870090:A:T,1870090,T,A,0.0246192,-0.061586,0.00759988,5.35466e-16,360595.3373,-0.06193991254,0.007600671412,3.661320404e-16,8.149268555697432
1,1:3020174:T:A,3020174,A,T,0.163723,0.0156054,0.00317986,9.2257e-07,361290.0482,0.01570860097,0.003179994786,7.819482998e-07,4.93981972522643
1,1:4713577:C:A,4713577,A,C,0.0988721,-0.038675,0.00394916,1.21159e-22,359894.6803,-0.03897215022,0.003950082752,5.835571563e-23,9.866160449491261
1,1:5057210:A:G,5057210,G,A,0.638772,-0.0265667,0.0024528,2.4736099999999997e-27,360220.0068,-0.02681073339,0.002453460314,8.495388833e-28,10.927722464884347
1,1:5540630:G:C,5540630,C,G,0.252236,-0.0141294,0.00271191,1.88812e-07,360583.5709,-0.01448180961,0.002712111079,9.310996428e-08,5.339681594213937
1,1:6024509:A:T,6024509,T,A,0.545613,-0.023149,0.00236947,1.52899e-22,359279.473,-0.02294255829,0.002369953747,3.64594073e-22,9.680593268557152
1,1:7121172:C:G,7121172,G,C,0.0227712,-0.050585,0.00789271,1.46585e-10,360808.6076,-0.05087834606,0.007896142072,1.167926873e-10,6.443443595121778
1,1:7212973:C:T,7212973,T,C,0.148406,-0.021048,0.00331333,2.12058e-10,360494.5856,-0.01979054638,0.003323918391,2.616974708e-09,5.9539808298500425
1,1:7307388:C:T,7307388,T,C,0.277393,0.0196735,0.0026293,7.3133e-14,360923.7731,0.01803568768,0.002637866662,8.074192309e-12,6.837224921113165
1,1:12088532:G:T,12088532,T,G,0.0925386,-0.024234,0.0040681,2.5702e-09,359901.4976,-0.02417780546,0.004068482898,2.80351743e-09,5.942707900255748
1,1:13061526:A:T,13061526,T,A,0.552052,-0.0150798,0.00236687,1.87766e-10,361040.2079,-0.01598804971,0.002370461844,1.5334544e-11,6.744698190552271
1,1:13442480:T:C,13442480,C,T,0.343103,0.0126943,0.00248499,3.25089e-07,359383.5402,0.01343882174,0.00248872414,6.668398919e-08,5.399884030537832
1,1:14256357:A:C,14256357,C,A,0.165732,-0.0238115,0.0031718,6.05204e-14,359558.1904,-0.02348846429,0.003172131709,1.315158027e-13,7.404630842836166
1,1:16735804:G:T,16735804,T,G,0.496573,-0.0216124,0.00235621,4.6427e-20,360339.4496,-0.0217735638,0.002356567778,2.475969503e-20,9.239523684941092
1,1:19244879:G:T,19244879,T,G,0.167602,0.0168835,0.00316287,9.40137e-08,358387.9239,0.01681888278,0.003163205968,1.054706987e-07,5.317036876556626
1,1:19807710:C:G,19807710,G,C,0.0265837,-0.0485042,0.00733029,3.67168e-11,359709.2336,-0.04897632459,0.007331278709,2.381910784e-11,6.680461422081232
1,1:20726924:A:C,20726924,C,A,0.0267183,-0.0384147,0.00731197,1.49183e-07,359758.6959,-0.04496921324,0.007335516856,8.769140443e-10,6.130340114100884
1,1:21321130:G:T,21321130,T,G,0.238712,-0.0396163,0.00277007,2.20447e-46,358515.8697,-0.04126434599,0.002779206584,7.218222185e-50,14.847527430152345
1,1:21992684:C:T,21992684,T,C,0.033196,-0.0386996,0.00658137,4.10203e-09,359800.9102,-0.04009270881,0.006585388212,1.142360943e-09,6.088131408402382
1,1:24436298:G:T,24436298,T,G,0.044628,0.0302163,0.0057018,1.16225e-07,360847.0048,0.03156471902,0.0057067454,3.181844716e-08,5.531124451425501
1,1:24814686:A:T,24814686,T,A,0.834947,-0.0311838,0.00317194,8.32325e-23,360671.7884,-0.03205513766,0.003175070961,5.761158278e-24,10.095880707467437
1,1:24945892:G:C,24945892,C,G,0.868151,0.0190999,0.00348159,4.11459e-08,360493.2848,0.01936239437,0.003482561882,2.700631699e-08,5.5598134436825495
1,1:26807233:A:C,26807233,C,A,0.536855,0.0148097,0.0023624,3.6397e-10,360439.6823,0.01459162314,0.002362777069,6.590259352e-10,6.175624154916834
1,1:28297339:C:A,28297339,A,C,0.215476,0.0151298,0.00293651,2.57417e-07,343130.366,0.01457996482,0.002936976937,6.895773698e-07,4.964276238032984
1,1:29351758:G:A,29351758,A,G,0.192765,-0.0247056,0.00298667,1.32233e-16,360309.4765,-0.02513407512,0.002988576927,4.098433031e-17,8.410047903712535
1,1:29438774:G:C,29438774,C,G,0.210573,0.0186099,0.00288882,1.18023e-10,360541.4376,0.01916217016,0.002890237513,3.357691424e-11,6.629963826090578
1,1:30459223:G:C,30459223,C,G,0.166643,-0.0221015,0.00316115,2.72243e-12,360407.2565,-0.02205535908,0.003161460965,3.030150449e-12,6.976318646401506
1,1:31212557:T:A,31212557,A,T,0.140634,0.0191027,0.00339164,1.77974e-08,359777.9267,0.01809173139,0.003394015045,9.795319199e-08,5.330480610759933
1,1:31441392:T:G,31441392,G,T,0.0254918,0.0533765,0.00747188,9.1059e-13,360623.1206,0.05185859055,0.007477175366,4.045415625e-12,6.935585700692525
1,1:34467085:G:C,34467085,C,G,0.634594,-0.020943,0.00244894,1.2157e-17,359620.6016,-0.02083657693,0.002449320666,1.783621395e-17,8.507084114889839
1,1:36088758:G:T,36088758,T,G,0.0534782,-0.0399817,0.00526761,3.20411e-14,356086.8424,-0.03921529734,0.005268385924,9.804269917000001e-14,7.443512663215444
1,1:36894331:G:C,36894331,C,G,0.915357,0.0327022,0.00423073,1.08093e-14,360642.3115,0.03296622387,0.004231263963,6.642542769e-15,7.79110548485533
1,1:38842053:A:T,38842053,T,A,0.0389953,0.0339502,0.00608841,2.45998e-08,360062.3713,0.03370329206,0.006088842781,3.107774401e-08,5.535254115144808
1,1:40287092:T:G,40287092,G,T,0.0543828,-0.0333097,0.00519878,1.4838e-10,359858.2403,-0.03402268833,0.005201705738,6.12400829e-11,6.540679162501291
1,1:40624621:C:A,40624621,A,C,0.34739,0.0139963,0.00247456,1.55007e-08,360292.5018,0.01442414616,0.002475918866,5.68481728e-09,5.825774971093095
1,1:41360549:T:C,41360549,C,T,0.348678,0.0159726,0.00248716,1.34649e-10,356026.8596,0.01594346357,0.002487360826,1.457190544e-10,6.40979121458593
1,1:44581717:A:T,44581717,T,A,0.156297,0.0354595,0.00324225,7.7723e-28,360731.0978,0.03608655008,0.003249268911,1.172284301e-28,11.106052182333517
1,1:45630622:C:G,45630622,G,C,0.195719,-0.0195329,0.002969,4.74401e-11,360452.0159,-0.01680599519,0.002974773854,1.609119459e-08,5.649503463062238
1,1:46530433:T:C,46530433,C,T,0.239608,-0.0270743,0.00275751,9.44476e-23,360970.56,-0.02034009099,0.002951355226,5.509853107e-12,6.891780023906889
1,1:46553324:A:G,46553324,G,A,0.568738,-0.0229219,0.00237904,5.72663e-22,360240.0297,-0.0172321321,0.002546677935,1.319222078e-11,6.7665140782711495
1,1:48129517:A:G,48129517,G,A,0.304727,0.0125617,0.00256297,9.52809e-07,359400.2941,0.01254297003,0.002563248997,9.911509316e-07,4.8933872771159415
1,1:49165261:A:G,49165261,G,A,0.28812,0.017253,0.00266121,8.99432e-11,344325.6314,0.0179812779,0.002663261836,1.462238162e-11,6.751599732682085
1,1:50469630:C:G,50469630,G,C,0.244543,-0.0190114,0.00275821,5.4844e-12,355863.2942,-0.01848506604,0.0027641398,2.270819094e-11,6.68745699475837
1,1:51523952:A:C,51523952,C,A,0.38595,-0.0136184,0.00244543,2.56513e-08,352920.9252,-0.01346744308,0.002450121339,3.870885224e-08,5.496643315427245
1,1:53368887:T:G,53368887,G,T,0.383824,-0.031336,0.00242378,3.1652399999999997e-38,359861.8639,-0.03141006674,0.002424548794,2.200921906e-38,12.955015307479103
1,1:54219820:A:C,54219820,C,A,0.0313188,-0.0345893,0.00676913,3.22571e-07,359813.614,-0.03435669826,0.006769711717,3.873722101e-07,5.075060755352989
1,1:55474684:T:C,55474684,C,T,0.0613724,-0.0282641,0.00491436,8.86089e-09,359517.8706,-0.02839747735,0.004914803597,7.561737614e-09,5.777947539416191
1,1:56794495:C:G,56794495,G,C,0.58351,-0.0559271,0.00238856,3.7371500000000003e-121,360226.0681,-0.05603826346,0.002390457602,1.5771535269999998e-121,23.44248373747145
1,1:59113061:T:G,59113061,G,T,0.0992966,-0.0360374,0.00393836,5.70373e-20,360506.3662,-0.03692798397,0.003939547449,7.005905782e-21,9.373661428896778
1,1:59165048:T:A,59165048,A,T,0.374562,-0.0129825,0.00243315,9.5238e-08,360645.7085,-0.01292376964,0.002433750823,1.094887008e-07,5.310227126731618
1,1:59773823:T:G,59773823,G,T,0.267297,-0.0266348,0.00266261,1.48466e-23,360166.2241,-0.0271817525,0.002663533784,1.880371541e-24,10.205146509979466
1,1:60742471:T:A,60742471,A,T,0.166098,-0.0179493,0.00316149,1.36795e-08,361292.5499,-0.01801636618,0.00316187587,1.212216197e-08,5.69799920070866
1,1:61615023:A:T,61615023,T,A,0.353489,-0.0277818,0.00246081,1.49252e-29,361326.3521,-0.02682818882,0.00246356458,1.286571597e-27,10.88998804326047
1,1:61754621:T:A,61754621,A,T,0.230095,0.0196525,0.00279729,2.13573e-12,360812.922,0.01799994003,0.002800398672,1.296046301e-10,6.427634825703132
1,1:62133551:A:G,62133551,G,A,0.49027,-0.0189273,0.00235704,9.76573e-16,360224.8292,-0.01901383017,0.002357807514,7.371729604e-16,8.064199497669426
1,1:62435498:A:T,62435498,T,A,0.0535906,-0.0244917,0.00523689,2.91533e-06,359600.1117,-0.02641029311,0.005241564552,4.688811773e-07,5.038627846321714
1,1:62497419:T:C,62497419,C,T,0.0223674,-0.0410836,0.0079613,2.46534e-07,360885.6325,-0.0431680871,0.00796800199,6.037726491e-08,5.417680260895619
1,1:63231467:C:A,63231467,A,C,0.52489,0.0191132,0.00235869,5.36431e-16,360476.9441,0.02040611289,0.002366084523,6.441681801e-18,8.624422623806664
1,1:63319143:A:C,63319143,C,A,0.719,0.011534,0.00262178,1.08619e-05,360171.8443,0.01314629035,0.002629747279,5.760753134e-07,4.999069855487813
1,1:64156549:G:A,64156549,A,G,0.61106,0.01365,0.00241825,1.65713e-08,359876.5041,0.01361856416,0.002418426583,1.789942178e-08,5.631167080170985
1,1:64730576:A:T,64730576,T,A,0.247464,-0.0200636,0.00273007,1.99916e-13,360336.9793,-0.02045193812,0.002730661327,6.901119379e-14,7.48973807838309
1,1:65951316:C:A,65951316,A,C,0.0549335,0.0316973,0.00516829,8.63042e-10,360680.0489,0.0292187112,0.005176687028,1.658664585e-08,5.644287754303079
1,1:66401083:T:A,66401083,A,T,0.31602,-0.018065,0.00253496,1.03275e-12,360080.2969,-0.01763583628,0.00253910966,3.766488957e-12,6.945677281224633
1,1:67047976:A:C,67047976,C,A,0.349125,-0.0262818,0.00247507,2.46435e-26,359228.6735,-0.02605956795,0.002475608884,6.519448278e-26,10.526528692971034
1,1:67915287:G:A,67915287,A,G,0.0326646,0.0490323,0.00662648,1.37044e-13,360474.5677,0.04854567862,0.006627353762,2.388147797e-13,7.325047124894975
1,1:69432854:A:T,69432854,T,A,0.331416,-0.0212723,0.00250216,1.87692e-17,360507.3564,-0.02095150394,0.002502515228,5.656272485e-17,8.37217840098594
1,1:71348167:T:C,71348167,C,T,0.0328366,-0.0325262,0.00661517,8.79603e-07,359908.0603,-0.03260170781,0.006616779469,8.344783899e-07,4.9271262496719
1,1:72125007:T:A,72125007,A,T,0.18209,-0.0250636,0.00315698,2.04237e-15,336933.6383,-0.02537262847,0.003162142971,1.024635899e-15,8.023871375422384
1,1:72823821:G:T,72823821,T,G,0.693386,-0.0184912,0.00290577,1.97305e-10,278617.5781,-0.01511014988,0.002932683622,2.572716375e-07,5.15232866124691
1,1:73156950:A:T,73156950,T,A,0.0637976,-0.0314816,0.00492695,1.66447e-10,344968.1927,-0.02885398985,0.004973167171,6.555419703e-09,5.801934432901451
1,1:74802963:T:G,74802963,G,T,0.650246,-0.0130827,0.00247151,1.20132e-07,360049.2237,-0.01661070057,0.002480765212,2.144991404e-11,6.695797123262789
1,1:75004118:A:C,75004118,C,A,0.342931,0.0214569,0.00247779,4.74857e-18,361513.0673,0.01904499841,0.002485103656,1.80702837e-14,7.663663591664684
1,1:75267187:G:T,75267187,T,G,0.0807972,-0.0694934,0.00432586,4.72969e-58,359663.7919,-0.06922346648,0.004353325691,6.20795938e-57,15.90128361475723
1,1:77243769:A:T,77243769,T,A,0.758129,0.0159728,0.00274663,6.05373e-09,361570.4636,0.01619866077,0.002746916074,3.700909448e-09,5.897035196423698
1,1:79832178:G:A,79832178,A,G,0.0662185,0.0402098,0.00473494,2.03596e-17,360761.7001,0.05304745411,0.005043939502,7.208191924e-26,10.517067876996913
1,1:80014888:G:T,80014888,T,G,0.155126,-0.0122821,0.00325219,0.000159027,360840.4961,-0.0246084241,0.003463770966,1.20742952e-12,7.104518266811986
1,1:80769312:T:G,80769312,G,T,0.372644,-0.0137814,0.00243714,1.56179e-08,360207.7918,-0.01415751008,0.002437699887,6.332439292e-09,5.807733000891754
1,1:82864976:C:G,82864976,G,C,0.480531,-0.0131536,0.00235804,2.43214e-08,360362.7713,-0.01318962688,0.002358179067,2.229986709e-08,5.593140514464587
1,1:84411486:A:T,84411486,T,A,0.0288604,-0.0460142,0.00702892,5.9017e-11,361200.2645,-0.04575663693,0.007029585583,7.557651636e-11,6.509151412944679
1,1:86350746:C:T,86350746,T,C,0.0485099,0.0314551,0.00547255,9.04899e-09,361832.0326,0.0329805712,0.005488693036,1.868778947e-09,6.00882049400148
1,1:86531918:A:G,86531918,G,A,0.220916,0.0152384,0.00283798,7.90292e-08,360824.467,0.0145926075,0.002853365437,3.151166871e-07,5.114174059437168
1,1:86912420:A:T,86912420,T,A,0.33754,-0.0208687,0.00249266,5.6813e-17,359969.1215,-0.01995374251,0.00249987486,1.4410178970000001e-15,7.981896545813497
1,1:87746099:G:T,87746099,T,G,0.0521824,-0.0424565,0.00529404,1.06347e-15,360794.6848,-0.0425965078,0.005294719389,8.618022926999999e-16,8.045092604623395
1,1:88673153:C:T,88673153,T,C,0.04105,0.051639,0.00593633,3.3676600000000005e-18,360515.9275,0.0537291737,0.005941863023,1.531578316e-19,9.04247935235514
1,1:88854799:G:C,88854799,C,G,0.03951,0.0512671,0.00604092,2.13497e-17,361133.8051,0.05336200265,0.006046468564,1.091500552e-18,8.825317139282161
1,1:93458835:G:T,93458835,T,G,0.165956,-0.0263235,0.00316765,9.5938e-17,360098.4234,-0.0313411354,0.003359361043,1.0637852e-20,9.329493019306884
1,1:93483295:A:C,93483295,C,A,0.36519,-0.00355054,0.00244901,0.147119,359761.3544,-0.01531578646,0.002641893242,6.740038597e-09,5.797276822739986
1,1:93641608:T:A,93641608,A,T,0.382049,-0.0182885,0.00242424,4.56833e-14,360468.9841,-0.01984291199,0.002470226112,9.524785462e-16,8.03283225515511
1,1:95869810:C:G,95869810,G,C,0.569082,0.0162915,0.00237661,7.14725e-12,361092.9074,0.01678535889,0.002378397771,1.696188234e-12,7.057422898165003
1,1:96626349:T:A,96626349,A,T,0.908811,0.0229044,0.00409118,2.16391e-08,360586.8176,0.02525403754,0.004100435417,7.326709413e-10,6.158867284020437
1,1:97085689:T:A,97085689,A,T,0.176212,0.0158792,0.00309625,2.92196e-07,359423.1455,0.01710096679,0.003101777329,3.522072969e-08,5.513279960529366
1,1:97624771:C:G,97624771,G,C,0.486097,0.0314357,0.00235634,1.36891e-40,360467.7482,0.03124212711,0.002357020448,4.225442839e-40,13.254924087107453
1,1:99737378:G:C,99737378,C,G,0.181906,-0.0220359,0.0030503,5.05094e-13,361212.4499,-0.0228234587,0.003062355017,9.13030357e-14,7.452910773995999
1,1:100432828:C:T,100432828,T,C,0.173824,0.025716,0.00310795,1.29701e-16,360535.4505,0.02072381931,0.003129242289,3.528593331e-11,6.622631741507823
1,1:100596466:G:C,100596466,C,G,0.070568,-0.0498798,0.00459405,1.85554e-27,361245.3202,-0.04724398263,0.004630319951,1.9188708230000002e-24,10.203178858039134
1,1:101032939:A:T,101032939,T,A,0.518162,-0.0170291,0.00235699,5.02244e-13,360591.7987,-0.0160411606,0.00235886682,1.043528103e-11,6.8003672203927135
1,1:101645375:T:A,101645375,A,T,0.142208,-0.0222268,0.00337102,4.30186e-11,360811.0195,-0.02222311404,0.003371640061,4.36320488e-11,6.591188157080092
1,1:103732083:A:T,103732083,T,A,0.537385,0.0124056,0.00236411,1.54299e-07,359987.1266,0.01240172292,0.002364389761,1.561036685e-07,5.245210888899632
1,1:105137911:G:A,105137911,A,G,0.494446,-0.0331964,0.00235552,4.3111e-45,360463.7184,-0.03632134333,0.002377652318,1.102869524e-52,15.276137328838841
1,1:105284922:T:A,105284922,A,T,0.0585879,-0.0305986,0.0050192,1.0865e-09,359964.1515,-0.0352839083,0.005085542986,3.974623006e-12,6.938080829742887
1,1:105889749:T:A,105889749,A,T,0.0412178,-0.0562376,0.00593199,2.54773e-21,359622.3568,-0.05677933478,0.005969975507,1.891738916e-21,9.510815364891245
1,1:107215797:T:C,107215797,C,T,0.0269153,0.065159,0.00727861,3.5028500000000003e-19,360427.1311,0.06390881055,0.007279724876,1.649132079e-18,8.779014542252325
1,1:107888473:G:T,107888473,T,G,0.194333,0.0215077,0.00297965,5.27916e-13,359803.4124,0.02214790991,0.002980177447,1.071766944e-13,7.431742003247231
1,1:108883128:A:C,108883128,C,A,0.679082,0.0328365,0.00252269,1.00674e-38,360506.1441,0.03297595481,0.002523461048,5.033318265e-39,13.067748692271472
1,1:110696878:G:A,110696878,A,G,0.225621,-0.0249887,0.00281835,7.58826e-19,360365.4357,-0.02503321747,0.002818671702,6.613650644e-19,8.881210767553235
1,1:113224317:T:G,113224317,G,T,0.703743,-0.0126376,0.00258078,9.74563e-07,360202.9047,-0.01373341123,0.002584588309,1.074934727e-07,5.313577865448744
1,1:113282628:A:T,113282628,T,A,0.908763,-0.0268479,0.00408522,4.97248e-11,361456.7765,-0.02806951928,0.004091345508,6.852098385e-12,6.860706147919883
1,1:114404565:A:C,114404565,C,A,0.416497,-0.0157587,0.00239029,4.32202e-11,360207.0733,-0.0157957849,0.00239046449,3.899920222e-11,6.607830806974254
1,1:117407921:T:G,117407921,G,T,0.0144288,0.0726651,0.00987167,1.8296e-13,360907.6798,0.07300252168,0.009872599165,1.419860283e-13,7.3944581826846605
1,1:120323735:C:G,120323735,G,C,0.0656733,-0.0246191,0.00475307,2.22469e-07,360821.5652,-0.02465884042,0.00475326422,2.128274915e-07,5.187769768035323
10,10:1360118:T:G,1360118,G,T,0.592017,0.0176415,0.00239751,1.86744e-13,360507.6369,0.01794807528,0.002398499149,7.262041247000001e-14,7.48304425602279
10,10:1514019:A:G,1514019,G,A,0.15564,0.0154084,0.00324734,2.08649e-06,361197.986,0.01597556876,0.003248541756,8.753738513e-07,4.917766173235545
10,10:3240542:G:T,3240542,T,G,0.736524,0.025141,0.00267946,6.4578699999999995e-21,359209.5262,0.02520534212,0.002679797344,5.1690105769999996e-21,9.405689641582091
10,10:7252197:A:G,7252197,G,A,0.362692,-0.0201465,0.00245275,2.14927e-16,359916.2659,-0.02034001827,0.002453016034,1.115091753e-16,8.291840733235093
10,10:13006421:A:G,13006421,G,A,0.485657,-0.0154959,0.00236242,5.41181e-11,359027.7732,-0.01557613247,0.00236259061,4.315523327e-11,6.592819087687816
10,10:14709997:C:G,14709997,G,C,0.057392,-0.0238222,0.00506215,2.52777e-06,361075.1926,-0.02524711931,0.0050641744,6.182211854e-07,4.9854363842603835
10,10:14910024:A:C,14910024,C,A,0.0883806,0.0181034,0.00414668,1.2671e-05,361311.9532,0.0236114403,0.004189523162,1.742171834e-08,5.63582999472626
10,10:14936766:G:C,14936766,C,G,0.189694,0.0247893,0.00300388,1.55745e-16,360850.262,0.02766079496,0.00303612806,8.196576227000001e-20,9.110549493752249
10,10:15532389:T:C,15532389,C,T,0.592743,0.0171879,0.00239958,7.91402e-13,360088.6701,0.01743927226,0.002399814157,3.677597115e-13,7.266926153065444
10,10:16562947:T:C,16562947,C,T,0.244818,-0.0163941,0.00274088,2.21528e-09,360378.322,-0.01673716591,0.002741103994,1.021625264e-09,6.105994499528646
10,10:19030841:C:G,19030841,G,C,0.263139,0.0146662,0.00267511,4.1978e-08,360733.5395,0.01466176178,0.002675271085,4.241805469e-08,5.4804770485530065
10,10:20510457:T:C,20510457,C,T,0.107952,0.0270839,0.00379595,9.70003e-13,360707.8694,0.02693199902,0.003796338226,1.300978109e-12,7.094204313923003
10,10:21869900:A:T,21869900,T,A,0.0791948,0.0230269,0.00436365,1.31404e-07,360478.1903,0.02388898169,0.004364971248,4.427697342e-08,5.472884088513932
10,10:22307142:G:T,22307142,T,G,0.173509,0.0204378,0.0031076,4.81605e-11,361421.8916,0.0210937792,0.003108664767,1.157020585e-11,6.785478905258876
10,10:23947589:A:C,23947589,C,A,0.152298,0.048524,0.00327676,1.33436e-49,360899.5194,0.04825900719,0.003277861476,4.6081018360000004e-49,14.722710994148187
10,10:24477987:G:C,24477987,C,G,0.317711,-0.025992,0.00252885,8.90659e-25,360996.4699,-0.02596843603,0.002529299738,9.919587545e-25,10.26704571223895
10,10:24897685:C:G,24897685,G,C,0.0462,0.0290813,0.00560849,2.15866e-07,361121.4296,0.02995295222,0.005609394776,9.305777606e-08,5.339783241528088
10,10:25751253:T:C,25751253,C,T,0.154438,-0.0248702,0.00325605,2.20941e-14,361513.8569,-0.02500454894,0.003256767107,1.619438173e-14,7.677720917242119
10,10:27385213:G:A,27385213,A,G,0.0951788,-0.0253636,0.00401142,2.57084e-10,361184.7922,-0.02586198129,0.004013172829,1.161558432e-10,6.4442729959487615
10,10:28244875:T:C,28244875,C,T,0.0623547,0.0259073,0.00486622,1.01618e-07,361535.9476,0.02647336672,0.004868213347,5.388057499e-08,5.438004629832835
10,10:30189281:C:T,30189281,T,C,0.219852,0.0277774,0.00284478,1.61151e-22,360543.0822,0.02813081806,0.002845909295,4.852733078e-23,9.884650262544646
10,10:30549112:C:T,30549112,T,C,0.331269,-0.0146731,0.0025041,4.64229e-09,360329.5007,-0.01553889001,0.002505409668,5.570211924e-10,6.202135406623649
10,10:31039470:G:C,31039470,C,G,0.791827,-0.0203208,0.00290842,2.81517e-12,358962.2555,-0.0209048038,0.002909484973,6.718110895e-13,7.185053022784593
10,10:32572274:G:T,32572274,T,G,0.34711,0.0209038,0.00268455,6.89658e-15,306436.8171,0.021329476,0.002685025721,1.959803246e-15,7.943862821565872
10,10:33574069:T:C,33574069,C,T,0.131126,-0.029712,0.00349464,1.86764e-17,359698.8266,-0.0297132925,0.003495118204,1.873663761e-17,8.501369843799424
10,10:35492384:T:G,35492384,G,T,0.0249036,-0.0537238,0.00766975,2.48063e-12,350383.7144,-0.0536702902,0.007670564896,2.616600093e-12,6.996914950551772
10,10:35947180:T:A,35947180,A,T,0.295741,0.0206312,0.00258306,1.38514e-15,360152.9196,0.0204697463,0.002583396542,2.3077023200000004e-15,7.923578888184484
10,10:37027815:T:A,37027815,A,T,0.434084,-0.0115371,0.00250477,4.10512e-06,324778.3688,-0.0124332781,0.002510002143,7.289297343e-07,4.953493021778667
10,10:37583102:C:G,37583102,G,C,0.255788,-0.0175437,0.00289059,1.28627e-09,314685.1905,-0.01704434458,0.002908675881,4.63342802e-09,5.859829447253563
10,10:38649800:C:T,38649800,T,C,0.237801,-0.0167937,0.00282566,2.79653e-09,345868.1977,-0.01493333037,0.002837616611,1.420080786e-07,5.262631432347503
8,8:46962608:T:G,46962608,G,T,0.5425,-0.0265831,0.00248965,1.3101200000000002e-26,325092.1243,-0.02666397256,0.002491616302,1.0016952630000001e-26,10.701476201852206
8,8:48275220:G:A,48275220,A,G,0.970769,-0.0474526,0.00698447,1.09223e-11,361363.3238,-0.04867624091,0.007021982751,4.149919297e-12,6.931979561338002
8,8:48524399:C:A,48524399,A,C,0.510097,0.011199,0.00253651,1.00982e-05,311145.116,0.01336199055,0.002545942448,1.534696501e-07,5.248347448111678
8,8:49669735:C:T,49669735,T,C,0.112351,0.0275069,0.00373513,1.78384e-13,359526.4713,0.02831625375,0.003751747846,4.437498484e-14,7.547483176458656
8,8:50688898:A:G,50688898,G,A,0.0405144,0.0346901,0.00598348,6.73069e-09,359442.8622,0.03836624903,0.005994486898,1.551169408e-10,6.400255715430876
8,8:51485567:G:A,51485567,A,G,0.416035,0.0203335,0.0023949,2.06834e-17,358961.0906,0.02221686953,0.002401064145,2.1842907320000003e-20,9.25292628115106
8,8:53115965:T:G,53115965,G,T,0.441685,0.0120031,0.00237214,4.19417e-07,360514.3931,0.01203231715,0.002372410366,3.941348139e-07,5.071768915884091
8,8:53330155:T:C,53330155,C,T,0.73639,0.0147218,0.00267635,3.78572e-08,359777.4435,0.01490603066,0.002676524944,2.559511411e-08,5.569173077730897
8,8:54766826:A:C,54766826,C,A,0.457074,-0.0138382,0.00236556,4.92408e-09,360238.1339,-0.01417259744,0.002366179327,2.102868493e-09,5.989654832277216
8,8:55440245:T:G,55440245,G,T,0.360092,-0.022027,0.00245636,3.0514000000000004e-19,359760.8707,-0.02199247146,0.00245726088,3.554999374e-19,8.949994540262244
8,8:56651709:A:C,56651709,C,A,0.0571603,-0.0288653,0.00507522,1.2901e-08,360366.9413,-0.03151727282,0.005085946459,5.757375148e-10,6.196933663001425
8,8:56974449:A:T,56974449,T,A,0.192147,0.0283819,0.00298562,1.9886599999999998e-21,361478.4877,0.02923294548,0.002992104631,1.514104937e-22,9.77002781825513
8,8:60361283:A:T,60361283,T,A,0.247245,-0.0237284,0.00273189,3.77975e-18,360103.6088,-0.02691269087,0.00275961914,1.802986627e-22,9.752320702486504
8,8:60877578:T:C,60877578,C,T,0.0623075,0.0351852,0.00487461,5.28401e-13,360315.3133,0.04157879269,0.004923940408,3.0610536e-17,8.444211189568076
8,8:63165271:G:A,63165271,A,G,0.282513,0.0237787,0.00261813,1.06812e-19,359990.9987,0.02397348095,0.00261895889,5.49545791e-20,9.153821024659154
8,8:64004265:G:A,64004265,A,G,0.19239,-0.034176,0.0029933,3.46148e-30,359239.2612,-0.03434353887,0.002995067154,1.9391211170000002e-30,11.466700779691434
8,8:64839883:G:C,64839883,C,G,0.0482283,0.0473752,0.00550419,7.52153e-18,359678.946,0.04770727585,0.005506417685,4.557308244e-18,8.663940619680762
8,8:65148298:T:A,65148298,A,T,0.894728,0.0189423,0.00383739,7.96775e-07,360679.0442,0.01968768618,0.003839473404,2.932958596e-07,5.127704793967105
8,8:67220253:T:G,67220253,G,T,0.0540789,0.0271659,0.0052072,1.81954e-07,360663.3223,0.0257226505,0.005211578943,7.987476071e-07,4.93567319642154
8,8:67683688:A:T,67683688,T,A,0.14254,-0.017616,0.0033725,1.75749e-07,359864.1353,-0.01719630381,0.003375321209,3.492639638e-07,5.094716249270604
8,8:69059448:C:A,69059448,A,C,0.434169,0.016207,0.00237702,9.23262e-12,360378.4324,0.01617216341,0.002377209959,1.024614312e-11,6.80300170743143
8,8:70360621:C:G,70360621,G,C,0.280291,0.0151316,0.00262039,7.72159e-09,361150.2985,0.0152342812,0.0026211289,6.169144549e-09,5.812106836867123
8,8:70651123:A:C,70651123,C,A,0.100504,-0.0209413,0.00391941,9.14857e-08,360219.8488,-0.02139431057,0.003920138032,4.827761008e-08,5.4575401160262
8,8:71536174:A:G,71536174,G,A,0.413064,0.0138765,0.00239228,6.61664e-09,360539.9468,0.01392804531,0.002392712579,5.848700502e-09,5.8210273278293325
8,8:77338434:T:G,77338434,G,T,0.288532,0.0215138,0.00259865,1.24824e-16,360826.6489,0.02040388373,0.00260962471,5.3369846710000005e-15,7.818704218967945
8,8:77458285:C:G,77458285,G,C,0.0946766,-0.0241793,0.00402592,1.90453e-09,360085.6791,-0.0211255003,0.004043384118,1.744303961e-07,5.224707740715323
8,8:79113948:C:A,79113948,A,C,0.303685,0.0102892,0.0025639,5.99365e-05,359894.6099,0.01487650063,0.002600950435,1.067498695e-08,5.719640186069136
8,8:79585991:A:C,79585991,C,A,0.690724,0.0255276,0.00254476,1.11661e-23,361543.6514,0.02826333767,0.002581439529,6.74280594e-28,10.948673154063258
8,8:80254672:A:T,80254672,T,A,0.508591,0.0364835,0.00235605,4.55777e-54,360376.4268,0.03660761515,0.002357546981,2.2482172849999997e-54,15.527841203178129
8,8:80476622:C:T,80476622,T,C,0.024554,0.0354867,0.00761347,3.14732e-06,360337.1861,0.03920147725,0.007620712884,2.688498972e-07,5.144069570224213
8,8:80731717:G:T,80731717,T,G,0.118522,0.0190857,0.003642,1.60284e-07,360996.2249,0.01924775232,0.003644984083,1.287520042e-07,5.280613545000218
8,8:81700555:C:G,81700555,G,C,0.0787452,0.0373387,0.00436981,1.29363e-17,361084.8444,0.03852393326,0.004373312014,1.264146498e-18,8.808869144638168
8,8:82438264:G:C,82438264,C,G,0.112699,-0.0316778,0.0037255,1.85479e-17,360394.9902,-0.03317059765,0.003729646336,5.907260812e-19,8.893764893959103
8,8:82732665:A:C,82732665,C,A,0.00828408,-0.0797249,0.0130044,8.76435e-10,360054.707,-0.08048011281,0.01301145161,6.197296638e-10,6.1853292947073415
8,8:85156843:C:G,85156843,G,C,0.481082,0.0125225,0.00235823,1.09626e-07,360331.2135,0.01271888022,0.002358757417,6.960213179e-08,5.392195114399082
8,8:86754645:A:G,86754645,G,A,0.214408,-0.0168502,0.00287096,4.38348e-09,360323.1729,-0.01725477416,0.002871601548,1.869437515e-09,6.008763357861235
8,8:88081394:C:A,88081394,A,C,0.762498,0.0201484,0.00276725,3.32005e-13,360711.0402,0.02049909444,0.002767648364,1.294973828e-13,7.406683127322312
8,8:90144963:G:A,90144963,A,G,0.0229779,-0.0458733,0.00786335,5.4222e-09,360375.355,-0.04590063693,0.007863897823,5.318700785e-09,5.836881145092162
8,8:93224878:T:C,93224878,C,T,0.417808,-0.0192363,0.0023894,8.25714e-16,360186.2971,-0.01934292987,0.002389659257,5.753305818e-16,8.094430121507488
8,8:95314989:G:A,95314989,A,G,0.0210688,-0.0501809,0.00820234,9.49289e-10,360506.7811,-0.04926643813,0.008203205225,1.904439696e-09,6.005754674996566
8,8:96086328:T:G,96086328,G,T,0.158315,-0.022627,0.00322592,2.31806e-12,360734.7372,-0.0230703263,0.003227633333,8.820975381e-13,7.147753142875352
8,8:96124416:G:A,96124416,A,G,0.346996,0.0190644,0.00247285,1.26637e-14,361009.5382,0.01962624126,0.002474122235,2.145913611e-15,7.932607767861558
8,8:97438356:C:A,97438356,A,C,0.122424,-0.022469,0.00359375,4.05066e-10,360522.1206,-0.02252559349,0.003594083237,3.671024862e-10,6.267410075010457
8,8:99792994:G:T,99792994,T,G,0.0939898,0.036577,0.00431479,2.31655e-17,315496.2152,0.03322311673,0.004348864884,2.18081143e-14,7.639491595204962
8,8:100345609:T:G,100345609,G,T,0.793902,-0.0207135,0.00291664,1.23335e-12,359384.0192,-0.01804423097,0.002939593909,8.338751009e-10,6.13834139292333
8,8:107447977:A:G,107447977,G,A,0.0852576,-0.0602248,0.00421415,2.56088e-46,361017.7172,-0.05977573897,0.004215489954,1.21808912e-45,14.18002168722521
8,8:109178701:T:G,109178701,G,T,0.519686,0.0202457,0.00238113,1.86127e-17,353431.0929,0.02003090708,0.002381494446,4.063008336e-17,8.411066048734341
8,8:111946581:T:A,111946581,A,T,0.431237,0.0224162,0.00306804,2.75037e-13,216645.8845,0.02254027079,0.003068548177,2.048664139e-13,7.345581522541629
8,8:113878502:T:C,113878502,C,T,0.269147,0.0166421,0.00267107,4.65499e-10,356441.8038,0.01664659011,0.002671333084,4.617934939e-10,6.231566632294965
8,8:115684012:G:A,115684012,A,G,0.130468,0.0234672,0.00349297,1.83985e-11,361403.6257,0.02311713936,0.003493334837,3.653269954e-11,6.617498876761696
8,8:116638432:G:C,116638432,C,G,0.526578,0.0350315,0.0023613,8.90957e-50,359705.3491,0.03481454842,0.002362080352,3.624563371e-49,14.738934850595635
8,8:121728174:G:T,121728174,T,G,0.768383,-0.0114848,0.00278861,3.81506e-05,361478.0317,-0.01484649765,0.002815948845,1.347322944e-07,5.272289543313774
8,8:121892132:A:C,121892132,C,A,0.139126,0.0278935,0.00340141,2.40035e-16,360976.7825,0.03038680831,0.003434972188,9.046558034e-19,8.84630403010413
8,8:124215508:C:A,124215508,A,C,0.313799,0.0142111,0.00253724,2.13286e-08,360879.5539,0.01414277126,0.002537398195,2.493427482e-08,5.573729534398129
8,8:124988575:G:C,124988575,C,G,0.177692,-0.0191186,0.00308191,5.52814e-10,360443.6431,-0.01892049107,0.003082140833,8.317350451e-10,6.138749685744811
8,8:128977713:G:T,128977713,T,G,0.0184314,-0.0653773,0.0087678,8.90358e-14,359665.3927,-0.06266475261,0.008789895388,1.009681055e-12,7.1291807062402786
8,8:129107770:A:G,129107770,G,A,0.396185,-0.0167836,0.00241307,3.52479e-12,359108.5687,-0.01610296871,0.002421807113,2.947822297e-11,6.649154106270889
8,8:129463686:C:A,129463686,A,C,0.47021,0.0212339,0.00235851,2.20412e-19,360958.6509,0.02233517665,0.002361527435,3.140797605e-21,9.457936553678023
8,8:130320353:T:C,130320353,C,T,0.356636,0.0568137,0.00246364,1.39219e-117,358712.264,0.05521780464,0.002473724013,2.2731117390000002e-110,22.32173207270394
8,8:130479554:C:G,130479554,G,C,0.113818,-0.0372594,0.00370591,8.879690000000001e-24,361061.223,-0.03011779205,0.003718596902,5.53056292e-16,8.099235502993489
8,8:132388918:T:G,132388918,G,T,0.0136782,0.0626502,0.010147,6.65328e-10,360128.2244,0.06314289741,0.01014777144,4.897900867e-10,6.222341307482187
8,8:133817108:G:T,133817108,T,G,0.833974,-0.035922,0.0031674,8.30331e-30,360028.1552,-0.03528874599,0.003169537616,8.597067023000001e-29,11.13372051868401
8,8:134130445:T:G,134130445,G,T,0.260854,-0.0148905,0.00268056,2.77829e-08,361085.5585,-0.01443847352,0.002682033588,7.308975668e-08,5.3834051835148005
8,8:137069694:C:T,137069694,T,C,0.325836,0.0153482,0.00251441,1.03505e-09,360200.4873,0.01506172609,0.00251467955,2.104598981e-09,5.989521046528572
8,8:137627621:C:G,137627621,G,C,0.014845,0.0512792,0.00974759,1.43586e-07,360009.0125,0.05098903381,0.009748506693,1.691019464e-07,5.230445586770036
8,8:138056431:C:A,138056431,A,C,0.0166389,-0.0767299,0.00920888,7.96531e-17,360488.2689,-0.07789997423,0.009214409427,2.8113432339999996e-17,8.454147262193281
8,8:138082053:C:A,138082053,A,C,0.209554,-0.0180203,0.00289438,4.79082e-10,360495.6904,-0.01876693137,0.002896119466,9.170640869e-11,6.480026666828115
8,8:139835317:T:G,139835317,G,T,0.186394,-0.0153852,0.00302624,3.69892e-07,360198.6362,-0.01540492282,0.003026390249,3.576915522e-07,5.090197083832859
8,8:140860891:G:A,140860891,A,G,0.279669,-0.0197986,0.00262479,4.60693e-14,360405.9199,-0.0196046269,0.002625417375,8.189307767e-14,7.467242003759498
8,8:141182591:C:T,141182591,T,C,0.0115805,0.05687,0.0110091,2.39643e-07,360596.6141,0.05501379818,0.01101144099,5.85140599e-07,4.9960580300035735
8,8:141738611:T:G,141738611,G,T,0.0627196,-0.0433636,0.00485669,4.3327000000000004e-19,360725.1967,-0.0432104268,0.004857328849,5.793537913000001e-19,8.895923694541688
9,9:72087805:G:C,72087805,C,G,0.0820722,-0.0350842,0.00433457,5.78861e-16,353484.1023,-0.03609088197,0.004336145317,8.557360208999999e-17,8.323263943324159
9,9:73516296:C:T,73516296,T,C,0.181624,0.0246593,0.00307887,1.15813e-15,355107.4097,0.02547988523,0.003081119774,1.343151428e-16,8.269683458920282
9,9:73616333:C:A,73616333,A,C,0.222208,-0.0326169,0.00283358,1.17767e-30,360490.0388,-0.0314454393,0.002845821753,2.199807899e-28,11.049686884588235
9,9:73802973:T:A,73802973,A,T,0.337526,-0.0196399,0.00249401,3.422e-15,359749.0698,-0.01612081139,0.002505303776,1.237391621e-10,6.434673329610629
9,9:74638056:A:G,74638056,G,A,0.0274647,0.0605359,0.00720797,4.53946e-17,360541.9944,0.06165135091,0.007211907721,1.2464489099999998e-17,8.548549606434987
9,9:75558705:G:A,75558705,A,G,0.270687,-0.0137051,0.00265169,2.36168e-07,360485.6235,-0.01386566442,0.002651889661,1.708004865e-07,5.2285977896876
9,9:75976129:G:A,75976129,A,G,0.0208052,-0.0631312,0.00825263,2.01743e-14,360620.8008,-0.06288426797,0.008253673349,2.5576108150000002e-14,7.618943143372514
9,9:77023921:A:T,77023921,T,A,0.877551,-0.0255038,0.00359822,1.36431e-12,359652.6739,-0.02547273174,0.003598542667,1.455924515e-12,7.078624348015824
9,9:79364069:T:A,79364069,A,T,0.260032,-0.0110528,0.00268566,3.8648e-05,360566.0136,-0.01572189923,0.002760993105,1.238853629e-08,5.694291377087666
9,9:79443329:T:G,79443329,G,T,0.472738,0.0136477,0.00235916,7.25724e-09,360698.98,0.01668348672,0.002425326112,6.033202909e-12,6.878863274284494
9,9:80595353:G:A,80595353,A,G,0.00790671,0.102805,0.0132886,1.02558e-14,361217.0568,0.1039178949,0.01329031885,5.321623941e-15,7.819067102366773
9,9:84487817:A:T,84487817,T,A,0.0326036,0.0425205,0.0066416,1.53394e-10,359651.6374,0.04225704328,0.006642163139,1.992212848e-10,6.3619399878759895
9,9:86083725:T:G,86083725,G,T,0.212664,-0.0175628,0.00287777,1.04246e-09,360857.6461,-0.01757766749,0.002878119013,1.013017314e-09,6.107345599888158
9,9:86726690:G:T,86726690,T,G,0.0146744,-0.0917789,0.00978622,6.7362499999999996e-21,361302.6973,-0.09124223659,0.009788352444,1.146949215e-20,9.321511164621894
9,9:87199965:C:G,87199965,G,C,0.446027,0.0139044,0.00236907,4.3847e-09,360827.8015,0.01449595486,0.002369375529,9.472812348e-10,6.118048693664887
9,9:87755929:G:A,87755929,A,G,0.0958476,0.0839577,0.00399844,7.90123e-98,360755.1021,0.08393360023,0.004000988047,1.0370697959999999e-97,20.978218191112735
9,9:89834346:G:C,89834346,C,G,0.421978,0.0120654,0.0023903,4.47455e-07,359068.3898,0.01199390986,0.00239043172,5.235746572e-07,5.017465991456975
9,9:90805403:A:T,90805403,T,A,0.38042,0.0201996,0.00242517,8.1708e-17,360926.1999,0.01969217541,0.002426136995,4.7911349400000005e-16,8.116679087200513
9,9:91102931:G:C,91102931,C,G,0.0565277,0.0336286,0.00510653,4.54265e-11,359792.7426,0.03010903418,0.005127019979,4.289639584e-09,5.8726188513649245
9,9:91158473:C:T,91158473,T,C,0.682139,0.0179007,0.00253042,1.50579e-12,360405.4397,0.01635041076,0.002540213385,1.221561406e-10,6.436628850375103
9,9:94758986:G:C,94758986,C,G,0.420302,-0.0158764,0.00239009,3.08672e-11,359502.5044,-0.01584326526,0.002390425793,3.407255315e-11,6.627800497465599
9,9:95100421:G:T,95100421,T,G,0.105174,-0.0398527,0.00383709,2.8898699999999997e-25,361049.1184,-0.04025909411,0.003837967001,9.634130065000001e-26,10.489692615780779
9,9:95964338:T:A,95964338,A,T,0.137989,-0.0198235,0.00341107,6.19582e-09,361549.5922,-0.01936849895,0.003411622858,1.369094638e-08,5.677209866437118
9,9:97417682:T:A,97417682,A,T,0.629379,-0.015291,0.00244303,3.8782e-10,359417.967,-0.01505836518,0.002443445132,7.148795257e-10,6.162759696459597
9,9:97801735:A:C,97801735,C,A,0.146379,-0.0166624,0.00336659,7.45021e-07,353339.8156,-0.01666638049,0.003366739182,7.409786788e-07,4.95030342092
9,9:100378389:A:G,100378389,G,A,0.667674,-0.0148832,0.00250014,2.63587e-09,360783.6823,-0.01476638563,0.002500580146,3.522535798e-09,5.905183904471423
9,9:101733761:G:C,101733761,C,G,0.875561,-0.0182839,0.00356975,3.02632e-07,360410.0143,-0.01798793353,0.00357030142,4.699021322e-07,5.038211460028492
9,9:106375439:G:C,106375439,C,G,0.384138,0.0118512,0.00242458,1.01938e-06,359810.9993,0.01237515676,0.002424858891,3.335089114e-07,5.103454393132354
9,9:107152732:G:C,107152732,C,G,0.619705,0.0335873,0.00242575,1.37678e-43,360677.0453,0.03392679936,0.00242665228,2.03873713e-44,13.980906798892507
9,9:107608215:C:G,107608215,G,C,0.291136,-0.0247801,0.00259318,1.23296e-21,360506.281,-0.02498797976,0.002593584135,5.714959502e-22,9.634536016314737
9,9:108078130:A:C,108078130,C,A,0.174177,-0.025162,0.00309906,4.7052e-16,362184.7756,-0.02549113749,0.00309943912,1.9611210439999997e-16,8.224435616596335
9,9:108145503:C:T,108145503,T,C,0.201156,0.015591,0.00294143,1.15574e-07,359915.9424,0.01574460776,0.002941623892,8.681810197e-08,5.352352420994003
9,9:110979119:C:A,110979119,A,C,0.657946,-0.0145616,0.00248697,4.77041e-09,359483.9925,-0.0146294701,0.002487097024,4.049785965e-09,5.882146920216008
9,9:113287920:A:G,113287920,G,A,0.25774,-0.0227434,0.0026952,3.2263e-17,360032.099,-0.02252084227,0.002695532167,6.550039898e-17,8.354877951638262
9,9:117542075:T:C,117542075,C,T,0.0601612,0.0287713,0.00495528,6.39645e-09,360412.7164,0.02883648294,0.00495567682,5.924365942e-09,5.818878830762818
9,9:118660665:G:A,118660665,A,G,0.123051,-0.0202638,0.00359003,1.65828e-08,359793.1514,-0.02064666713,0.003590319307,8.890136806e-09,5.7506492778359455
9,9:119670187:A:G,119670187,G,A,0.0410527,-0.0389256,0.00593662,5.50233e-11,360645.2762,-0.03852969248,0.005937145678,8.60653469e-11,6.489598633695509
9,9:121571937:G:C,121571937,C,G,0.0787661,0.0579853,0.00437263,3.98308e-40,360529.2373,0.057814624,0.004373799431,6.871134143e-40,13.218398537031591
9,9:124939968:A:G,124939968,G,A,0.574125,-0.0283283,0.00277801,2.05327e-24,265106.8135,-0.02827134695,0.002778592649,2.5719096599999997e-24,10.174700116684862
9,9:127961372:C:T,127961372,T,C,0.228294,0.0155552,0.00280926,3.07739e-08,359898.2595,0.01563444462,0.002809523903,2.624500295e-08,5.564802137225312
9,9:128454975:A:C,128454975,C,A,0.196178,-0.0146827,0.00296814,7.54979e-07,360195.704,-0.0147644029,0.002968340023,6.559903747e-07,4.973959447232773
9,9:131926124:A:G,131926124,G,A,0.0762452,-0.0228582,0.00443653,2.57497e-07,360959.9227,-0.0226930396,0.004437037568,3.146440953e-07,5.114457394650574
9,9:132333211:A:T,132333211,T,A,0.204965,-0.0154107,0.00291504,1.24664e-07,361375.2493,-0.01520945504,0.002915400793,1.819085285e-07,5.216934521153504
9,9:136447053:G:C,136447053,C,G,0.705107,0.0169562,0.00258615,5.51398e-11,359805.8263,0.01683018766,0.002586409027,7.658280298e-11,6.507163980757325
9,9:137029183:G:T,137029183,T,G,0.0824038,0.0238221,0.00428647,2.73835e-08,360173.1411,0.02348916667,0.004286867812,4.269375911e-08,5.479330760852488
9,9:137796755:G:T,137796755,T,G,0.167598,-0.0287731,0.00315519,7.599e-20,360241.5155,-0.02159488875,0.003315763913,7.376543043e-11,6.512794431875464
9,9:137826775:T:G,137826775,G,T,0.479056,0.0224922,0.00235891,1.50781e-21,360277.6642,0.01749645998,0.002478987142,1.690294707e-12,7.057906708577837
11,11:55513575:T:A,55513575,A,T,0.589069,-0.0291967,0.0024478,8.60645e-33,344919.4322,-0.02396664068,0.00253467864,3.2149780200000002e-21,9.455494792034072
11,11:56284822:G:A,56284822,A,G,0.127601,0.039333,0.00362831,2.2321000000000002e-27,341394.2708,0.03028739127,0.003757028774,7.534685793999999e-16,8.06152763045088
11,11:58848272:A:G,58848272,G,A,0.0740961,-0.0246938,0.00451094,4.39799e-08,358469.3101,-0.02611822958,0.004523147031,7.725116648e-09,5.774349009880771
11,11:59088212:T:C,59088212,C,T,0.64144,0.0162587,0.0024598,3.85497e-11,359594.8065,0.01735636623,0.002466461197,1.964921159e-12,7.0369508553837585
11,11:59945707:C:A,59945707,A,C,0.480536,0.0216364,0.00236088,5.0015899999999996e-20,359627.6033,0.02198651255,0.002363922781,1.39315493e-20,9.30085903258614
11,11:60448855:A:C,60448855,C,A,0.404763,-0.0126404,0.00239813,1.35798e-07,361171.9913,-0.01362961098,0.002400535382,1.364875447e-08,5.677738008862225
11,11:62170053:A:C,62170053,C,A,0.218755,-0.0171038,0.00285138,1.99457e-09,360151.161,-0.0172179084,0.002851734707,1.56329825e-09,6.037696409043984
11,11:62312425:C:G,62312425,G,C,0.162352,0.0161317,0.00321325,5.15936e-07,356405.7591,0.01581993694,0.003213610537,8.531802766e-07,4.9227922169960205
11,11:63789961:A:C,63789961,C,A,0.22439,-0.0263672,0.00282658,1.0817000000000001e-20,359839.7799,-0.02693533796,0.002850596789,3.420270335e-21,9.449017154561876
11,11:63888235:C:A,63888235,A,C,0.081545,-0.0198016,0.00430745,4.28661e-06,360132.6105,-0.02482558199,0.0043331609,1.009003514e-08,5.729208437655754
11,11:64401265:A:T,64401265,T,A,0.0318419,-0.0368949,0.00671424,3.90915e-08,360087.6672,-0.03324524042,0.006734903282,7.9634519e-07,4.936261001528069
11,11:69524391:G:T,69524391,T,G,0.622437,0.0198189,0.00242992,3.46853e-16,360607.4969,0.02176915309,0.002437128907,4.172630236e-19,8.932294482853958
11,11:69694471:T:C,69694471,C,T,0.0238922,0.0734476,0.0077238,1.93137e-21,359632.1381,0.08032149302,0.007753436252,3.7905513240000003e-25,10.359470357324607
11,11:69761962:C:G,69761962,G,C,0.0490816,-0.0255634,0.00545673,2.80401e-06,360105.9375,-0.02847053849,0.005462335209,1.866593516e-07,5.212155131580098
11,11:70572055:C:A,70572055,A,C,0.0207095,0.0403592,0.00835188,1.34986e-06,353757.2516,0.04115660994,0.008352608106,8.333264227e-07,4.9273962596707515
11,11:72208476:C:T,72208476,T,C,0.127221,0.0171882,0.00353388,1.15185e-06,360901.3315,0.01749055042,0.003535155165,7.513228166e-07,4.947604731233912
11,11:72565386:T:A,72565386,A,T,0.0231291,0.0629611,0.00782626,8.66074e-16,361577.5516,0.06075858776,0.007834405979,8.809773306000001e-15,7.755353491108633
11,11:73017127:G:A,73017127,A,G,0.777024,0.015902,0.00283093,1.94197e-08,360408.3189,0.0163742432,0.002832293101,7.414002647e-09,5.781267198023655
11,11:73409836:A:C,73409836,C,A,0.133232,0.0218942,0.00346871,2.75925e-10,360153.9667,0.02257478199,0.003475765441,8.308333812e-11,6.494909502151299
11,11:73959805:A:T,73959805,T,A,0.0139904,0.0467558,0.0100493,3.2785e-06,359231.6382,0.05629747574,0.01006863323,2.252821046e-08,5.591372180710569
11,11:74302818:A:C,74302818,C,A,0.261507,0.0311216,0.00270372,1.1801200000000001e-30,354379.1724,0.03295379263,0.002710948728,5.3425969469999995e-34,12.155815523044447
11,11:75693637:G:T,75693637,T,G,0.08715,0.0201208,0.00417217,1.41736e-06,361380.6429,0.02065198695,0.004172637368,7.444852004e-07,4.949384556726713
11,11:77478427:G:T,77478427,T,G,0.207324,-0.0220069,0.00290151,3.34229e-14,361677.2021,-0.02148144607,0.00290196266,1.337596005e-13,7.40238541525548
11,11:78132597:A:T,78132597,T,A,0.304054,0.0204404,0.0025679,1.72582e-15,358611.6902,0.02059624142,0.002568453881,1.066738055e-15,8.018925927523789
11,11:79411931:A:T,79411931,T,A,0.918941,-0.0225061,0.00432204,1.91733e-07,359653.6467,-0.02296137576,0.004322909907,1.086934759e-07,5.3115554693423315
11,11:79734878:C:A,79734878,A,C,0.345823,-0.023202,0.00247552,7.11696e-21,360907.5121,-0.02342729063,0.002476206152,3.051249408e-21,9.460961322254239
11,11:81215728:T:G,81215728,G,T,0.667105,0.0153663,0.00249864,7.76305e-10,360935.2432,0.01499084951,0.002498906227,1.985798741e-09,5.998964406118149
11,11:82982257:T:A,82982257,A,T,0.797088,-0.0147422,0.0029263,4.71014e-07,361327.8509,-0.01497816263,0.002927383178,3.111408958e-07,5.116570574895884
11,11:83269980:T:G,83269980,G,T,0.218315,0.016165,0.00285187,1.44386e-08,360553.852,0.01614786506,0.00285301168,1.514289792e-08,5.659936541164107
11,11:83898084:T:G,83898084,G,T,0.648808,0.0185944,0.00246799,4.92374e-14,360551.802,0.01807356786,0.002468773334,2.463690019e-13,7.320869684993122
11,11:85962429:A:G,85962429,G,A,0.0206068,0.0461112,0.00831278,2.90782e-08,358827.8921,0.04597296365,0.008314871711,3.22052964e-08,5.52900456529966
11,11:87606207:T:C,87606207,C,T,0.1705,-0.026425,0.00314937,4.8552e-17,356705.4966,-0.02649715591,0.003149802198,4.019664897e-17,8.41232377284664
11,11:93510066:C:G,93510066,G,C,0.0155151,0.0831672,0.00953842,2.8135800000000003e-18,360060.4609,0.08259240785,0.009539866414,4.817740611e-18,8.65760632966448
11,11:94706456:T:G,94706456,G,T,0.0184356,-0.102255,0.00875763,1.7105e-31,360470.8576,-0.1021118047,0.008759484551,2.106535571e-31,11.657284638779654
11,11:95054576:C:T,95054576,T,C,0.232902,0.0175669,0.00278371,2.78261e-10,361462.9142,0.0174630361,0.002783959166,3.547620578e-10,6.272734281907926
11,11:95301083:C:G,95301083,G,C,0.106357,0.0459771,0.00381892,2.24057e-33,360909.2392,0.04010022057,0.003861318497,2.898324734e-25,10.385110837439422
11,11:95358038:G:A,95358038,A,G,0.349265,-0.0299298,0.00246955,8.448220000000001e-34,360920.9168,-0.02625668889,0.002496991731,7.342430057e-26,10.515328730978485
11,11:97434616:A:G,97434616,G,A,0.0109728,0.0792983,0.0113178,2.4472e-12,359976.9492,0.07579450159,0.01132333933,2.176675704e-11,6.693652762766758
11,11:97651340:C:G,97651340,G,C,0.0821721,-0.0405155,0.00428633,3.3347999999999997e-21,361093.2304,-0.03961428138,0.0042887151,2.5382557530000003e-20,9.236864761662531
11,11:99992812:T:A,99992812,A,T,0.306346,0.0160585,0.00255469,3.26379e-10,360831.5976,0.01705983959,0.00255750192,2.54917726e-11,6.6705090059130825
11,11:100381374:C:T,100381374,T,C,0.111617,0.0297821,0.00373666,1.58809e-15,361417.8185,0.03061944438,0.003740859942,2.7199812159999996e-16,8.185135197451345
11,11:103094707:A:G,103094707,G,A,0.151522,0.019794,0.00328787,1.74267e-09,360076.1657,0.01781323348,0.003310060312,7.384986238e-08,5.381543476842847
11,11:103226156:G:A,103226156,A,G,0.070894,-0.0294887,0.00458751,1.29416e-10,360998.2862,-0.02585791033,0.00462174805,2.208337289e-08,5.594833394260858
11,11:103871959:G:T,103871959,T,G,0.15769,0.0204406,0.00323091,2.50966e-10,360918.92,0.0202123042,0.003234204009,4.116495544e-10,6.24954521846924
11,11:105479785:T:G,105479785,G,T,0.0840243,0.0277502,0.00424663,6.38417e-11,360540.8725,0.02774595711,0.004247213758,6.457578406e-11,6.532743273808165
11,11:106075796:T:A,106075796,A,T,0.250931,0.0139232,0.00271895,3.04417e-07,360141.7231,0.01345943412,0.002719982025,7.484367177e-07,4.948354068626612
11,11:106673326:G:T,106673326,T,G,0.110093,-0.0220501,0.00376531,4.74215e-09,360276.9687,-0.02218112808,0.003766968962,3.901352599e-09,5.888322495819917
11,11:107883540:A:G,107883540,G,A,0.389699,-0.0153463,0.00241752,2.18469e-10,360015.7587,-0.01546006957,0.0024181064,1.621721065e-10,6.3934612513328615
11,11:109411222:T:C,109411222,C,T,0.834103,0.0170835,0.00316333,6.65008e-08,361411.0089,0.01667882413,0.003164257924,1.356776537e-07,5.271006514195901
11,11:110298130:T:G,110298130,G,T,0.432294,0.0123646,0.00237755,1.98792e-07,360735.6561,0.01329715532,0.002388792011,2.599413637e-08,5.5664768044973165
11,11:110353724:G:C,110353724,C,G,0.321166,-0.0216546,0.00252213,9.052220000000001e-18,360800.2519,-0.02041325611,0.00252899882,6.934034573999999e-16,8.07167482585065
11,11:110721240:A:C,110721240,C,A,0.0953509,0.0243672,0.00401285,1.26226e-09,360270.2421,0.02393537667,0.004041263856,3.166109449e-09,5.922745339793523
11,11:112526287:C:G,112526287,G,C,0.259653,0.0223198,0.00268864,1.03142e-16,360086.2654,0.02244247999,0.002689422961,7.138315985999999e-17,8.344719412098453
11,11:112882753:C:G,112882753,G,C,0.57257,0.0150334,0.00238024,2.68876e-10,360911.3606,0.01409694877,0.002388651425,3.599168142e-09,5.901634965428244
11,11:113074786:A:T,113074786,T,A,0.257187,0.0156579,0.00269545,6.28923e-09,360538.732,0.01351791138,0.002705592722,5.84453747e-07,4.996284647752686
11,11:113401431:C:G,113401431,G,C,0.667803,-0.0200784,0.00250248,1.03152e-15,360180.939,-0.01937530658,0.002503772288,1.0063929680000001e-14,7.73844597324659
11,11:114203594:C:G,114203594,G,C,0.0570854,-0.028966,0.00508157,1.19762e-08,360040.3851,-0.0288551267,0.005082022799,1.363725879e-08,5.6778821822046694
11,11:115139108:C:T,115139108,T,C,0.297913,-0.0188836,0.00257258,2.13534e-13,361493.7118,-0.01853838331,0.002573221493,5.832220872e-13,7.204348075138668
11,11:115466502:A:C,115466502,C,A,0.0374109,0.0342748,0.00620017,3.24042e-08,361493.6191,0.0336586576,0.006201508539,5.715041521e-08,5.427495163205483
11,11:116677528:A:T,116677528,T,A,0.571049,-0.0301113,0.00237625,8.63364e-37,361680.8783,-0.02996677938,0.002376887089,1.918072008e-36,12.607573796283093
11,11:119613617:T:G,119613617,G,T,0.276007,-0.0156123,0.00263581,3.16109e-09,360461.3521,-0.01577598181,0.002636018209,2.166861942e-09,5.984777250831199
11,11:120464343:T:A,120464343,A,T,0.126703,-0.0283545,0.0035486,1.34967e-15,359123.2154,-0.02735752682,0.003550478106,1.30528243e-14,7.70530784960148
11,11:120588078:C:G,120588078,G,C,0.112917,0.0285888,0.00372049,1.54412e-14,360901.5285,0.027374865,0.003722660048,1.929726543e-13,7.353576380069181
11,11:121006244:G:C,121006244,C,G,0.0260065,-0.0504139,0.00739625,9.3668e-12,361132.5544,-0.04924838834,0.007398237943,2.79905557e-11,6.656772696341485
11,11:121354164:T:G,121354164,G,T,0.437387,0.0300265,0.0023799,1.73905e-36,358920.3046,0.02962889547,0.00238124424,1.5340621869999997e-35,12.442610872205195
11,11:121492696:G:A,121492696,A,G,0.478486,-0.0142125,0.00236006,1.72332e-09,360046.5103,-0.01383751103,0.002360683678,4.582790501e-09,5.861654044951633
11,11:123161343:A:T,123161343,T,A,0.83115,0.0250232,0.0031529,2.08464e-15,358679.4697,0.02541016706,0.003153366211,7.748403232999999e-16,8.05810849731338
11,11:123356147:G:T,123356147,T,G,0.121627,-0.0354499,0.00360742,8.678550000000001e-23,359885.8193,-0.03550979836,0.003608096934,7.44440602e-23,9.84169744038257
11,11:126203421:A:G,126203421,G,A,0.62581,-0.0105407,0.00243312,1.47697e-05,360993.456,-0.01224195697,0.002445560731,5.563415028e-07,5.005787349633396
11,11:126419013:G:C,126419013,C,G,0.0710106,0.0325966,0.00458867,1.21656e-12,360259.3165,0.03517065122,0.004612258438,2.431415952e-14,7.625472790126423
11,11:127316173:T:A,127316173,A,T,0.152579,0.0189965,0.00327428,6.56911e-09,361008.5865,0.0189080105,0.003274510517,7.727303412e-09,5.774301350335226
11,11:128183964:T:G,128183964,G,T,0.119699,0.0405499,0.00362788,5.32614e-29,360749.4859,0.0410346229,0.003628626175,1.189947343e-29,11.308583723149711
11,11:130579145:C:T,130579145,T,C,0.00987819,0.0968133,0.0119324,4.93439e-16,359320.9007,0.09468056185,0.01193399348,2.127348668e-15,7.933686406706499
11,11:131230494:G:T,131230494,T,G,0.623889,-0.0183634,0.00243494,4.65221e-14,359679.0005,-0.01834769759,0.002435177604,4.904379596e-14,7.534439196493202
11,11:134514930:C:G,134514930,G,C,0.1421,0.0204379,0.0033759,1.4139e-09,360188.2652,0.02043222746,0.003376097271,1.430356397e-09,6.0520257030236495
18,18:22400671:A:G,22400671,G,A,0.312867,0.0145971,0.00254097,9.2152e-09,360563.6619,0.0145056608,0.002541121305,1.140632024e-08,5.708370069330476
18,18:23386917:C:A,23386917,A,C,0.0507825,0.0337043,0.00537453,3.58855e-10,359428.9341,0.03326902185,0.005374998623,6.032203455e-10,6.18958704615095
18,18:24912782:C:T,24912782,T,C,0.259183,-0.0247465,0.00268773,3.36343e-20,360770.1318,-0.02471492562,0.002688099707,3.777961731e-20,9.194199737323956
18,18:27134689:C:A,27134689,A,C,0.086455,0.0522595,0.00419168,1.14293e-35,360527.0387,0.05362519064,0.004198522423,2.338438465e-37,12.772395913913641
18,18:27312722:T:C,27312722,C,T,0.0987805,-0.0197511,0.00395084,5.75959e-07,360172.4796,-0.02204333023,0.003956687062,2.530511707e-08,5.571158366731607
18,18:28345476:T:A,28345476,A,T,0.440964,-0.0137797,0.00244807,1.81627e-08,338758.5217,-0.01411027959,0.002448343657,8.253680652e-09,5.76319404739512
18,18:30233134:A:C,30233134,C,A,0.131297,-0.0184764,0.0034873,1.17018e-07,360813.528,-0.01876874399,0.003487948337,7.406210557e-08,5.381026946672921
18,18:30479566:T:C,30479566,C,T,0.100137,0.0369553,0.00392518,4.76058e-21,360432.899,0.03722659669,0.003926176745,2.503161784e-21,9.481640564808552
18,18:32784633:A:G,32784633,G,A,0.261825,0.0489211,0.00267792,1.5980999999999999e-74,360789.7253,0.0482705468,0.002683764207,2.5021003340000003e-72,17.986135545774495
18,18:33765212:C:A,33765212,A,C,0.288547,-0.0196862,0.0025979,3.52456e-14,361197.4416,-0.01769352353,0.002603916459,1.083381564e-11,6.794965894103595
18,18:34600954:G:T,34600954,T,G,0.523623,0.016074,0.00236397,1.05073e-11,359014.5103,0.01676365547,0.002370312744,1.523435954e-12,7.072339087925859
18,18:34801204:A:G,34801204,G,A,0.129592,0.0230954,0.00350915,4.66384e-11,360299.9516,0.02167043091,0.003515344924,7.069512428e-10,6.164524784481718
18,18:36417410:A:T,36417410,T,A,0.231206,0.0273186,0.00279802,1.62489e-22,359579.9876,0.02642671788,0.002800438048,3.849350613e-21,9.436637207123105
18,18:36521364:A:G,36521364,G,A,0.373501,-0.0138914,0.00243796,1.21339e-08,359846.1504,-0.01276776396,0.002439783005,1.666403925e-07,5.233155544503024
18,18:39676812:C:A,39676812,A,C,0.641918,0.0181348,0.00245631,1.55173e-13,360850.5306,0.01780830528,0.00245731624,4.259318852e-13,7.2470547299194985
18,18:40048225:T:G,40048225,G,T,0.204023,-0.0180061,0.00292386,7.35928e-10,360481.3985,-0.01755109706,0.002924975097,1.96800345e-09,6.000426149952962
18,18:41971333:C:A,41971333,A,C,0.438744,-0.0238493,0.00237717,1.10307e-23,359589.6058,-0.02380913029,0.002377537046,1.3202636559999999e-23,10.01419949693604
18,18:44658137:A:C,44658137,C,A,0.67008,-0.0119808,0.00250453,1.72197e-06,360915.9137,-0.01331431076,0.002512207629,1.159011054e-07,5.299844887940192
18,18:45022242:C:A,45022242,A,C,0.0624282,0.026649,0.00487035,4.4608e-08,360478.6776,0.02816597947,0.00488595854,8.181371542e-09,5.764678361351794
18,18:45380774:C:T,45380774,T,C,0.360618,0.0121883,0.00245499,6.88435e-07,360150.7819,0.01220558796,0.002455821752,6.693127194e-07,4.970062648097271
18,18:47481150:A:G,47481150,G,A,0.25225,-0.0144751,0.00281045,2.59975e-07,335929.2459,-0.01434131309,0.002810786777,3.356539526e-07,5.102241552917338
18,18:47594628:C:T,47594628,T,C,0.179085,-0.0154629,0.00311525,6.92238e-07,350790.371,-0.01538758424,0.003115584319,7.856127335e-07,4.938907975034009
18,18:51504811:C:A,51504811,A,C,0.90606,0.0359531,0.00403805,5.43156e-19,360557.8619,0.03638917349,0.004038685552,2.0576979840000001e-19,9.010152689896765
18,18:52851517:A:C,52851517,C,A,0.0885957,0.0329995,0.00415863,2.10773e-15,358361.0219,0.03380438934,0.004160077681,4.4404260789999995e-16,8.125903392235237
18,18:53912401:G:C,53912401,C,G,0.412227,-0.0129523,0.00241423,8.10078e-08,354391.0474,-0.01255307799,0.002415625178,2.029482839e-07,5.1966166375170975
18,18:55337147:C:G,55337147,G,C,0.257944,-0.012913,0.00269052,1.59159e-06,361209.4351,-0.0135813858,0.002693154964,4.584624818e-07,5.04292771175272
18,18:55512100:A:C,55512100,C,A,0.0688379,-0.0278867,0.00465006,2.01094e-09,361083.8542,-0.02866587885,0.004655032349,7.365041146e-10,6.158040739750829
18,18:56682407:A:G,56682407,G,A,0.388259,-0.0574371,0.00241832,1.3450999999999999e-124,359769.4385,-0.05705096892,0.002420517727,7.878535731e-123,23.569738111651514
18,18:57405431:C:A,57405431,A,C,0.359508,0.0157548,0.00245636,1.42021e-10,360218.0308,0.0152272996,0.002456996476,5.735755694e-10,6.197526023639278
18,18:57887254:C:A,57887254,A,C,0.871545,-0.0266892,0.0035204,3.42934e-14,360684.3414,-0.02739530627,0.003521145039,7.239476282e-15,7.7802265929324586
18,18:58042659:T:C,58042659,C,T,0.3116,-0.01586,0.00254317,4.48482e-10,360732.6302,-0.01601888252,0.00254350095,3.015766287e-10,6.297966006263925
18,18:59681519:G:T,59681519,T,G,0.0810011,-0.0237106,0.00432028,4.06333e-08,360209.6415,-0.02334784747,0.00432069176,6.526952442e-08,5.403729024631925
18,18:59900751:G:A,59900751,A,G,0.0719582,-0.0371636,0.00456224,3.7761e-16,360028.7843,-0.03755157216,0.004562914779,1.876305632e-16,8.229733400418608
18,18:61153684:C:G,61153684,G,C,0.382906,0.0119868,0.0024258,7.76067e-07,359946.8745,0.01209777404,0.002425966305,6.139210045e-07,4.986785684148239
18,18:61950646:C:A,61950646,A,C,0.053789,-0.0301639,0.00522712,7.9027e-09,359894.1266,-0.03068386469,0.005234619643,4.581022716e-09,5.861718096563525
18,18:62364072:A:C,62364072,C,A,0.190569,-0.0248165,0.00300439,1.46066e-16,359413.3522,-0.02339489043,0.003026943315,1.084944141e-14,7.728882901132227
18,18:62445161:T:A,62445161,A,T,0.102101,-0.0276827,0.00389386,1.16828e-12,360032.9364,-0.02390335472,0.003922506347,1.101936879e-09,6.093898289873181
18,18:66223983:G:A,66223983,A,G,0.0951122,-0.0334768,0.00401836,8.04704e-17,360088.2919,-0.03331674534,0.004018871465,1.13177205e-16,8.290074870558222
18,18:66367482:A:G,66367482,G,A,0.090119,-0.0500121,0.00410999,4.64907e-34,361210.9081,-0.05028413326,0.00411109929,2.114977798e-34,12.23131082781511
18,18:68026762:A:C,68026762,C,A,0.761671,0.0335254,0.00276237,6.870720000000001e-34,361190.4529,0.03701358951,0.002802151126,7.786092553e-40,13.208991180584883
18,18:68088524:A:C,68088524,C,A,0.0847998,-0.0112943,0.00422725,0.00754542,360899.2273,-0.02189036467,0.00429159335,3.383019046e-07,5.10075463463937
18,18:68163639:T:A,68163639,A,T,0.24005,-0.0184283,0.00275976,2.43396e-11,360195.452,-0.01847948901,0.002769169847,2.501218341e-11,6.6732956196312365
18,18:68203163:G:T,68203163,T,G,0.508686,-0.0169932,0.00235863,5.8301e-13,359940.0382,-0.01767026638,0.002363733413,7.686701266000001e-14,7.475574987778878
18,18:68869210:T:A,68869210,A,T,0.0877549,-0.0320535,0.00416458,1.39989e-14,360433.0755,-0.03151950779,0.004165137697,3.8059591420000005e-14,7.567458769178836
18,18:69989144:T:A,69989144,A,T,0.438965,-0.0172488,0.00237482,3.78789e-13,360310.1673,-0.01657250481,0.002376920975,3.118952553e-12,6.9722573801596415
18,18:70306769:G:C,70306769,C,G,0.646279,-0.0136362,0.00246398,3.12799e-08,360602.8983,-0.01287223507,0.002466072325,1.791828409e-07,5.219731367773246
18,18:71196459:T:A,71196459,A,T,0.248966,-0.0156734,0.00272989,9.39768e-09,359162.9708,-0.0155885816,0.002730103156,1.130509456e-08,5.70988739591787
18,18:75385599:G:T,75385599,T,G,0.375726,0.0208515,0.00243268,1.02644e-17,360509.2234,0.02093864791,0.002432975764,7.553005713e-18,8.606188446191197
18,18:77155196:C:A,77155196,A,C,0.309051,0.0149397,0.00254964,4.64612e-09,360533.9056,0.01499306246,0.002549814873,4.101197202e-09,5.880059222636748
18,18:77344368:T:A,77344368,A,T,0.240369,-0.0169826,0.00275399,6.988e-10,361384.7239,-0.01711903581,0.002754209646,5.113240699e-10,6.2155892289689545
18,18:78351897:C:G,78351897,G,C,0.605405,0.0145719,0.00240866,1.45163e-09,361101.0429,0.01333184066,0.002413072009,3.297829681e-08,5.524841616941569
18,18:78452468:C:G,78452468,G,C,0.18071,0.0241829,0.00305436,2.43e-15,362314.6678,0.02299869899,0.003060075336,5.659438839e-14,7.51572966829729
13,13:18451887:C:T,18451887,T,C,0.015221,-0.0504397,0.00962614,1.60782e-07,360249.1686,-0.05050888347,0.009626855092,1.548771608e-07,5.24666497909305
13,13:19102899:A:T,19102899,T,A,0.326763,0.0123742,0.00251324,8.50003e-07,360101.0481,0.01281689937,0.00251483256,3.459504496e-07,5.096521960889516
13,13:19339815:A:C,19339815,C,A,0.661404,0.0146384,0.00275209,1.04395e-07,294989.8744,0.01841187708,0.002819730488,6.591983008e-11,6.5296584756436475
13,13:19583898:G:A,19583898,A,G,0.471029,0.0106419,0.00254476,2.89169e-05,310116.5426,0.01404046715,0.002605900076,7.126467834e-08,5.387953006836629
13,13:21430054:G:T,21430054,T,G,0.696398,-0.0162292,0.00256299,2.42084e-10,360261.7032,-0.01627729158,0.002563160338,2.14647865e-10,6.350477314540905
13,13:22495418:A:G,22495418,G,A,0.680665,-0.0146915,0.00252955,6.32868e-09,359761.9291,-0.0146252525,0.002529731,7.410489905e-09,5.781346910007428
13,13:24718261:T:G,24718261,G,T,0.108022,-0.0420703,0.00379769,1.62342e-28,359972.2214,-0.04138620333,0.003799438355,1.248599347e-27,10.89271609724538
13,13:24827944:C:A,24827944,A,C,0.0575238,0.033612,0.00506332,3.17688e-11,359981.7854,0.03122779722,0.005065417182,7.052709575e-10,6.164901349284364
13,13:25206598:T:G,25206598,G,T,0.304946,-0.0289724,0.0025611,1.1518400000000001e-29,359810.1431,-0.02879131836,0.00256193929,2.650384879e-29,11.238095481958121
13,13:25420200:C:A,25420200,A,C,0.156178,0.0245079,0.00324695,4.43143e-14,360107.189,0.02429369564,0.003254828528,8.400208512000001e-14,7.46389415940378
13,13:25667216:T:G,25667216,G,T,0.103689,0.0217963,0.00386098,1.6505e-08,361158.2642,0.0200695764,0.003869596356,2.143083166e-07,5.18647800794032
13,13:25933813:A:T,25933813,T,A,0.237808,-0.0205405,0.00276478,1.09395e-13,361113.7408,-0.02079255791,0.002765577456,5.5475114270000005e-14,7.518342277808906
13,13:27179067:T:C,27179067,C,T,0.330904,-0.013774,0.00250457,3.81008e-08,360270.8636,-0.01361379024,0.002504755744,5.474213431e-08,5.435176772270534
13,13:29478054:T:G,29478054,G,T,0.032641,0.0589396,0.0066328,6.358230000000001e-19,360149.0331,0.05912656462,0.00663370075,4.964365381e-19,8.913058765878157
13,13:32818732:G:T,32818732,T,G,0.0145578,-0.0750456,0.00983763,2.38236e-14,360366.4887,-0.07902492014,0.009848101656,1.020391225e-15,8.024381033054599
13,13:32975377:C:T,32975377,T,C,0.193071,-0.0159006,0.00298222,9.72972e-08,361124.1073,-0.01704175882,0.002985492511,1.141838429e-08,5.708190108402519
13,13:33202415:G:T,33202415,T,G,0.0140598,0.0651575,0.0100121,7.63327e-11,360073.5694,0.06755397945,0.01001455641,1.524181831e-11,6.745578803924277
13,13:33267701:T:A,33267701,A,T,0.383496,-0.0166301,0.00242489,6.98937e-12,359902.4682,-0.01703720135,0.002425475754,2.151852937e-12,7.024271968871638
13,13:33528818:A:G,33528818,G,A,0.489026,-0.0147201,0.00235595,4.16049e-10,360755.1268,-0.01501486316,0.002356484,1.869163328e-10,6.371722939769589
13,13:35063430:G:T,35063430,T,G,0.726871,0.032075,0.00264673,8.531190000000001e-34,359667.0578,0.0320098242,0.002647389162,1.17712585e-33,12.091091351230666
13,13:36720998:G:T,36720998,T,G,0.257434,-0.0148914,0.00269301,3.21111e-08,360918.1364,-0.01485937936,0.002693171809,3.439985341e-08,5.517427187654034
13,13:38088765:G:A,38088765,A,G,0.0379589,-0.0376601,0.00616519,1.00667e-09,360476.7582,-0.03629008021,0.006165843442,3.96460028e-09,5.885663583801387
13,13:39004758:C:G,39004758,G,C,0.539325,-0.0188451,0.00236469,1.5995e-15,360124.1008,-0.01867766011,0.002365430444,2.877806824e-15,7.89609356613151
13,13:39331607:A:T,39331607,T,A,0.567316,0.0133935,0.00237859,1.79452e-08,360287.4498,0.01300991331,0.002379105152,4.541003268e-08,5.468406177450032
13,13:39925240:C:G,39925240,G,C,0.39912,0.0183933,0.00240817,2.2135e-14,359738.1143,0.0185161581,0.00240847914,1.49564143e-14,7.687904699892895
13,13:40863282:T:C,40863282,C,T,0.878971,-0.0242046,0.003608,1.96816e-11,361302.7364,-0.03048456001,0.003623819986,4.0214342259999995e-17,8.412272167980698
13,13:41019559:T:G,41019559,G,T,0.505339,-0.044735,0.00235711,2.79861e-80,359946.4001,-0.04686040877,0.00236875472,4.19452599e-87,19.78271890050313
13,13:41348910:G:T,41348910,T,G,0.411814,0.0112228,0.00239319,2.73993e-06,360683.0793,0.01178961916,0.002393845075,8.437257922e-07,4.924971663005385
13,13:44403257:A:C,44403257,C,A,0.204513,0.0222659,0.00292154,2.51786e-14,360308.6697,0.02222295479,0.002921833245,2.8309030850000004e-14,7.605825838291466
13,13:49819109:G:C,49819109,C,G,0.67708,-0.0175966,0.00251913,2.84963e-12,360601.515,-0.01772017438,0.00251933759,2.011791032e-12,7.033664106921057
13,13:52622217:T:C,52622217,C,T,0.712468,0.0200212,0.00260331,1.46726e-14,360369.313,0.02043646142,0.002603826878,4.206223624e-15,7.848625264862942
13,13:53130252:T:G,53130252,G,T,0.128323,0.0250198,0.00354082,1.5965e-12,356774.5315,0.02488902579,0.003541862373,2.108682345e-12,7.027101329439488
13,13:53972574:G:C,53972574,C,G,0.122488,0.030539,0.00358814,1.72937e-17,361534.7253,0.03027301158,0.003588943247,3.3098565679999996e-17,8.435076705463434
13,13:58528989:A:C,58528989,C,A,0.300955,0.0124587,0.00256636,1.20658e-06,361120.5481,0.01261466725,0.002566529988,8.875203045e-07,4.9150671564255255
13,13:61308871:T:C,61308871,C,T,0.791606,-0.0245126,0.00289984,2.84768e-17,360656.6963,-0.02403844162,0.002901768676,1.1904013989999998e-16,8.284065445608249
13,13:61773959:G:C,61773959,C,G,0.225743,-0.0187201,0.00281901,3.12701e-11,360227.2557,-0.01570472064,0.002876901764,4.790919842e-08,5.45890055632779
13,13:61873375:G:C,61873375,C,G,0.124727,0.0255946,0.00355795,6.32069e-13,362040.0617,0.0208724049,0.003632789491,9.161802077e-09,5.745558599448172
13,13:63438538:G:T,63438538,T,G,0.0338217,0.0367822,0.00652116,1.69738e-08,360065.5758,0.03758685496,0.006523292861,8.315007578e-09,5.761945042313807
13,13:64397002:C:A,64397002,A,C,0.58526,-0.0177835,0.00239252,1.06427e-13,360097.2877,-0.01773125528,0.002396155811,1.363119818e-13,7.39987575040044
13,13:64881867:G:C,64881867,C,G,0.0483587,-0.0394191,0.0054845,6.61801e-13,361441.7754,-0.0352940802,0.005505642757,1.450159735e-10,6.410528571823209
13,13:65523945:T:G,65523945,G,T,0.163818,-0.0266394,0.00318251,5.75417e-17,360608.5612,-0.0288623287,0.003265360579,9.663034204e-19,8.838940754542623
13,13:65570328:G:A,65570328,A,G,0.0931089,0.0152921,0.00405945,0.00016523,359604.016,0.02343644401,0.004168466381,1.884119081e-08,5.622318106444146
13,13:65889759:C:G,65889759,G,C,0.562219,-0.0261053,0.00238062,5.64069e-28,358619.7653,-0.02605303604,0.002382064532,7.655534596e-28,10.937166348774635
13,13:66420953:G:C,66420953,C,G,0.41507,-0.0159937,0.00239327,2.3478e-11,359798.9248,-0.01583485391,0.002394804329,3.787260992e-11,6.612170237980223
13,13:68862196:C:G,68862196,G,C,0.281642,-0.0179093,0.00272237,4.75652e-11,333682.5669,-0.01608237884,0.002731939717,3.937480936e-09,5.886798577554412
13,13:69259808:T:A,69259808,A,T,0.0390896,-0.0386688,0.00609816,2.28461e-10,358205.2172,-0.036901824,0.006113846451,1.581979638e-09,6.035778669901698
13,13:69345060:C:G,69345060,G,C,0.0915952,0.0604673,0.0040864,1.5795e-49,359935.2655,0.05829203068,0.004100708294,7.383244951e-46,14.21511273193723
13,13:74449665:G:T,74449665,T,G,0.195692,0.019396,0.00296404,6.00706e-11,361832.3712,0.01942259598,0.002964290907,5.669949698e-11,6.55218957563668
13,13:75648280:T:C,75648280,C,T,0.366714,0.0195626,0.0024425,1.15769e-15,361117.6637,0.01964254609,0.00244305354,8.97198238e-16,8.040161940126781
13,13:76031694:G:T,76031694,T,G,0.801508,0.0158122,0.00295673,8.90576e-08,359760.6597,0.01550167346,0.00295728206,1.589616195e-07,5.241865045500597
13,13:76772675:C:A,76772675,A,C,0.0346638,-0.0554146,0.00644286,7.938040000000001e-18,360181.2138,-0.05572172795,0.00644437649,5.307225487e-18,8.646566201783163
13,13:78075786:A:G,78075786,G,A,0.183005,-0.0239947,0.00304421,3.22926e-15,361090.5379,-0.0240216357,0.003044590197,3.0233049e-15,7.8899405652917824
13,13:79240909:T:A,79240909,A,T,0.24485,0.0163488,0.00274067,2.44453e-09,360273.7975,0.01653335127,0.002741387005,1.629311763e-09,6.031016868411835
13,13:80346370:G:T,80346370,T,G,0.112603,0.0190067,0.0037311,3.50554e-07,359707.4014,0.01853139794,0.003732813376,6.889293475e-07,4.964458726800276
13,13:80850275:C:G,80850275,G,C,0.302425,0.0151542,0.00256686,3.55537e-09,359970.8948,0.01455837873,0.002568355877,1.441665394e-08,5.668365065905546
13,13:81414695:G:T,81414695,T,G,0.0220941,0.0537285,0.00800411,1.91444e-11,361467.1048,0.05119363184,0.008023675229,1.767159831e-10,6.380322031850275
13,13:81456300:T:C,81456300,C,T,0.785811,0.0152825,0.0028717,1.02823e-07,360491.3725,0.01413534531,0.002878502822,9.077089721e-07,4.910658833462141
13,13:82169394:A:G,82169394,G,A,0.733963,-0.0166537,0.00300773,3.07952e-08,283257.7612,-0.01695461938,0.003008778036,1.750059649e-08,5.6350515648340105
13,13:85573986:G:T,85573986,T,G,0.536848,-0.016552,0.00236494,2.58375e-12,359789.2122,-0.01692556211,0.002365421214,8.342230776e-13,7.155411480130574
13,13:86654962:A:G,86654962,G,A,0.402733,0.0181188,0.00240497,4.93599e-14,359624.107,0.01356150264,0.002503116533,6.032096752e-08,5.417847096294178
13,13:87007035:C:T,87007035,T,C,0.70894,-0.025132,0.00260073,4.33836e-22,358448.4743,-0.02134069535,0.002706609626,3.153942829e-15,7.884659518313558
13,13:88089072:C:T,88089072,T,C,0.0374442,-0.0747338,0.0062056,2.14369e-33,360387.4242,-0.07893913141,0.006224000606,7.344539636e-37,12.683021163896077
13,13:88713611:C:T,88713611,T,C,0.353002,0.0199824,0.00250566,1.52975e-15,348914.4034,0.01955597756,0.00257106507,2.8232125890000004e-14,7.6061776063878455
13,13:89274019:G:T,89274019,T,G,0.199645,-0.0206032,0.00295211,2.97528e-12,359300.116,-0.01651672468,0.003022587646,4.643913295e-08,5.464432008070213
13,13:94200688:C:A,94200688,A,C,0.199055,0.0354302,0.00294653,2.68531e-33,361369.2087,0.0355370314,0.002947446789,1.7840036769999998e-33,12.056886500080596
13,13:94271087:G:C,94271087,C,G,0.18834,0.0181323,0.003016,1.8338e-09,359831.6769,0.01841717539,0.003016341405,1.022874437e-09,6.1057993499910195
13,13:94851274:C:G,94851274,G,C,0.246174,0.0231795,0.00273729,2.50468e-17,359816.3887,0.02345070556,0.002737741658,1.074103928e-17,8.565711630048915
13,13:96409021:G:C,96409021,C,G,0.120296,-0.0372512,0.00361954,7.74269e-25,360828.153,-0.03709683282,0.003620183257,1.2178975170000001e-24,10.247225122725327
13,13:99900023:C:G,99900023,G,C,0.286834,0.0167602,0.0026033,1.21153e-10,360913.2497,0.0168202102,0.002603490825,1.042628744e-10,6.4606374020926305
13,13:101587774:A:C,101587774,C,A,0.10706,0.0238838,0.00380477,3.44831e-10,361550.3018,0.02358797423,0.00380515167,5.683830502e-10,6.198957696211883
13,13:102363188:G:C,102363188,C,G,0.126531,0.0191067,0.00353676,6.5833e-08,361935.9787,0.01948437468,0.00353708438,3.617035915e-08,5.508597643350538
13,13:103829249:C:G,103829249,G,C,0.22217,0.0141128,0.00283085,6.18776e-07,361317.2545,0.01413610415,0.002831121237,5.941421741e-07,4.993111550736462
13,13:104452715:T:G,104452715,G,T,0.0349191,-0.0382697,0.00641933,2.49963e-09,360307.5758,-0.03996980836,0.006420172984,4.79535743e-10,6.225659099779795
13,13:104728566:T:C,104728566,C,T,0.57065,-0.02844,0.00238063,6.87642e-33,360234.481,-0.02852268768,0.00238125066,4.632097892e-33,11.978028251759097
13,13:105328874:C:A,105328874,A,C,0.198893,0.0179239,0.00295338,1.28894e-09,360022.2037,0.01787550023,0.002953613489,1.429888937e-09,6.052078342874876
13,13:106687232:T:C,106687232,C,T,0.0609978,-0.0979184,0.0049172,3.47071e-88,360934.9903,-0.08682552156,0.005219923863,3.987181449999999e-62,16.63348428804468
13,13:106701892:T:A,106701892,A,T,0.643991,0.0309775,0.00245796,2.07101e-36,361111.2476,0.01665886446,0.002608419669,1.696436933e-10,6.386573701304196
13,13:107558091:C:A,107558091,A,C,0.713248,0.0138718,0.00260414,1.0001e-07,360755.1693,0.01390373425,0.00260426575,9.354788556e-08,5.338830820164954
13,13:108363900:T:G,108363900,G,T,0.204066,-0.0303774,0.00292333,2.73653e-25,360403.4185,-0.02559569859,0.003054035177,5.250476238e-17,8.38094426114071
13,13:108423594:T:A,108423594,A,T,0.316697,-0.0207602,0.0025294,2.2646e-16,361367.5384,-0.01431072117,0.002642363742,6.098848223e-08,5.4158785721031135
13,13:110728237:A:G,110728237,G,A,0.115017,-0.0202728,0.00369347,4.04918e-08,360346.2223,-0.02027321432,0.003693705828,4.051688221e-08,5.488583894884008
20,20:3265948:A:C,3265948,C,A,0.366209,0.013816,0.00244526,1.60455e-08,360845.0783,0.01365465184,0.002445923349,2.36926915e-08,5.582616415834379
20,20:3677703:A:C,3677703,C,A,0.0398901,-0.0645447,0.00605068,1.4603400000000002e-26,357068.5196,-0.06474113882,0.006052563298,1.057151179e-26,10.696482735074074
20,20:3728793:A:T,3728793,T,A,0.484558,0.0319537,0.00236105,1.01261e-41,359523.4661,0.032283293,0.002362012747,1.58310171e-42,13.667704817005374
20,20:4523921:T:G,4523921,G,T,0.117487,0.0190889,0.00366092,1.84672e-07,360379.6091,0.01884624387,0.003661166108,2.638306738e-07,5.14760688645597
20,20:4686319:T:A,4686319,A,T,0.585684,0.0146619,0.00238902,8.40635e-10,361580.0818,0.0146459947,0.002389234856,8.788253414e-10,6.129993735534218
20,20:4858081:T:C,4858081,C,T,0.27087,-0.0131297,0.00264936,7.20713e-07,361249.3072,-0.01299326777,0.002649539849,9.391814767e-07,4.903971448062565
20,20:7302538:T:A,7302538,A,T,0.48075,0.0172928,0.00235777,2.23203e-13,360845.2258,0.01559375467,0.002360916408,3.976289679e-11,6.604958403931767
20,20:7404039:C:G,7404039,G,C,0.522258,0.0294908,0.00236087,8.44982e-36,359975.9564,0.02894194916,0.002364272252,1.868344872e-34,12.241377504438097
20,20:7771694:A:T,7771694,T,A,0.359276,-0.0105019,0.00245362,1.86795e-05,361367.0512,-0.01397948706,0.002506508211,2.443146519e-08,5.577275589463449
20,20:7897208:C:A,7897208,A,C,0.0782056,-0.0258157,0.00439178,4.15147e-09,360155.1606,-0.03047998676,0.004486770295,1.095954265e-11,6.793302254400345
20,20:7983942:A:C,7983942,C,A,0.472044,-0.0166628,0.00236307,1.77519e-12,359824.7112,-0.01692349383,0.002363694142,8.081566736e-13,7.159764679063118
20,20:9552568:A:T,9552568,T,A,0.110959,-0.0207054,0.00374909,3.33928e-08,361169.9778,-0.02074089136,0.003749369688,3.168994318e-08,5.531834171056007
20,20:10158927:A:G,10158927,G,A,0.282522,-0.0174477,0.00261488,2.51913e-11,361298.7608,-0.01736175236,0.002615142267,3.159635529e-11,6.638932259665092
20,20:11065901:A:G,11065901,G,A,0.210157,0.0167721,0.00289717,7.08056e-09,359427.4931,0.01647636778,0.00289745625,1.296738875e-08,5.686494068719761
20,20:11317259:A:G,11317259,G,A,0.622517,0.0174542,0.00242853,6.62774e-13,361315.6142,0.01723582047,0.002428949389,1.284211577e-12,7.095998190845796
20,20:12442000:T:A,12442000,A,T,0.0920156,-0.0221238,0.00407933,5.85146e-08,360189.7799,-0.02218675245,0.004079853313,5.384418393e-08,5.438125037315527
20,20:15647129:G:T,15647129,T,G,0.357449,0.013764,0.00246044,2.21869e-08,360163.249,0.01367556798,0.002460622325,2.732462633e-08,5.5577679845687005
20,20:16719469:C:T,16719469,T,C,0.254624,0.0164786,0.00271236,1.23833e-09,358649.5463,0.01651239919,0.002712615759,1.148588952e-09,6.087260657988384
20,20:17985887:G:T,17985887,T,G,0.428684,0.0141007,0.00238347,3.30076e-09,359922.5914,0.01399480226,0.002383708812,4.331218483e-09,5.871020063167011
20,20:18326984:A:G,18326984,G,A,0.0664391,-0.0252476,0.00484264,1.85308e-07,344286.0146,-0.02535309143,0.00484311207,1.650956091e-07,5.234876059764605
20,20:19040772:C:A,19040772,A,C,0.183947,-0.017731,0.0030426,5.62882e-09,360365.0411,-0.01781696498,0.003042845573,4.759696223e-09,5.855362867604849
20,20:19653903:G:A,19653903,A,G,0.0494339,0.042543,0.00544274,5.44677e-15,359723.0343,0.04180644818,0.005443329962,1.5870710910000002e-14,7.680307545537692
20,20:20569587:T:G,20569587,G,T,0.19265,-0.0156272,0.00298683,1.67754e-07,360910.5381,-0.01598875238,0.002987325629,8.689318918e-08,5.35219603272784
20,20:21119539:G:C,21119539,C,G,0.104992,-0.0366688,0.00384905,1.6326999999999999e-21,359653.7287,-0.03753754681,0.003851343902,1.907312683e-22,9.746609953607825
20,20:21990538:A:T,21990538,T,A,0.0337856,-0.0376318,0.00652331,7.9892e-09,360498.2072,-0.03881825931,0.006526312141,2.715009168e-09,5.947962412973406
20,20:22787674:G:A,22787674,A,G,0.381018,-0.0168633,0.00242808,3.78776e-12,360144.4437,-0.0165171346,0.002428404244,1.034338796e-11,6.801641300376512
20,20:23646126:G:C,23646126,C,G,0.45559,0.0145398,0.00237521,9.27997e-10,357877.6774,0.01464702829,0.002375387579,6.996672223e-10,6.166163542947447
20,20:24481419:A:G,24481419,G,A,0.160131,0.022546,0.0032146,2.32609e-12,360316.5761,0.02241865848,0.003214942818,3.096614952e-12,6.973268188311522
21,21:13761237:A:G,13761237,G,A,0.117938,-0.022,0.00365488,1.75293e-09,360164.7418,-0.02190177676,0.00365509095,2.071114302e-09,5.992129076842808
21,21:15531158:C:T,15531158,T,C,0.0140473,-0.0579432,0.0100121,7.15705e-09,360499.2418,-0.05142127225,0.01005258054,3.133571237e-07,5.115231063843831
21,21:15535823:C:T,15535823,T,C,0.382903,0.0188315,0.00262595,7.4417e-13,307154.1512,0.01788975848,0.002636358594,1.154582344e-11,6.785783436560831
21,21:16090358:T:A,16090358,A,T,0.359264,-0.0211091,0.00253067,7.37278e-17,339462.0325,-0.02123892176,0.002532227657,4.968188953e-17,8.38744561583469
21,21:16284643:T:C,16284643,C,T,0.78268,0.0300091,0.00285282,7.11553e-26,361475.1106,0.02995843086,0.002853549153,8.761872966e-26,10.498655973212877
21,21:16449596:C:G,16449596,G,C,0.379134,-0.0166294,0.00243021,7.77884e-12,360005.6362,-0.01717358518,0.002431154472,1.618198779e-12,7.063962976351755
21,21:16510255:G:A,16510255,A,G,0.153586,-0.0172955,0.0032611,1.13622e-07,362032.4935,-0.01708630507,0.003261297628,1.613506862e-07,5.239112469620942
21,21:17379109:C:T,17379109,T,C,0.135137,-0.0347046,0.0034436,6.963770000000001e-24,361056.2405,-0.03456893594,0.003444122397,1.04727272e-23,10.037081135708545
21,21:20501162:C:T,20501162,T,C,0.344833,-0.0156575,0.00248378,2.90565e-10,359094.5868,-0.01547877327,0.002483985163,4.622041109e-10,6.23142742580061
21,21:22369594:C:A,22369594,A,C,0.104823,0.0252537,0.00385014,5.41893e-11,359810.2503,0.02484492104,0.003850455135,1.100464266e-10,6.452463454037882
21,21:23824774:G:A,23824774,A,G,0.648872,-0.0132342,0.00246797,8.21815e-08,360665.9347,-0.01332813658,0.002468153325,6.662454995e-08,5.400044010636981
21,21:25672052:G:T,25672052,T,G,0.0867796,-0.0217398,0.00434277,5.56075e-07,334876.5107,-0.02192088985,0.004343059464,4.480079426e-07,5.047338179848601
21,21:26965946:T:C,26965946,C,T,0.728896,0.0158303,0.00265102,2.35447e-09,360390.6627,0.01583371446,0.002651214185,2.340032741e-09,5.97225020505086
21,21:28164004:T:C,28164004,C,T,0.3279,0.0199029,0.00251137,2.28593e-15,360057.2275,0.01960758536,0.002513096234,6.085518125e-15,7.802162565335331
21,21:29274669:C:A,29274669,A,C,0.555519,0.0129632,0.00237323,4.70449e-08,359895.3372,0.01327748125,0.002378919683,2.387177544e-08,5.581307071811723
21,21:29664473:G:A,29664473,A,G,0.106096,0.0260555,0.00382039,9.11104e-12,361562.0476,0.0276583793,0.003829015612,5.071645624e-13,7.22336550765675
21,21:30110145:T:C,30110145,C,T,0.461554,0.0190385,0.00236194,7.61941e-16,360963.6221,0.01915636451,0.002363385505,5.253941150999999e-16,8.105476008663258
21,21:34912367:A:C,34912367,C,A,0.76989,-0.0145911,0.00279772,1.83558e-07,360942.9841,-0.01455907575,0.002797865284,1.954253985e-07,5.203637156248443
21,21:37518952:C:G,37518952,G,C,0.304215,0.0273321,0.00256247,1.47631e-26,360025.711,0.02743474121,0.002562935362,9.703450526e-27,10.704421819125066
21,21:37794816:A:G,37794816,G,A,0.230997,-0.0485451,0.00279411,1.3818200000000001e-67,360627.8442,-0.04864662746,0.002795342809,7.864756458e-68,17.402741196312427
21,21:39486141:T:G,39486141,G,T,0.190544,0.0208479,0.00300042,3.70315e-12,360440.1841,0.02072453654,0.003000654501,4.961551436e-12,6.90667203874799
21,21:40463608:C:G,40463608,G,C,0.0148631,-0.0630117,0.00972755,9.32804e-11,361227.347,-0.0625122085,0.009728324494,1.311830151e-10,6.425793931786996
21,21:40960619:G:T,40960619,T,G,0.359355,-0.0146568,0.00245701,2.44422e-09,360119.0588,-0.01443122601,0.002457210977,4.279512073e-09,5.87301055753016
21,21:41038479:C:A,41038479,A,C,0.275217,-0.0138208,0.00263804,1.61522e-07,360549.5272,-0.01351022437,0.00263823843,3.040385807e-07,5.120926227278101
21,21:41848470:G:T,41848470,T,G,0.61601,-0.0173387,0.00242705,9.08457e-13,359184.1594,-0.0172379153,0.002427245748,1.23105107e-12,7.101841795048435
21,21:42300812:C:T,42300812,T,C,0.181673,0.0192484,0.00305498,2.96726e-10,360713.3308,0.01915644559,0.003055163773,3.606167121e-10,6.270186154763626
7,7:62542423:G:T,62542423,T,G,0.15326,-0.022702,0.00392854,7.53263e-09,249732.7238,-0.02583191536,0.003942975985,5.700959415e-11,6.551375270422805
7,7:63062798:T:A,63062798,A,T,0.0410014,-0.0292988,0.00597096,9.25774e-07,356812.4258,-0.03106871432,0.005987412673,2.11420717e-07,5.189005003797907
7,7:64943420:A:T,64943420,T,A,0.292748,-0.0194735,0.00275926,1.69831e-12,317287.43,-0.01973132788,0.00276451951,9.515122449e-13,7.13734441324308
7,7:65729747:A:T,65729747,T,A,0.0289256,-0.0653806,0.0107977,1.40526e-09,152712.3761,-0.08264764778,0.01087324127,2.938216859e-14,7.601012957197077
7,7:65927593:C:A,65927593,A,C,0.690922,0.0274808,0.00267839,1.0732e-24,326429.6441,0.01769315568,0.002778700239,1.922323604e-10,6.367421513004735
7,7:66302444:G:A,66302444,A,G,0.49034,0.040436,0.0027819,7.46069e-48,258439.5178,0.03494109232,0.002919202123,5.1400147749999996e-33,11.969398091589426
7,7:66839721:A:T,66839721,T,A,0.0457643,0.0660016,0.00565008,1.605e-31,358688.4419,0.04875275106,0.005744988269,2.136216507e-17,8.486135876563964
7,7:68107256:C:A,68107256,A,C,0.209991,-0.0298484,0.00289638,6.71344e-25,359337.1445,-0.02945553446,0.002897582081,2.8250401060000003e-24,10.165556535273176
7,7:69707992:T:C,69707992,C,T,0.286914,0.0302184,0.00259996,3.20256e-31,361563.8728,0.03013676034,0.002600545535,4.705986938e-31,11.588630129485503
7,7:71686223:T:A,71686223,A,T,0.279401,0.0179642,0.00262365,7.55148e-12,360897.9561,0.01826921329,0.002624200989,3.359060176e-12,6.961819375337488
7,7:72619219:G:T,72619219,T,G,0.290756,0.0148747,0.00259311,9.68746e-09,360718.4818,0.01472892264,0.002593549878,1.35437802e-08,5.6790589473290245
7,7:75321260:T:G,75321260,G,T,0.354755,-0.0420008,0.00245927,2.273e-65,361042.1703,-0.0415673427,0.002460505669,4.995995024e-64,16.893821145672803
7,7:75612791:T:G,75612791,G,T,0.113459,-0.0361528,0.00370848,1.8809999999999999e-22,361518.4191,-0.03538414626,0.003709825681,1.456780715e-21,9.537953883176
7,7:76014393:A:C,76014393,C,A,0.0991953,-0.0273698,0.00394315,3.89683e-12,360004.3883,-0.02784644988,0.003943908574,1.657582632e-12,7.060622567058523
7,7:76922565:T:C,76922565,C,T,0.295465,0.0317965,0.00258246,7.884729999999999e-35,360176.7447,0.03183110601,0.002583084006,6.819039377e-35,12.322907786220872
7,7:78949442:T:C,78949442,C,T,0.13464,0.0204038,0.003454,3.48071e-09,359845.8907,0.02041853494,0.00345428743,3.39892457e-09,5.911070040862234
7,7:80219094:C:T,80219094,T,C,0.688884,-0.0156949,0.0025436,6.82083e-10,360713.4451,-0.01580298289,0.002543841123,5.223047154e-10,6.212252308966231
7,7:81756852:T:C,81756852,C,T,0.40249,-0.0135311,0.0024007,1.73851e-08,360877.626,-0.013447083,0.002400852877,2.131668681e-08,5.600960862209467
7,7:83353355:G:T,83353355,T,G,0.455082,0.0146484,0.0023703,6.41823e-10,359005.09,0.01489402558,0.002370508218,3.319906912e-10,6.283051654031431
7,7:85331896:T:C,85331896,C,T,0.0257318,-0.0389405,0.00743958,1.65755e-07,360492.0648,-0.04592664627,0.007499986879,9.150533508e-10,6.123563548970311
7,7:85471776:T:C,85471776,C,T,0.622208,-0.018147,0.00243221,8.59969e-14,359680.2152,-0.02044235738,0.002451925929,7.602824541999999e-17,8.337265468837906
7,7:86946665:A:C,86946665,C,A,0.798425,-0.0273043,0.00293606,1.41663e-20,360470.239,-0.02723739927,0.002937275446,1.8095697200000002e-20,9.273015000037555
7,7:88900963:G:A,88900963,A,G,0.141586,0.0244843,0.0033743,3.99201e-13,361431.9102,0.02429181884,0.003374659327,6.096674861e-13,7.198302550318437
7,7:93463151:T:G,93463151,G,T,0.200003,-0.0366825,0.00294307,1.19345e-35,360795.6004,-0.0375717168,0.002945694906,2.931677239e-37,12.75478893739853
7,7:93886094:T:A,93886094,A,T,0.472613,0.0138792,0.00236041,4.10655e-09,360182.4803,0.01555804086,0.002362172575,4.508404957e-11,6.5863269367607495
7,7:95673725:G:A,95673725,A,G,0.502066,-0.0283565,0.00235646,2.40359e-33,360202.6899,-0.02838091278,0.002357127229,2.1771944949999998e-33,12.040467069756122
7,7:96766386:A:C,96766386,C,A,0.0496559,-0.0386517,0.0054303,1.09884e-12,359429.444,-0.03792196298,0.005431500357,2.913019658e-12,6.981857771789889
7,7:97332877:T:G,97332877,G,T,0.0566484,0.0431586,0.00509211,2.34744e-17,360936.6848,0.04327729258,0.005093660967,1.9572281199999998e-17,8.496304104332431
7,7:99055513:C:T,99055513,T,C,0.0325925,-0.0881253,0.00663201,2.7821500000000003e-40,360532.2641,-0.08743435197,0.006633802733,1.142008276e-39,13.180125410581756
7,7:101563814:G:C,101563814,C,G,0.200452,0.0150175,0.00294377,3.37216e-07,360147.3136,0.01587856438,0.002957965769,7.958410362e-08,5.368069010943311
7,7:101597805:A:G,101597805,G,A,0.0256347,0.0329386,0.00744628,9.71456e-06,361178.5426,0.03983452205,0.007488160892,1.039573775e-07,5.319666954880382
7,7:101735238:A:G,101735238,G,A,0.066786,-0.0228426,0.00471939,1.29791e-06,360335.9532,-0.0237483979,0.004739939738,5.435252984e-07,5.010274225558097
7,7:102932893:C:G,102932893,G,C,0.251557,0.0538579,0.00271382,1.33503e-87,360365.0242,0.05423776789,0.002715791517,9.795873378e-89,19.971256096238847
7,7:105444591:C:T,105444591,T,C,0.298515,0.0138,0.00257298,8.17101e-08,360813.063,0.01414694936,0.002575342244,3.946464629e-08,5.49323080959798
7,7:105670133:G:A,105670133,A,G,0.824684,0.017598,0.0030987,1.35466e-08,360302.425,0.018305243,0.003101547453,3.591843999e-09,5.901970960429474
7,7:107357566:A:G,107357566,G,A,0.285231,0.0128546,0.0026068,8.1773e-07,361049.8237,0.01291664253,0.00260692534,7.242631672e-07,4.954742021879307
7,7:109199867:G:C,109199867,C,G,0.231412,0.0212698,0.00279367,2.67268e-14,360308.6585,0.02138753684,0.002794127105,1.941247782e-14,7.654460959105151
7,7:110116112:A:T,110116112,T,A,0.0290865,0.0443897,0.00701471,2.48516e-10,359943.6247,0.04512481912,0.007015788788,1.260225178e-10,6.431895326892215
7,7:112287038:A:G,112287038,G,A,0.0904506,-0.0142804,0.00410284,0.000500301,361204.1834,-0.0211941186,0.004213921568,4.916387533e-07,5.029547479228261
7,7:112312172:C:G,112312172,G,C,0.345082,-0.0151667,0.00248125,9.81674e-10,359483.3921,-0.01812329781,0.002548531663,1.149796076e-12,7.111270412338605
7,7:113353496:T:G,113353496,G,T,0.584853,0.0125388,0.00239373,1.62265e-07,359535.8114,0.0126453511,0.002393919799,1.275870425e-07,5.282278506273385
7,7:116397046:T:G,116397046,G,T,0.018788,0.0589753,0.00866888,1.02548e-11,361034.9024,0.06055673391,0.008672703635,2.900727894e-12,6.982451661972419
7,7:116665181:C:G,116665181,G,C,0.189112,0.0141661,0.00300784,2.48141e-06,360543.8608,0.01493249798,0.003009605903,6.991039472e-07,4.9616124041739695
7,7:117709625:T:C,117709625,C,T,0.495928,-0.0133683,0.0023564,1.40289e-08,360351.4109,-0.01365694455,0.002361635945,7.345329306e-09,5.782832268840657
7,7:118809793:G:C,118809793,C,G,0.776202,-0.0123895,0.00282461,1.15344e-05,360913.5193,-0.01546317956,0.002852501785,5.929360577e-08,5.420918451765316
7,7:119461675:T:G,119461675,G,T,0.149596,0.0192659,0.00330562,5.60614e-09,359817.366,0.02047126723,0.003338390853,8.673951537e-10,6.132076240145389
7,7:121514001:A:T,121514001,T,A,0.193284,0.0156759,0.00298317,1.48288e-07,360469.395,0.01538744379,0.002983647361,2.505903586e-07,5.157259531113871
7,7:123073647:A:C,123073647,C,A,0.794969,0.0132204,0.00291597,5.79557e-06,360922.2733,0.01473380015,0.002922595535,4.622813183e-07,5.041340812833344
7,7:123284787:T:G,123284787,G,T,0.018591,-0.0604724,0.00871501,3.95872e-12,360933.9602,-0.06362227159,0.008734822475,3.246641068e-13,7.283750960262074
7,7:127352272:T:C,127352272,C,T,0.0324912,0.0347911,0.00664289,1.62995e-07,360583.9668,0.0329135219,0.006651432821,7.485076775e-07,4.948335612153362
7,7:127704291:A:G,127704291,G,A,0.167892,-0.0166185,0.00314929,1.31454e-07,360998.7825,-0.01661516864,0.003153154386,1.368853274e-07,5.2693799941326445
7,7:128309428:A:T,128309428,T,A,0.0556328,-0.0366845,0.00514321,9.86704e-13,359892.2815,-0.03644230117,0.005146993196,1.438335995e-12,7.080308790445115
7,7:129070336:G:T,129070336,T,G,0.235876,-0.0151507,0.00277586,4.81758e-08,360160.1129,-0.01452275249,0.002777922521,1.714290576e-07,5.227918482324007
7,7:129768977:G:T,129768977,T,G,0.653672,-0.0204936,0.00247254,1.15104e-16,361374.5377,-0.02019105683,0.002474074963,3.321164717e-16,8.161052972104306
7,7:130975914:C:A,130975914,A,C,0.316984,-0.0183301,0.00253191,4.50769e-13,360368.0993,-0.01850142471,0.002532237146,2.744854555e-13,7.306355464860556
7,7:131640584:A:C,131640584,C,A,0.251,-0.0132563,0.00271942,1.09042e-06,359780.3593,-0.01379336416,0.002719818494,3.948412755e-07,5.071428181854256
7,7:132650526:G:C,132650526,C,G,0.550454,-0.0155054,0.00236832,5.87828e-11,360368.3637,-0.0155963194,0.002368716127,4.570571039e-11,6.584292318621091
7,7:133470843:C:T,133470843,T,C,0.337422,-0.0124578,0.00249465,5.9222e-07,359512.8949,-0.0122517452,0.002494865697,9.071322026e-07,4.910783460100618
7,7:135099027:C:A,135099027,A,C,0.320968,0.0176937,0.0025231,2.34203e-12,360490.7279,0.01740655529,0.002523389075,5.270777185e-12,6.898086174047496
7,7:135558402:A:G,135558402,G,A,0.295283,0.0150442,0.00258155,5.62851e-09,360677.524,0.01501606402,0.00258182365,6.024767198e-09,5.816068816319039
7,7:136226590:T:A,136226590,A,T,0.0258304,0.0538371,0.00742869,4.26366e-13,360180.956,0.05447165784,0.007430397476,2.285761663e-13,7.330921127159362
7,7:136855217:G:C,136855217,C,G,0.297429,0.0154827,0.00257361,1.79024e-09,361386.3546,0.01546670241,0.002574138268,1.872509216e-09,6.008497135632498
7,7:137903371:G:T,137903371,T,G,0.237544,0.0271478,0.00276765,1.03677e-22,360476.6633,0.02250625453,0.002885881542,6.252581596e-15,7.798745098318384
7,7:137917699:C:A,137917699,A,C,0.182197,0.0241007,0.00305416,3.00347e-15,359853.4013,0.01696226562,0.003184721647,1.003231588e-07,5.326137571859196
7,7:140877073:G:T,140877073,T,G,0.598131,-0.0241825,0.0024061,9.20924e-24,359371.8292,-0.02404695614,0.002406540432,1.6465802479999998e-23,9.992334149156735
7,7:142694745:G:A,142694745,A,G,0.287507,-0.0251896,0.00267161,4.17776e-21,342047.409,-0.02514036066,0.002672026425,5.021935548e-21,9.40872456379244
7,7:145078842:A:T,145078842,T,A,0.242177,-0.0429793,0.0027448,3.03514e-55,361541.1439,-0.04247752808,0.002746222843,5.739099277e-54,15.467618801683676
7,7:145791173:C:A,145791173,A,C,0.0243542,0.0423546,0.0076326,2.87229e-08,361348.4374,0.03942988132,0.007636025353,2.421601669e-07,5.163665584807023
7,7:146241042:T:A,146241042,A,T,0.819257,0.0232654,0.00306584,3.24187e-14,359355.2875,0.02271100054,0.003066858777,1.308571297e-13,7.405297143227408
7,7:147910095:G:A,147910095,A,G,0.465707,0.0201147,0.00236327,1.72524e-17,359888.4432,0.0200522542,0.002363563843,2.1775711939999998e-17,8.483906309274168
7,7:148343741:G:C,148343741,C,G,0.415752,-0.0257719,0.00238902,3.9759799999999995e-27,360714.0035,-0.02597790689,0.002389454759,1.569034289e-27,10.871897361585493
7,7:149383415:G:C,149383415,C,G,0.186928,0.0166444,0.00302375,3.70318e-08,359950.3191,0.01705893257,0.003024054875,1.689877619e-08,5.641079039612335
7,7:149503676:C:G,149503676,G,C,0.481107,-0.0140666,0.00235838,2.4558e-09,360233.6717,-0.01423542098,0.002358619811,1.584832515e-09,6.035487751612038
7,7:150800495:G:C,150800495,C,G,0.286504,-0.0130408,0.00260563,5.593e-07,360409.5905,-0.01302196432,0.002605770045,5.812127743e-07,4.997357439497313
7,7:152146549:T:G,152146549,G,T,0.188691,0.025811,0.00301134,1.02738e-17,360270.438,0.02557864429,0.003011727965,2.0134804009999998e-17,8.4930128442062
7,7:152626486:C:G,152626486,G,C,0.479413,-0.0248405,0.00235728,5.83395e-26,360591.143,-0.02539167162,0.002357860798,4.8250180319999994e-27,10.768944308136378
7,7:152772418:C:G,152772418,G,C,0.548072,0.0384289,0.0023703,4.30679e-59,359205.5759,0.03866209431,0.002371415578,9.337887717999999e-60,16.303382110109425
7,7:153448406:G:C,153448406,C,G,0.648109,-0.0120619,0.00246754,1.01787e-06,360214.1954,-0.01217837842,0.002467661712,8.007293279e-07,4.935189601061492
7,7:154082159:T:G,154082159,G,T,0.229411,-0.0148655,0.00280349,1.14296e-07,360002.2903,-0.01494179427,0.002803654619,9.85382725e-08,5.329399052487213
7,7:157315432:C:G,157315432,G,C,0.117917,0.0182666,0.00364897,5.56106e-07,361174.9754,0.01828096369,0.003649145677,5.452747776e-07,5.009655768258878
7,7:159035600:T:C,159035600,C,T,0.322727,0.0126818,0.00252096,4.89338e-07,360091.4036,0.01283798781,0.002521102074,3.53908888e-07,5.092212624945863
6,6:514655:G:T,514655,T,G,0.936472,0.0251834,0.00483243,1.87593e-07,360269.939,0.02495760031,0.004832646238,2.412428512e-07,5.164375598973856
6,6:1498125:C:A,1498125,A,C,0.218701,-0.0221238,0.00285226,8.7472e-15,360025.3298,-0.0222544848,0.002852542614,6.111213679e-15,7.801630969780142
6,6:4092257:C:G,4092257,G,C,0.087071,-0.0210254,0.00418094,4.93625e-07,360215.9936,-0.0213765746,0.004182361789,3.202457092e-07,5.111125167655839
6,6:4592245:A:C,4592245,C,A,0.163603,0.0200502,0.00318376,3.02544e-10,360844.2423,0.02034393352,0.003184896562,1.684788983e-10,6.3876277059449444
6,6:5442385:G:T,5442385,T,G,0.114101,0.0331309,0.00370738,4.0365500000000003e-19,360203.3454,0.0328854272,0.003707859205,7.37299511e-19,8.869114327656893
6,6:6184882:A:T,6184882,T,A,0.592224,0.0203058,0.00239937,2.61682e-17,359967.566,0.02050198045,0.002399860982,1.307964606e-17,8.542986699552081
6,6:6526489:G:A,6526489,A,G,0.0605289,-0.0240324,0.00494037,1.14799e-06,360626.9931,-0.02453138621,0.004941074267,6.877615729e-07,4.964787996375201
6,6:8001007:T:A,8001007,A,T,0.208707,-0.0262829,0.00289978,1.26617e-19,360369.8537,-0.02615018778,0.002900223203,1.939957863e-19,9.016612153488795
6,6:9255192:T:C,9255192,C,T,0.121911,0.0215517,0.00359769,2.0948e-09,361226.691,0.02120366912,0.003597978871,3.787492156e-09,5.893216686430064
6,6:10128123:C:A,10128123,A,C,0.453629,-0.023908,0.00236335,4.7200500000000005e-24,361480.1149,-0.02384987864,0.002363733747,6.1220912890000004e-24,10.089917559568523
6,6:10987935:T:A,10987935,A,T,0.278723,-0.0196871,0.00262296,6.12507e-14,361847.8904,-0.01976599136,0.002623203985,4.8812183060000004e-14,7.535056927721158
6,6:13260377:A:G,13260377,G,A,0.576191,-0.0143962,0.00238629,1.61226e-09,359935.6692,-0.01462047189,0.002386488329,8.991573849e-10,6.126353819683818
6,6:14404040:G:A,14404040,A,G,0.132905,0.0264987,0.00347519,2.44387e-14,359597.418,0.02672950382,0.003475531846,1.462561676e-14,7.690766479600256
6,6:16027231:T:C,16027231,C,T,0.0470671,0.0286567,0.00556184,2.57345e-07,360747.3775,0.02846193585,0.005562223274,3.104219792e-07,5.1170070757573125
6,6:17303839:C:T,17303839,T,C,0.0762258,0.0367959,0.00443907,1.14483e-16,360676.0894,0.03783306248,0.004440558204,1.5970646959999998e-17,8.519888883771515
6,6:17637403:C:A,17637403,A,C,0.293807,0.0140976,0.00258512,4.946e-08,360968.3653,0.01427971155,0.002585857839,3.347166898e-08,5.522233795931424
6,6:18626861:A:C,18626861,C,A,0.0783276,-0.030295,0.00438406,4.84557e-12,360703.2154,-0.0304598965,0.004384515703,3.727343706e-12,6.947151877950522
6,6:20017185:C:A,20017185,A,C,0.17685,0.0155257,0.00308517,4.84703e-07,361226.157,0.01576232193,0.003085621157,3.25046063e-07,5.108314056714902
6,6:20255232:G:T,20255232,T,G,0.664329,0.0194956,0.00249168,5.11948e-15,361490.4041,0.01967893597,0.002492128718,2.869905446e-15,7.8964364191400485
6,6:21542917:T:C,21542917,C,T,0.0708815,0.0284199,0.00459044,5.98068e-10,360655.9436,0.0287237997,0.004591174281,3.941982495e-10,6.256307851102462
6,6:21780038:T:C,21780038,C,T,0.551713,0.0116228,0.00236748,9.14264e-07,361061.2608,0.01181636577,0.002367781881,6.022974644e-07,4.9904790068794345
6,6:22759628:A:C,22759628,C,A,0.572126,0.0146937,0.00238053,6.73113e-10,360787.2038,0.01430910803,0.002380714384,1.850362646e-09,6.010426167106318
6,6:24181488:G:C,24181488,C,G,0.624675,0.0181569,0.00243617,9.14101e-14,359673.1516,0.01678599271,0.002450981553,7.453358097e-12,6.8486817819799395
6,6:24403230:C:A,24403230,A,C,0.959006,0.0350731,0.00594587,3.66614e-09,360111.9105,0.03114142794,0.00598202231,1.931250073e-07,5.205836141390118
6,6:25001110:G:T,25001110,T,G,0.512953,0.0181998,0.00235705,1.15316e-14,360573.6976,0.0190437762,0.002359274001,6.922399540999999e-16,8.071879820626226
6,6:25039872:T:A,25039872,A,T,0.276446,-0.0178092,0.002635,1.39449e-11,360374.7392,-0.01913873739,0.002637533019,3.978149342e-13,7.256302481193696
6,6:26699747:C:A,26699747,A,C,0.0682511,-0.0387344,0.00472944,2.61941e-16,351836.7019,-0.03865048409,0.004730291656,3.062346446e-16,8.170845880290473
6,6:29786508:A:C,29786508,C,A,0.0893615,0.0235608,0.00413063,1.17176e-08,360482.0493,0.02226593791,0.004133805376,7.192074874e-08,5.386305325178424
6,6:30423043:C:A,30423043,A,C,0.0650753,0.0255056,0.00479152,1.02085e-07,358325.8408,0.02384816971,0.004796150466,6.614394524e-07,4.9723564510872045
6,6:31191645:G:T,31191645,T,G,0.0376009,0.0729206,0.00619814,5.998790000000001e-32,359922.2486,0.07045488944,0.006207566611,7.429831269e-30,11.349840260296483
6,6:32737692:A:G,32737692,G,A,0.610014,-0.0169325,0.00241843,2.53772e-12,359697.0231,-0.01688551399,0.002418858901,2.935524685e-12,6.980776755113422
6,6:33495144:T:C,33495144,C,T,0.275371,-0.013122,0.00263859,6.59116e-07,360283.471,-0.01302869149,0.002639001218,7.934233503e-07,4.93697820263757
6,6:34281254:C:T,34281254,T,C,0.600046,-0.0143834,0.0024095,2.38271e-09,359219.8765,-0.01469329997,0.002409725508,1.077404876e-09,6.097499454282243
6,6:36599301:G:T,36599301,T,G,0.205325,0.0203698,0.00291332,2.71541e-12,361397.6925,0.02063285919,0.002913717738,1.42826133e-12,7.081282761508176
6,6:37630636:A:T,37630636,T,A,0.408904,0.0212027,0.00239349,8.1463300000000005e-19,361422.3317,0.02068186743,0.002394224965,5.709027902e-18,8.638230630929872
6,6:38157198:C:G,38157198,G,C,0.459845,0.0280231,0.00236183,1.8243e-32,361123.2703,0.02810718954,0.002363005268,1.261368185e-32,11.89467917005084
6,6:38343306:T:A,38343306,A,T,0.191701,-0.0188035,0.00299374,3.36924e-10,360395.8396,-0.01934468533,0.002995494011,1.061460585e-10,6.457928227852498
6,6:38995879:C:A,38995879,A,C,0.0761786,0.0295528,0.00444013,2.8209e-11,360733.2521,0.02439418843,0.004487355404,5.442702302e-08,5.436206013068449
6,6:39052569:C:T,39052569,T,C,0.240298,-0.0198923,0.0027596,5.67235e-13,360000.8356,-0.01801043225,0.002789275333,1.067783052e-10,6.457029192105217
6,6:39327449:C:G,39327449,G,C,0.0435986,-0.0475977,0.00576236,1.46039e-16,361456.7925,-0.04775836607,0.005764935957,1.188218678e-16,8.284283889053444
6,6:41069487:T:C,41069487,C,T,0.796426,-0.0275714,0.00292651,4.48251e-21,360393.6858,-0.02755114866,0.002926922366,4.821296352e-21,9.413009712878733
6,6:45328635:G:C,45328635,C,G,0.0406893,-0.052758,0.00597029,9.89655e-19,359689.0792,-0.05361937441,0.005971171253,2.7148623830000003e-19,8.979708023457018
6,6:46759651:A:C,46759651,C,A,0.468581,-0.0167826,0.00236226,1.20989e-12,360175.266,-0.01669472863,0.002362502052,1.588379223e-12,7.066545663258538
6,6:47414724:T:A,47414724,A,T,0.330596,-0.0160881,0.0025045,1.33197e-10,360557.236,-0.0162459581,0.002505118656,8.866987606e-11,6.4851052308797295
6,6:49327774:G:A,49327774,A,G,0.338858,0.0142151,0.00249167,1.16405e-08,359847.9818,0.01472468987,0.002493399498,3.516479653e-09,5.90546756819793
6,6:49763913:C:T,49763913,T,C,0.0116221,0.0682397,0.0110689,7.05634e-10,355622.2516,0.06599236557,0.01110177918,2.776316238e-09,5.944305367637479
6,6:49882500:T:G,49882500,G,T,0.3267,-0.016848,0.00251269,2.0149e-11,360381.2084,-0.01556053264,0.002519744498,6.597918289e-10,6.1754406656511724
6,6:54483271:G:A,54483271,A,G,0.468474,-0.014858,0.00236354,3.25451e-10,359805.8929,-0.01487740089,0.002363680342,3.090532042e-10,6.29416788118298
3,3:94309626:A:C,94309626,C,A,0.296386,-0.0272012,0.00259095,8.8477e-26,357326.3703,-0.02800202876,0.002593045415,3.483654978e-27,10.798896385700209
3,3:95756214:C:A,95756214,A,C,0.0216141,-0.0438732,0.00810177,6.12406e-08,360468.0095,-0.04609182304,0.008104521937,1.29159159e-08,5.687173580168199
3,3:97576302:C:A,97576302,A,C,0.0124018,0.0596903,0.0106517,2.09813e-08,360054.6956,0.0625166971,0.01065659328,4.45142478e-09,5.866480540017382
3,3:98612688:C:A,98612688,A,C,0.198653,0.0167265,0.002959,1.58024e-08,358975.5705,0.01643156236,0.002959335304,2.816927286e-08,5.55245035525045
3,3:100216234:T:A,100216234,A,T,0.127218,-0.0397221,0.00356232,7.18713e-29,355007.0319,-0.03976183793,0.003563410073,6.517765278000001e-29,11.158367158266715
3,3:101538771:C:G,101538771,G,C,0.717539,-0.0237255,0.00287735,1.64884e-16,298140.5542,-0.02395147358,0.002877850799,8.598571993999999e-17,8.322694695750972
3,3:102939475:T:C,102939475,C,T,0.0564569,0.0345118,0.00510186,1.33926e-11,360843.0153,0.03325384549,0.005103365054,7.217692656e-11,6.516062468220993
3,3:103844527:G:T,103844527,T,G,0.221442,-0.0147434,0.00283697,2.0278e-07,360592.126,-0.01485941979,0.002837853744,1.639632466e-07,5.236147148674199
3,3:104840196:T:A,104840196,A,T,0.228591,-0.0150453,0.00280713,8.34272e-08,360085.5518,-0.01437117749,0.00280840215,3.100918656e-07,5.117207836491651
3,3:105155845:A:G,105155845,G,A,0.480582,-0.0159194,0.00236108,1.56e-11,359540.9925,-0.01500994655,0.002368236841,2.327276424e-10,6.338025948309281
3,3:105386724:T:C,105386724,C,T,0.141799,-0.0204557,0.00337287,1.32262e-09,361412.8837,-0.0187715007,0.003384103323,2.906718774e-08,5.546964412232871
3,3:106036830:A:T,106036830,T,A,0.303717,-0.013938,0.00256434,5.47339e-08,359805.2182,-0.01364989056,0.002564616884,1.024128666e-07,5.322389728133756
3,3:106805891:C:G,106805891,G,C,0.0114709,-0.0592401,0.0110633,8.57764e-08,360510.8582,-0.05720329063,0.01106614194,2.350766326e-07,5.169217143621782
3,3:107381526:G:T,107381526,T,G,0.218301,0.0229684,0.00284912,7.55269e-16,361172.1989,0.02268960452,0.002849982043,1.702205561e-15,7.961314905730443
3,3:108943764:T:A,108943764,A,T,0.464581,-0.0122673,0.00235555,1.91186e-07,362524.0687,-0.01268506911,0.002357521223,7.420468182e-08,5.38068077022779
3,3:109765463:A:C,109765463,C,A,0.485731,0.0137808,0.00235708,5.02239e-09,360523.2117,0.01374593603,0.002359087727,5.649972918e-09,5.826801552429084
3,3:112609640:G:C,112609640,C,G,0.0793557,0.040009,0.00435686,4.21448e-20,360736.8449,0.03945789416,0.004358327,1.3852147770000001e-19,9.05344967461138
3,3:112834138:C:G,112834138,G,C,0.0126516,0.062072,0.0105396,3.87977e-09,360581.3899,0.05957122172,0.01054286052,1.600888064e-08,5.650385074050092
3,3:113845352:T:C,113845352,C,T,0.409488,0.0179384,0.00239457,6.83516e-14,360841.6826,0.01750837766,0.002395449927,2.691092289e-13,7.309014253504786
3,3:114061577:G:A,114061577,A,G,0.0969297,-0.0210582,0.00397709,1.19172e-07,361381.7856,-0.02104944115,0.003978826392,1.220729577e-07,5.29036431253269
3,3:115076683:G:T,115076683,T,G,0.0699159,0.0196841,0.00462122,2.04941e-05,360309.6474,0.02417574898,0.004640776373,1.894328032e-07,5.209419079241637
3,3:115458352:G:A,115458352,A,G,0.226692,0.0213473,0.00281328,3.25526e-14,360599.6196,0.02025489456,0.002838353142,9.598599294e-13,7.136143230481784
3,3:115509338:T:C,115509338,C,T,0.0118608,0.106488,0.0108799,1.28111e-22,360588.5544,0.1005814882,0.01093714868,3.7042811030000004e-20,9.19631717029927
3,3:116729349:C:A,116729349,A,C,0.872735,-0.0416995,0.00353268,3.77569e-32,360862.3644,-0.04154981998,0.00353347652,6.355203769e-32,11.758906489068732
3,3:117802443:C:G,117802443,G,C,0.481029,0.021701,0.00236135,3.94471e-20,359395.0571,0.02166863323,0.002361977461,4.560501781e-20,9.173937341817846
3,3:118951914:T:A,118951914,A,T,0.0425969,-0.0412477,0.00583579,1.57394e-12,360227.497,-0.04189886985,0.005837053544,7.069430811e-13,7.178085575909872
3,3:120318240:T:C,120318240,C,T,0.271858,-0.032842,0.00264605,2.2953699999999998e-35,360885.6207,-0.03278224232,0.002646977382,3.159355601e-35,12.384783694385192
3,3:121325373:G:A,121325373,A,G,0.546221,0.0129199,0.00236704,4.81113e-08,360287.611,0.01256460002,0.002367550956,1.114423464e-07,5.307002997404547
3,3:123157538:A:C,123157538,C,A,0.0949333,0.0281856,0.00402002,2.36501e-12,360324.9893,0.0251979642,0.004029459356,4.015204219e-10,6.253435504313844
3,3:123317477:T:A,123317477,A,T,0.0490163,-0.063212,0.00545481,4.7833199999999995e-31,360640.6519,-0.06084204553,0.005468195817,9.319295101000001e-29,11.12653013281803
3,3:124472200:G:C,124472200,C,G,0.49063,0.0156369,0.00235838,3.35311e-11,359949.1508,0.01541584557,0.002358632458,6.321746207e-11,6.5359253060868365
3,3:126961220:T:C,126961220,C,T,0.578394,-0.0126235,0.00238872,1.26021e-07,359595.66,-0.01243747967,0.002388900746,1.925798288e-07,5.206360997134538
3,3:128229828:T:A,128229828,A,T,0.424702,0.0189375,0.00239648,2.74806e-15,356540.105,0.01853162598,0.002397260209,1.07263416e-14,7.730335618314182
3,3:128694903:C:G,128694903,G,C,0.371357,0.0128164,0.00243779,1.46209e-07,360651.4271,0.01219167053,0.0024384471,5.739924651e-07,4.999768307460925
3,3:130125329:T:A,130125329,A,T,0.0279794,-0.0631124,0.00713889,9.55765e-19,360944.0953,-0.06337786025,0.007140199107,6.918122353e-19,8.876203492402135
3,3:131024092:G:A,131024092,A,G,0.0111546,0.0571462,0.0113444,4.7211e-07,352478.4105,0.05644357828,0.01134799142,6.562502489e-07,4.973882706724852
3,3:132144563:G:C,132144563,C,G,0.685653,0.0159162,0.00254118,3.77288e-10,359482.1036,0.0163687174,0.002544139909,1.243785399e-10,6.433890424852418
3,3:132662272:A:G,132662272,G,A,0.109628,-0.0200497,0.00376907,1.04096e-07,360839.2486,-0.02092729902,0.003771522707,2.876920249e-08,5.548766544917955
3,3:132739138:T:G,132739138,G,T,0.782064,-0.0195219,0.00285687,8.31098e-12,359667.019,-0.01987124196,0.002858199483,3.592161763e-12,6.95236356950947
3,3:133196214:A:G,133196214,G,A,0.0192167,0.0753819,0.00856693,1.3841300000000002e-18,361671.2137,0.0766560954,0.008570665188,3.7530640370000004e-19,8.944007695847002
3,3:134022717:G:A,134022717,A,G,0.251175,0.0157361,0.00271539,6.83169e-09,360784.2906,0.0160534771,0.002715636976,3.390145176e-09,5.9114959922389865
3,3:134898177:C:G,134898177,G,C,0.368477,-0.0453206,0.00243864,4.6741e-77,361242.8405,-0.04513974336,0.002439859756,2.028355759e-76,18.500958200156486
3,3:137047645:T:A,137047645,A,T,0.218161,-0.0148001,0.00284771,2.02412e-07,361735.2413,-0.01484391992,0.002847926836,1.866298649e-07,5.212184432676206
3,3:139010452:A:C,139010452,C,A,0.579324,0.0125475,0.0023848,1.43021e-07,360996.2852,0.01436155699,0.002393146563,1.959624614e-09,6.001118866701019
3,3:139362450:A:G,139362450,G,A,0.0528469,0.0307112,0.00526148,5.31998e-09,361087.6975,0.03508562385,0.00528115452,3.062127025e-11,6.643551844038829
3,3:139563718:C:G,139563718,G,C,0.443886,-0.0161861,0.00237186,8.85468e-12,360279.6301,-0.01753263102,0.002375453631,1.573995102e-13,7.380750687446275
3,3:139935473:C:G,139935473,G,C,0.282524,0.0120605,0.00261684,4.05123e-06,360467.8739,0.01332383987,0.002618773624,3.622094193e-07,5.087816582499687
3,3:142163275:A:C,142163275,C,A,0.437921,-0.0137866,0.00237335,6.29391e-09,360870.9326,-0.01399848634,0.002373497599,3.683122082e-09,5.897830419503197
3,3:145287371:G:A,145287371,A,G,0.0863273,0.0335765,0.00419015,1.12096e-15,361271.8194,0.03464065434,0.004193109297,1.4405973039999998e-16,8.261328738743822
3,3:145458085:A:T,145458085,T,A,0.111568,0.0339314,0.00373469,1.03767e-19,361857.1829,0.03583962153,0.003739347537,9.294384022e-22,9.584458565398116
3,3:145858457:C:G,145858457,G,C,0.405101,-0.0138456,0.00239905,7.87332e-09,360731.4166,-0.01361901601,0.002402415312,1.437298331e-08,5.668884951728947
3,3:146243799:T:G,146243799,G,T,0.203853,-0.0199004,0.00292776,1.06878e-11,359643.4197,-0.02043607112,0.002931821837,3.159643365e-12,6.970434172395449
3,3:147557299:A:C,147557299,C,A,0.0436818,0.0418995,0.00576103,3.52489e-13,360862.9899,0.04320593682,0.005764037763,6.590718532e-14,7.495776154928012
3,3:148851727:T:A,148851727,A,T,0.8168,-0.017345,0.00304643,1.24518e-08,360285.2985,-0.01724381549,0.003046631681,1.514076901e-08,5.659960669856896
3,3:154098814:T:C,154098814,C,T,0.128627,0.0290086,0.00352075,1.73757e-16,360098.0244,0.02731452779,0.003531577369,1.0391600190000001e-14,7.734370491148088
3,3:154948725:G:C,154948725,C,G,0.0891687,0.023852,0.00413243,7.84424e-09,360751.1473,0.02147601517,0.004144999489,2.204789699e-07,5.181186445738546
3,3:155234730:T:C,155234730,C,T,0.657614,-0.0201497,0.00248388,4.98695e-16,360148.4932,-0.02014848435,0.002484211426,5.03638802e-16,8.110615762863011
3,3:163217679:A:G,163217679,G,A,0.277266,0.0217563,0.00265994,2.86573e-16,352864.6321,0.02172501977,0.002660283622,3.1764978429999997e-16,8.166429921358212
3,3:166297185:T:C,166297185,C,T,0.0425026,-0.0373056,0.00584224,1.71057e-10,360203.7025,-0.03758771589,0.005842725853,1.249039872e-10,6.433249965116924
3,3:167623710:G:T,167623710,T,G,0.200873,-0.0168626,0.00293869,9.58105e-09,360931.4121,-0.01671678847,0.002938895388,1.284458517e-08,5.6881196037999295
3,3:168589226:C:T,168589226,T,C,0.210231,0.0225955,0.0028899,5.34894e-15,360805.5177,0.0226781955,0.002890322032,4.286546109e-15,7.846252164610009
3,3:169455061:T:C,169455061,C,T,0.38608,0.0120034,0.00242197,7.19806e-07,359876.0753,0.01190931824,0.002422399131,8.818082648e-07,4.916331948601578
3,3:169684790:G:C,169684790,C,G,0.568244,0.0119518,0.00237964,5.10145e-07,360149.6867,0.01177070335,0.002380025343,7.590150106e-07,4.945621013918758
3,3:170630878:C:G,170630878,G,C,0.235188,0.0192451,0.00278084,4.50428e-12,359690.9751,0.01930082592,0.002781266877,3.932654395e-12,6.939580692385314
3,3:171300019:C:A,171300019,A,C,0.279349,-0.0128735,0.00261955,8.91044e-07,362205.2636,-0.01319462168,0.00261982406,4.742366004e-07,5.036453356337219
3,3:172990582:C:A,172990582,A,C,0.572968,0.0164731,0.00238324,4.78421e-12,360018.8535,0.01674003874,0.002383465931,2.165304646e-12,7.0234017286651955
3,3:173365856:C:A,173365856,A,C,0.0213921,0.0442495,0.00814497,5.55336e-08,360273.6732,0.0440082354,0.008146090272,6.576424049e-08,5.402375118683192
3,3:175091924:T:C,175091924,C,T,0.285657,-0.0193966,0.00260898,1.05167e-13,360204.737,-0.0188973126,0.002611252591,4.59135758e-13,7.236876533940795
3,3:175155520:A:T,175155520,T,A,0.950649,0.0299739,0.00545078,3.82174e-08,358954.3162,0.0280922629,0.005456335927,2.624963865e-07,5.148558167210514
3,3:175533918:A:G,175533918,G,A,0.232962,0.0240842,0.00279036,6.094090000000001e-18,359581.0641,0.02548579303,0.002799878939,8.83065019e-20,9.10246249400428
3,3:175597866:A:C,175597866,C,A,0.388426,0.0100798,0.00241648,3.02969e-05,360715.292,0.01204142962,0.002424860083,6.840979845e-07,4.965824504440077
3,3:176838584:A:G,176838584,G,A,0.933912,0.0313285,0.0047416,3.92304e-11,360560.5829,0.03182765213,0.00474214658,1.924291459e-11,6.711655068663019
3,3:178096133:G:T,178096133,T,G,0.014236,-0.0593828,0.00994948,2.39765e-09,360167.5396,-0.05740869763,0.009950744399,7.960775434e-09,5.7692867315302845
3,3:178846009:T:C,178846009,C,T,0.0164932,0.0458912,0.00925135,7.03491e-07,360401.8849,0.04710705621,0.009254291917,3.575108942e-07,5.090292875186379
3,3:178982729:A:G,178982729,G,A,0.653747,-0.0122135,0.00247859,8.32797e-07,359805.0664,-0.01390428571,0.002480067174,2.065603918e-08,5.606414961565069
3,3:179532638:T:C,179532638,C,T,0.41448,-0.0409108,0.00239139,1.38464e-65,360255.3299,-0.04166653782,0.002394062553,7.67846806e-68,17.404114093755677
3,3:180159669:A:T,180159669,T,A,0.122655,-0.0335471,0.00359077,9.45049e-21,360556.4414,-0.03457983763,0.003593500847,6.401150315000001e-22,9.622882838296434
3,3:180408026:A:G,180408026,G,A,0.708036,0.0169866,0.00259236,5.66366e-11,360148.9723,0.01850494681,0.002594524854,9.870068814e-13,7.1323066269613
3,3:182558719:C:A,182558719,A,C,0.0206485,-0.0485492,0.00828447,4.62514e-09,360504.9972,-0.05019135834,0.008286326861,1.385716705e-09,6.057129917989123
3,3:182833722:A:C,182833722,C,A,0.074486,0.0392989,0.00448447,1.90333e-18,360858.4773,0.04035090988,0.004485973697,2.364353355e-19,8.994905589166677
3,3:183033064:C:T,183033064,T,C,0.0510766,0.0259185,0.00534775,1.25636e-06,360982.0686,0.02625804819,0.005348825067,9.148388794e-07,4.909124501379024
3,3:184229147:A:C,184229147,C,A,0.269078,-0.0138777,0.00265924,1.80312e-07,359759.3183,-0.01337940936,0.002659507028,4.884744407e-07,5.030785487362134
3,3:184787469:A:G,184787469,G,A,0.577327,0.0232974,0.00238485,1.54051e-22,360450.5896,0.02184660133,0.002390105068,6.220130511000001e-20,9.140435549254272
3,3:185069807:A:C,185069807,C,A,0.052371,-0.0549511,0.00527977,2.30191e-25,361592.9168,-0.05222839633,0.005291736064,5.627461380999999e-23,9.869803727610858
3,3:188774603:A:C,188774603,C,A,0.294194,-0.0190625,0.00258408,1.62355e-13,360838.3263,-0.01895099713,0.002584359959,2.251313468e-13,7.33295571462613
3,3:190334710:T:G,190334710,G,T,0.0130331,-0.0512228,0.0103946,8.31779e-07,360009.5728,-0.05224341297,0.01039589934,5.024194509e-07,5.025386574202824
3,3:190807490:A:G,190807490,G,A,0.47345,0.0174408,0.00235653,1.35412e-13,361396.3091,0.01752326088,0.002356932819,1.047475539e-13,7.434773167372149
3,3:192581620:A:T,192581620,T,A,0.286107,0.0154861,0.00260534,2.78432e-09,360891.1909,0.01494154171,0.002606861325,9.94752143e-09,5.7316212284518055
3,3:192770394:A:C,192770394,C,A,0.337489,0.0146103,0.00248825,4.31675e-09,361432.3735,0.01399966425,0.002489696387,1.87625113e-08,5.623040754326322
3,3:194221567:T:G,194221567,G,T,0.0358764,-0.0317288,0.00632318,5.22776e-07,361798.1409,-0.03148131229,0.006323465812,6.40822024e-07,4.978490154917596
3,3:196221515:C:T,196221515,T,C,0.502536,0.0169813,0.0023602,6.26564e-13,359269.3792,0.01704292668,0.002360449811,5.191004512e-13,7.220202946310389
3,3:196878927:C:A,196878927,A,C,0.456707,0.0197824,0.00236743,6.50877e-17,359748.3962,0.01980209843,0.002367732976,6.097973991999999e-17,8.363315724669791
1,1:145536218:G:A,145536218,A,G,0.48956,0.0132397,0.00235611,1.91897e-08,360620.1038,0.01277915977,0.002362820862,6.3578345e-08,5.408433612348899
1,1:145609750:A:T,145609750,T,A,0.172372,0.0224234,0.00311674,6.28136e-13,360964.4176,0.02012339063,0.003127418779,1.238766581e-10,6.434504635300075
1,1:145724872:G:C,145724872,C,G,0.270815,-0.0211549,0.0026506,1.45348e-15,360540.5852,-0.02065253493,0.002654354942,7.216830036e-15,7.780622931475304
1,1:147231659:C:A,147231659,A,C,0.217695,-0.0196669,0.00285443,5.58958e-12,360503.24,-0.01966405752,0.002854787293,5.65428557e-12,6.888099007662215
1,1:151056062:A:C,151056062,C,A,0.863854,-0.0214096,0.00343315,4.49046e-10,360871.1125,-0.02091726512,0.003434956403,1.132436616e-09,6.089528560458996
1,1:152069192:A:C,152069192,C,A,0.171142,0.0162922,0.00312804,1.90558e-07,360425.6522,0.01553851673,0.003129613835,6.870287489e-07,4.964994900081658
1,1:154967327:A:C,154967327,C,A,0.0760038,0.021983,0.00444369,7.53996e-07,360750.7559,0.02210754214,0.004443944068,6.532951763e-07,4.9747570630315145
1,1:156960413:A:T,156960413,T,A,0.149251,-0.0249529,0.00330649,4.47654e-14,360336.2482,-0.02610262852,0.003315225449,3.44687973e-15,7.873560613464028
1,1:157049256:A:G,157049256,G,A,0.0137448,0.0562663,0.0101217,2.71554e-08,360211.6906,0.05431539019,0.01012734791,8.174260259e-08,5.363239287589558
1,1:157133047:C:G,157133047,G,C,0.0872638,-0.0214453,0.00417545,2.80732e-07,360256.5968,-0.02307433416,0.004187296482,3.577008154e-08,5.510556574914153
1,1:158396020:C:T,158396020,T,C,0.0405047,0.0321712,0.00598058,7.48292e-08,359881.8259,0.03186200252,0.005981747692,1.001027014e-07,5.326537353391267
1,1:158762811:A:T,158762811,T,A,0.0246136,-0.0415338,0.00760228,4.67578e-08,360540.6211,-0.04114561562,0.007603982897,6.265240918e-08,5.411061042264204
1,1:160971997:G:T,160971997,T,G,0.289821,-0.0172885,0.00259685,2.78925e-11,360400.0975,-0.01736586009,0.002597108093,2.283927891e-11,6.686614291028664
1,1:161990674:G:C,161990674,C,G,0.760811,0.0145405,0.00276162,1.40104e-07,360454.5292,0.01457660289,0.002761806465,1.306560771e-07,5.277923371795713
1,1:163889216:A:C,163889216,C,A,0.0107467,-0.0628957,0.0114397,3.84351e-08,359568.2214,-0.06085489037,0.01144131711,1.044131015e-07,5.318871051726316
1,1:164202023:T:G,164202023,G,T,0.075761,0.0257192,0.00444495,7.20735e-09,361597.7756,0.02379848095,0.004459789929,9.489711843e-08,5.336233618370503
1,1:164469546:G:T,164469546,T,G,0.111823,0.022709,0.00374324,1.30726e-09,359467.179,0.02109111914,0.003755948444,1.961182414e-08,5.6153910136046585
1,1:164771821:A:C,164771821,C,A,0.0151808,0.0512491,0.00963942,1.0578e-07,360116.1952,0.05244775415,0.00964034617,5.31482336e-08,5.44044303234808
1,1:167445836:C:T,167445836,T,C,0.290828,0.0174257,0.00259758,1.97028e-11,359459.2681,0.01747299628,0.00259782036,1.743644962e-11,6.726021763875928
1,1:167578256:T:G,167578256,G,T,0.0103554,-0.0747215,0.0116315,1.32839e-10,360796.611,-0.07485067041,0.01163259203,1.238273796e-10,6.434565075175254
1,1:170862960:A:C,170862960,C,A,0.742773,0.0224391,0.00269549,8.48322e-17,360328.0595,0.02266028897,0.002695854162,4.2565648449999996e-17,8.405606389771764
1,1:171454222:T:A,171454222,A,T,0.0116998,-0.0842059,0.0109746,1.68662e-14,359181.382,-0.08342681676,0.01097696149,2.957329636e-14,7.600173949412298
1,1:171910646:A:T,171910646,T,A,0.349043,-0.0234972,0.00247238,2.03326e-21,360129.853,-0.02344656138,0.002473045883,2.522353957e-21,9.48084365970496
1,1:173128478:G:C,173128478,C,G,0.335803,0.0149282,0.00249802,2.28843e-09,359429.1222,0.0126799384,0.002530084556,5.396084364e-07,5.0116658630756055
1,1:173207390:A:C,173207390,C,A,0.52666,0.0159584,0.00237981,2.0068e-11,354312.5265,0.0141368691,0.002409892154,4.459408111e-09,5.866183296433106
1,1:174166310:C:A,174166310,A,C,0.769748,0.0225588,0.00331316,9.85481e-12,257107.7062,0.01789498012,0.003432499796,1.854146698e-07,5.213395829142826
1,1:174674289:C:A,174674289,A,C,0.232605,0.0205993,0.00303411,1.12898e-11,304413.2301,0.01646790678,0.003144708256,1.634694087e-07,5.236704151674412
1,1:176660755:T:C,176660755,C,T,0.229808,0.0174101,0.00279652,4.8021e-10,361395.8231,0.01661920391,0.002797476528,2.836620989e-09,5.940784040065411
1,1:177093374:A:C,177093374,C,A,0.0468409,0.0360579,0.00557365,9.85467e-11,360669.4033,0.0308278984,0.005606227688,3.822400786e-08,5.498866638254169
1,1:177523351:T:A,177523351,A,T,0.62788,-0.0258482,0.00243928,3.1161400000000003e-26,359758.6209,-0.02408409182,0.002454213437,9.862391153e-23,9.81336482675284
1,1:178303899:C:T,178303899,T,C,0.374292,-0.0131763,0.00243631,6.36723e-08,359871.1804,-0.01263491124,0.002436558618,2.153713199e-07,5.185556032454952
1,1:180097745:T:A,180097745,A,T,0.918221,0.0383636,0.00430168,4.75697e-19,359971.8576,0.03838924458,0.004302290949,4.539177153e-19,8.92297732419119
1,1:180387537:T:C,180387537,C,T,0.175001,0.0206036,0.00309718,2.88789e-11,361201.5941,0.02075150862,0.003097501605,2.092278494e-11,6.699434339760415
1,1:181254953:T:A,181254953,A,T,0.133709,0.0237683,0.00345991,6.44757e-12,360760.3971,0.02360447473,0.003460274912,9.005681513e-12,6.821560520564789
1,1:182889056:T:G,182889056,G,T,0.310455,-0.0157375,0.00254637,6.40227e-10,360395.5292,-0.01582463202,0.002546746623,5.176260849e-10,6.21366565369546
1,1:184391843:T:G,184391843,G,T,0.897547,-0.0347225,0.00389126,4.55018e-19,359228.7486,-0.0303782873,0.003904667378,7.252820397e-15,7.77999362280123
1,1:184687799:G:T,184687799,T,G,0.377845,0.0275264,0.00243359,1.17119e-29,359226.1704,0.02644875634,0.002441864957,2.4445518169999998e-27,10.83137552884748
1,1:185378019:T:G,185378019,G,T,0.139362,0.0542491,0.00340006,2.7376599999999996e-57,360566.3066,0.05424144711,0.003402036919,3.145504936e-57,15.94381495599519
1,1:185994324:C:A,185994324,A,C,0.0328686,-0.0360955,0.00661323,4.81621e-08,359832.0272,-0.03582313315,0.006615521922,6.128446342e-08,5.415012386380238
1,1:186465774:G:A,186465774,A,G,0.0615916,-0.0293019,0.00490305,2.28544e-09,360031.596,-0.02984279336,0.004905004022,1.171089696e-09,6.084152678804878
1,1:188471854:A:C,188471854,C,A,0.385684,0.0132736,0.00242456,4.38619e-08,359173.3918,0.01412078128,0.002426615103,5.915580301e-09,5.819126923978433
1,1:188726634:A:T,188726634,T,A,0.25389,0.0198298,0.00270521,2.30208e-13,360839.9552,0.02055533928,0.002707598423,3.1567744930000005e-14,7.591723759842064
1,1:190534117:T:A,190534117,A,T,0.807923,-0.0136281,0.00299222,5.25293e-06,360057.8756,-0.01483064721,0.002997313496,7.498761478e-07,4.947979992680753
1,1:190735173:T:A,190735173,A,T,0.0676281,-0.0294676,0.00469222,3.38744e-10,360337.1882,-0.03069248981,0.004699786306,6.550065046e-11,6.530613907023032
1,1:191979917:C:T,191979917,T,C,0.0324829,-0.0334734,0.0066395,4.62004e-07,361089.5711,-0.03298944602,0.006640589468,6.769963046e-07,4.96784904095806
1,1:193288466:A:C,193288466,C,A,0.218774,0.0222388,0.0028523,6.36626e-15,359743.978,0.02262192286,0.002852685823,2.1906901930000002e-15,7.930043567226717
1,1:195583120:C:T,195583120,T,C,0.0187491,-0.0578971,0.00869322,2.74171e-11,359794.3526,-0.05691876869,0.008694354355,5.884776495e-11,6.546635479294311
1,1:196592047:C:A,196592047,A,C,0.223268,-0.0169938,0.00283407,2.02103e-09,359143.0066,-0.01607208924,0.002836013642,1.451998393e-08,5.667141018639712
1,1:197684525:C:A,197684525,A,C,0.109433,-0.0448745,0.00381927,7.200670000000001e-32,351790.1869,-0.04402341603,0.003822362295,1.079002723e-30,11.517332118827841
1,1:198010794:A:T,198010794,T,A,0.0864813,0.02537,0.00419816,1.51302e-09,359275.7868,0.02801932546,0.004216462084,3.027609498e-11,6.645221728975946
1,1:198101669:C:A,198101669,A,C,0.809737,-0.017551,0.00300043,4.93447e-09,360680.9377,-0.02050569947,0.00301682762,1.067409867e-11,6.797106780002233
1,1:198978668:T:G,198978668,G,T,0.190931,0.0210447,0.00299187,2.01124e-12,361761.9353,0.0225470587,0.002995797021,5.2226139630000004e-14,7.526230429481424
1,1:202847425:T:G,202847425,G,T,0.175907,-0.0188949,0.00309249,9.97822e-10,360835.1414,-0.01766519878,0.003097677962,1.179086353e-08,5.702722812604623
1,1:202877195:A:C,202877195,C,A,0.740265,-0.0159764,0.00268672,2.74277e-09,360433.0435,-0.01503343932,0.002691246013,2.32290132e-08,5.586051682893845
1,1:203881182:G:A,203881182,A,G,0.261539,0.0189529,0.00268321,1.62622e-12,359746.1338,0.01915699698,0.002683618843,9.435899773e-13,7.138493989177881
1,1:204183684:G:T,204183684,T,G,0.206644,-0.0340313,0.00290922,1.32624e-31,360429.91,-0.03437670084,0.002910005897,3.3331878199999996e-32,11.813275318596373
1,1:206355908:T:A,206355908,A,T,0.106693,0.0566208,0.00380914,5.802699999999999e-50,361554.5656,0.05673985107,0.003810562591,3.8190798870000003e-50,14.890150657546306
1,1:206972835:C:T,206972835,T,C,0.0245984,0.0507378,0.00760663,2.55808e-11,360330.6327,0.05258484755,0.007609431138,4.830049666e-12,6.910483398345197
1,1:207703340:T:A,207703340,A,T,0.0290893,-0.0434857,0.00701216,5.6e-10,360219.4479,-0.04415702634,0.007014451741,3.071026118e-10,6.295150065955811
1,1:209521702:C:G,209521702,G,C,0.904752,-0.0246987,0.00400876,7.22838e-10,361225.6184,-0.02432698697,0.004009039987,1.294862978e-09,6.068033007623877
1,1:211578878:T:A,211578878,A,T,0.874195,-0.0229317,0.00355438,1.10752e-10,360035.7061,-0.02336147417,0.003555197686,4.995295487e-11,6.571075994450341
1,1:211890328:G:A,211890328,A,G,0.0712922,0.0326541,0.00457837,9.89242e-13,360433.8233,0.03282396136,0.004579444101,7.62828121e-13,7.167673769144234
1,1:214939212:G:A,214939212,A,G,0.0235231,-0.0396786,0.0077821,3.42156e-07,359623.5949,-0.03956409212,0.007782617631,3.702529333e-07,5.0836484581237675
1,1:215407633:A:G,215407633,G,A,0.69215,-0.0283939,0.0025503,8.706630000000001e-29,360876.5304,-0.02820148054,0.002550834463,2.055280589e-28,11.055786233510677
1,1:216559915:G:C,216559915,C,G,0.0896862,0.0219601,0.00412051,9.85716e-08,360891.6524,0.02196951558,0.004120814587,9.748392741e-08,5.331352604241789
1,1:220040145:T:A,220040145,A,T,0.934141,0.0269111,0.00475343,1.50245e-08,359872.9998,0.02889746847,0.004755585326,1.228091758e-09,6.076532432718672
1,1:220505781:T:C,220505781,C,T,0.0467022,-0.0762726,0.00557776,1.47961e-42,361010.0085,-0.07621814351,0.00558296575,1.966568984e-42,13.651909562583292
1,1:221560092:A:C,221560092,C,A,0.821418,0.0169781,0.00307814,3.47604e-08,359926.9541,0.01551086819,0.003079362574,4.727894332e-07,5.037038613433509
1,1:221975141:C:A,221975141,A,C,0.25369,0.0202983,0.00270712,6.48993e-14,360515.8517,0.02013518305,0.002707527278,1.031984716e-13,7.436742452646123
1,1:222766294:G:T,222766294,T,G,0.0778407,-0.0303322,0.00439502,5.15428e-12,360776.2857,-0.03029269928,0.004395762741,5.526893765e-12,6.891340835449335
1,1:223266631:C:G,223266631,G,C,0.45568,-0.0194749,0.00236745,1.9403e-16,359809.1088,-0.01968524168,0.002367827151,9.281729858999999e-17,8.313631200523385
1,1:224331846:T:C,224331846,C,T,0.676269,-0.0141461,0.00252143,2.02074e-08,359413.2494,-0.015247397,0.002524322005,1.539281452e-09,6.040194939393241
1,1:225034286:T:C,225034286,C,T,0.730873,-0.0200935,0.00265404,3.71462e-14,361032.7909,-0.01922638196,0.002660436502,4.945903692e-13,7.226777239579462
1,1:225696255:C:T,225696255,T,C,0.8037,0.0275389,0.00297147,1.91072e-20,359061.5263,0.02510312438,0.002984201898,4.0305714339999995e-17,8.412006036462886
1,1:225979852:A:T,225979852,T,A,0.397548,0.017633,0.00240501,2.27605e-13,361093.1632,0.01633937998,0.002410188599,1.207635578e-11,6.779295191579321
1,1:227875047:G:C,227875047,C,G,0.1477,0.0245666,0.00332114,1.39568e-13,360260.3001,0.02272734912,0.00332480681,8.161117563e-12,6.835690137436888
1,1:227938311:T:A,227938311,A,T,0.147815,-0.0194297,0.00332161,4.93551e-09,359947.1669,-0.01968476016,0.003323346644,3.157865613e-09,5.923173917333915
1,1:228900040:A:G,228900040,G,A,0.336266,-0.0176428,0.00249352,1.49195e-12,360467.9575,-0.01751207544,0.002496767127,2.317647557e-12,7.013900195426596
1,1:229843834:C:G,229843834,G,C,0.534701,-0.0335368,0.00236501,1.24555e-45,359316.9141,-0.03354285629,0.002365744929,1.2437262419999999e-45,14.178559944828269
1,1:230360134:C:G,230360134,G,C,0.111861,0.0301383,0.00373778,7.45756e-16,360382.97,0.02994055945,0.003738685498,1.162936905e-15,8.008311869510454
1,1:230911102:C:G,230911102,G,C,0.207804,0.0323999,0.00290185,6.09997e-29,360780.6232,0.02804575567,0.002965867565,3.1942136469999998e-21,9.45617262246165
1,1:230967244:A:G,230967244,G,A,0.0110741,0.0957496,0.0112607,1.85404e-17,360196.5742,0.07098909922,0.0114997366,6.696105664e-10,6.17310654054459
1,1:231373203:G:A,231373203,A,G,0.0333111,-0.0472726,0.00655887,5.71325e-13,361104.9868,-0.04413098814,0.006565589753,1.797924295e-11,6.721557361977319
1,1:233055662:T:G,233055662,G,T,0.185474,0.0161024,0.00302702,1.04077e-07,361390.8338,0.01572255434,0.003027268462,2.062174265e-07,5.193643886347863
1,1:234167207:A:C,234167207,C,A,0.630772,0.0212568,0.0024419,3.1883e-18,360176.6603,0.02102129271,0.002442780511,7.59997097e-18,8.60547749392127
1,1:234283725:A:G,234283725,G,A,0.591456,-0.0122286,0.00239708,3.37205e-07,360306.4271,-0.01179566583,0.00239771847,8.674896603e-07,4.919537459291457
1,1:234538072:T:G,234538072,G,T,0.52541,-0.0138678,0.00235955,4.1733e-09,360340.2664,-0.01377364877,0.002359799396,5.321674178e-09,5.8367879885668055
1,1:235029018:G:A,235029018,A,G,0.779073,-0.0179958,0.0028413,2.39695e-10,360014.6657,-0.01759256574,0.002843282318,6.11590678e-10,6.18741432344813
1,1:235532749:T:A,235532749,A,T,0.385441,-0.0148711,0.00241975,7.96864e-10,360679.7376,-0.01416048874,0.002421448335,4.976928621e-09,5.847941719557688
1,1:236040888:G:C,236040888,C,G,0.0667125,0.0260855,0.00472167,3.3041e-08,360395.2074,0.02588154238,0.004722022448,4.22858951e-08,5.481029085527126
1,1:237696977:T:A,237696977,A,T,0.249195,-0.0147965,0.00272446,5.6085e-08,360219.1529,-0.0136349165,0.002728062048,5.792111796e-07,4.998022867550262
1,1:237798202:A:G,237798202,G,A,0.261314,0.0164681,0.00268258,8.31799e-10,360127.5588,0.01572156903,0.002686182336,4.834940183e-09,5.852755719260303
1,1:238699967:A:G,238699967,G,A,0.612668,0.0112191,0.00241821,3.49482e-06,360501.587,0.01343622721,0.002427379639,3.107306341e-08,5.535280511595327
1,1:238851815:C:A,238851815,A,C,0.301128,-0.0178832,0.00256659,3.22772e-12,360835.7058,-0.01602152166,0.002580728297,5.361549874e-10,6.208139647488044
1,1:239090645:T:A,239090645,A,T,0.07286,-0.0913401,0.00453144,2.62231e-90,360274.2753,-0.08999063241,0.004542803928,2.465652093e-87,19.809490754230936
1,1:240192515:A:T,240192515,T,A,0.32095,0.0102309,0.00252658,5.13827e-05,359587.5693,0.01319437089,0.00254816911,2.24300232e-07,5.177980864072244
1,1:240224911:C:G,240224911,G,C,0.212767,-0.0253055,0.00287454,1.33405e-18,361403.4679,-0.02698268196,0.002899353393,1.3217866050000001e-20,9.306448129139806
1,1:243047447:T:G,243047447,G,T,0.538812,-0.0248219,0.00235982,7.15815e-26,361429.6443,-0.02030061385,0.00241702965,4.503256635e-17,8.398992478226322
1,1:243067576:C:G,243067576,G,C,0.0454452,-0.0551384,0.00564556,1.5752e-22,361753.1043,-0.04685127167,0.005777026618,5.06496391e-16,8.109928301874408
1,1:243784744:T:C,243784744,C,T,0.0855032,-0.0216105,0.00421204,2.88904e-07,360618.895,-0.02088811465,0.00422887305,7.836150209e-07,4.939404518184816
1,1:248581401:C:T,248581401,T,C,0.0832667,0.0258603,0.00425822,1.25649e-09,361422.2136,0.02587411721,0.004258447169,1.232548883e-09,6.075951205489758
4,4:108979:G:C,108979,C,G,0.601887,-0.0230848,0.00240775,9.06157e-22,360283.2365,-0.02280522661,0.002408458689,2.830622882e-21,9.468805387510635
4,4:1518454:T:C,1518454,C,T,0.435507,0.0173594,0.00239164,3.92477e-13,355950.3113,0.0171088867,0.002392301991,8.574613706e-13,7.1516417092678
4,4:3520884:C:T,3520884,T,C,0.752006,-0.0149339,0.00272945,4.46744e-08,360288.2557,-0.01499772333,0.002729646736,3.920798104e-08,5.494382526574677
4,4:4051839:T:G,4051839,G,T,0.558969,-0.0153388,0.00237363,1.03344e-10,360384.2052,-0.01539976971,0.002373807363,8.734690823e-11,6.487371279587694
4,4:8912367:T:A,8912367,A,T,0.262532,-0.0157674,0.00267575,3.80258e-09,361110.9828,-0.01575738095,0.002675908969,3.894602488e-09,5.888608742878353
4,4:10651505:G:C,10651505,C,G,0.325404,-0.0207686,0.00261862,2.17758e-15,332510.4474,-0.02056241153,0.002618973437,4.116647525e-15,7.851324965538397
4,4:11020854:C:G,11020854,G,C,0.0646036,0.0267476,0.0047943,2.42003e-08,360378.2899,0.02644132482,0.004794739723,3.494691795e-08,5.5146527960971445
4,4:11752697:A:T,11752697,T,A,0.0956214,-0.0282252,0.00400349,1.79022e-12,361123.964,-0.02808395327,0.004004240384,2.323404322e-12,7.013553277724497
4,4:12408906:T:G,12408906,G,T,0.346785,0.0136281,0.00247597,3.7124e-08,360458.4781,0.01285979252,0.002477936121,2.106115073e-07,5.189719142077917
4,4:13080744:T:G,13080744,G,T,0.412399,0.01379,0.00239696,8.76937e-09,359531.7718,0.0140138809,0.002399680262,5.223371371e-09,5.8398950568190315
4,4:13523211:C:A,13523211,A,C,0.20587,-0.0215471,0.00291589,1.47638e-13,360085.9376,-0.02211881649,0.002917926823,3.4470603310000004e-14,7.580319120977489
4,4:15142574:A:T,15142574,T,A,0.0925775,0.0299516,0.00406014,1.6227e-13,361440.2851,0.03018585773,0.004060687377,1.056158866e-13,7.4336817704742995
4,4:15561082:C:T,15561082,T,C,0.174478,-0.0198002,0.00310218,1.74228e-10,361115.9304,-0.01969649665,0.003102606052,2.176057173e-10,6.348371762281342
4,4:16793909:A:T,16793909,T,A,0.0193429,0.0422225,0.00855615,8.02853e-07,360474.106,0.0426138587,0.008556691682,6.352539396e-07,4.9801792893441785
4,4:19083334:A:C,19083334,C,A,0.0426177,-0.0403536,0.00582999,4.46935e-12,360936.0713,-0.03954252554,0.005830878148,1.188744234e-11,6.781572952877286
4,4:20525520:G:A,20525520,A,G,0.315243,0.0168034,0.0025377,3.56015e-11,360067.2187,0.01889752726,0.002539799924,1.002612966e-13,7.440557455501366
4,4:20829192:C:A,20829192,A,C,0.188693,-0.0234124,0.00301639,8.39945e-15,359343.8006,-0.01512748503,0.003044995298,6.765287358e-07,4.967983050724566
4,4:21009390:T:C,21009390,C,T,0.500841,0.0546217,0.00235822,1.33746e-118,359537.3238,0.05362822465,0.002380630394,2.262428664e-112,22.526900767612396
4,4:21370734:T:C,21370734,C,T,0.134017,0.0270435,0.00346445,5.91826e-15,359325.0239,0.02793587759,0.003468408957,7.988384065999999e-16,8.054378228270734
4,4:21446367:G:T,21446367,T,G,0.0116901,0.0869795,0.0109716,2.23919e-15,359891.6889,0.0925679893,0.01098667682,3.592845396e-17,8.425476676577077
4,4:22091340:G:T,22091340,T,G,0.280456,-0.0250592,0.00262207,1.21913e-21,360726.7489,-0.02515358543,0.002623028338,8.849486015e-22,9.589521037801308
4,4:22900443:T:G,22900443,G,T,0.657267,0.0146279,0.00248532,3.96613e-09,359744.9933,0.01351499353,0.002486514501,5.469922267e-08,5.435316594600467
4,4:23362554:A:T,23362554,T,A,0.168819,0.0277231,0.00314939,1.3414e-18,359613.1538,0.02702954021,0.003151058585,9.660096766e-18,8.577923729717009
4,4:24015376:C:A,24015376,A,C,0.680278,-0.020134,0.00252733,1.63702e-15,360279.545,-0.0201756884,0.00252780275,1.445513286e-15,7.9815121650611385
4,4:25021814:T:C,25021814,C,T,0.377591,0.0150479,0.00242814,5.75063e-10,361249.9843,0.01519630678,0.002428328875,3.901263397e-10,6.2579278023039615
4,4:25820800:C:G,25820800,G,C,0.573785,-0.0128465,0.0023833,7.04156e-08,360353.3744,-0.01301284668,0.002383809055,4.792390193e-08,5.458846065168588
4,4:26052266:T:A,26052266,A,T,0.28628,0.0153632,0.00260805,3.84924e-09,360169.0693,0.01556217033,0.002608611035,2.435992151e-09,5.965692133170018
4,4:27010289:G:C,27010289,C,G,0.77966,-0.0160439,0.00284719,1.75209e-08,359442.2264,-0.01621326132,0.002847457189,1.241379315e-08,5.693943839659251
4,4:28456477:G:A,28456477,A,G,0.690219,-0.0201302,0.00254907,2.86324e-15,360262.0955,-0.01997760249,0.002549459911,4.650755816e-15,7.836013582250834
4,4:32791590:A:T,32791590,T,A,0.173909,0.0278408,0.00311166,3.66112e-19,359805.7653,0.02648403978,0.003123461949,2.2700903269999998e-17,8.479065925064036
4,4:32887075:C:G,32887075,G,C,0.0374761,-0.0355149,0.00620504,1.04399e-08,360416.28,-0.0310630645,0.006228129949,6.115208426e-07,4.9875427703603945
4,4:34779078:A:C,34779078,C,A,0.779866,0.0158823,0.00284337,2.32862e-08,360651.3134,0.01585645496,0.002843561173,2.457353518e-08,5.5762665176888735
4,4:38258197:A:T,38258197,T,A,0.354312,-0.0133894,0.00245956,5.21876e-08,361692.8704,-0.01332073395,0.002459769566,6.113824814e-08,5.415439777012023
4,4:40010266:G:A,40010266,A,G,0.653924,-0.0131244,0.00247681,1.16572e-07,360562.8605,-0.01333042182,0.002476947119,7.374668966e-08,5.381795080624004
4,4:41567485:A:C,41567485,C,A,0.701842,0.0189968,0.00258882,2.17285e-13,356897.8377,0.0190687732,0.00258912879,1.772291217e-13,7.3649380724703155
4,4:42351938:G:C,42351938,C,G,0.046741,-0.0314972,0.00557634,1.62104e-08,361287.7171,-0.03178814733,0.005576914742,1.198410416e-08,5.699952177967149
4,4:43095370:T:C,43095370,C,T,0.166346,-0.0148198,0.00316423,2.82081e-06,360527.3721,-0.01625531908,0.003165812803,2.826798388e-07,5.134643167971293
4,4:43966831:T:C,43966831,C,T,0.623419,0.0139941,0.00243608,9.22498e-09,359283.7209,0.01351627268,0.002440560318,3.056236669e-08,5.538184235936593
4,4:45062093:T:A,45062093,A,T,0.015461,-0.0585015,0.00956499,9.59245e-10,359429.9109,-0.05264221527,0.009588707283,4.01883366e-08,5.4900221392022654
4,4:45336886:A:G,45336886,G,A,0.837247,-0.0215498,0.00320424,1.75373e-11,357776.1481,-0.02119430955,0.003206735526,3.861151177e-11,6.609310115585752
4,4:47370903:A:G,47370903,G,A,0.0819321,0.0296141,0.00429952,5.67643e-12,359975.4535,0.03002496996,0.004303054532,3.002766783e-12,6.977594575368956
4,4:47638183:G:C,47638183,C,G,0.0505439,-0.0373496,0.00541077,5.10629e-12,356269.876,-0.0367494339,0.005468479333,1.814390709e-11,6.720229091519546
4,4:47948157:C:T,47948157,T,C,0.890175,0.0252684,0.00378589,2.48668e-11,357217.0845,0.02142532985,0.003821381759,2.062241593e-08,5.606697053896729
4,4:48782665:T:C,48782665,C,T,0.170439,0.0163507,0.00364071,7.08882e-06,267101.978,0.02000038623,0.00366515793,4.845295199e-08,5.456896158905764
4,4:49308551:T:A,49308551,A,T,0.475402,0.0221925,0.00286378,9.25778e-15,244695.518,0.02447118949,0.002882094901,2.052819231e-17,8.490764645365854
5,5:1006845:C:A,1006845,A,C,0.0243445,-0.0379821,0.0076479,6.82599e-07,360099.3587,-0.03783985327,0.007648166962,7.514508608e-07,4.947571549890022
5,5:3309205:A:T,3309205,T,A,0.297605,-0.0159024,0.00257566,6.66155e-10,360735.8103,-0.01587065793,0.002575810402,7.209404068e-10,6.161423184593537
5,5:7851850:A:T,7851850,T,A,0.455472,0.0161145,0.00235946,8.51852e-12,362302.0525,0.01620623582,0.002359664369,6.50964396e-12,6.86802582304026
5,5:8089122:A:T,8089122,T,A,0.742529,-0.0133618,0.00269085,6.85087e-07,361396.1309,-0.01332983684,0.002690993478,7.289026853e-07,4.9535002403302
5,5:9690062:C:G,9690062,G,C,0.139087,0.0232273,0.00340557,9.09475e-12,360207.1592,0.02317779437,0.003405816408,1.007994044e-11,6.8053563649400335
5,5:11216109:G:A,11216109,A,G,0.0228183,0.0469279,0.00788315,2.63611e-09,361021.4686,0.04712098385,0.007883788801,2.273588288e-09,5.97694649608359
5,5:11919047:G:C,11919047,C,G,0.285296,-0.0196027,0.00260813,5.66179e-14,360649.6078,-0.01979400456,0.002608418376,3.2360918130000004e-14,7.588508324479003
5,5:14389902:C:G,14389902,G,C,0.309307,0.0197105,0.00254727,1.01338e-14,360858.5749,0.01993633408,0.002547648372,5.06098192e-15,7.825386854446176
5,5:15083808:A:G,15083808,G,A,0.0116083,0.0660135,0.0110037,1.98438e-09,360093.4738,0.06493748861,0.01100486036,3.617414946e-09,5.900800781264978
5,5:16199882:A:G,16199882,G,A,0.194037,0.0211271,0.00298101,1.37096e-12,359953.7739,0.02116014059,0.002981477839,1.273109744e-12,7.097198682213651
5,5:17147471:G:A,17147471,A,G,0.011919,0.0579673,0.0108617,9.46412e-08,360057.2194,0.0579888553,0.01086236391,9.371273298e-08,5.338511559773364
5,5:22839172:C:T,22839172,T,C,0.219611,0.0359276,0.00284218,1.27952e-36,361221.3291,0.03564644053,0.002844771045,5.0832808860000006e-36,12.53051298896358
5,5:23366700:C:T,23366700,T,C,0.453942,-0.0144603,0.00236531,9.75842e-10,360722.7864,-0.01572780545,0.002374876012,3.529838485e-11,6.622579608589688
5,5:23575811:A:C,23575811,C,A,0.0961278,0.0245098,0.00399776,8.74802e-10,360245.9194,0.03152139192,0.004039022176,5.987369508e-15,7.80421363054185
5,5:23627683:G:A,23627683,A,G,0.186395,0.0256017,0.00302845,2.83171e-17,359632.4535,0.02465277324,0.003127097377,3.180908668e-15,7.883596277277041
5,5:23736791:T:A,23736791,A,T,0.267682,-0.0198902,0.00266252,8.01165e-14,359966.3386,-0.01488528745,0.002709283263,3.925320016e-08,5.494179089091431
5,5:24212275:T:G,24212275,G,T,0.079253,0.043099,0.00435757,4.60365e-23,360970.2421,0.03632572696,0.004396046425,1.4173287989999998e-16,8.263271914831972
5,5:28951867:A:G,28951867,G,A,0.131922,-0.0199592,0.0034775,9.50144e-09,361230.1487,-0.01964503827,0.003477779332,1.616369952e-08,5.6487305244587045
5,5:30507372:C:A,30507372,A,C,0.564243,0.0115106,0.0023776,1.29057e-06,359929.4939,0.01175552966,0.002378194519,7.69105381e-07,4.94304799968299
5,5:31038958:C:G,31038958,G,C,0.0155498,-0.0492797,0.00951507,2.23047e-07,360959.9702,-0.05113185378,0.009517455306,7.76829806e-08,5.3724290932856205
5,5:32447356:A:T,32447356,T,A,0.364031,-0.018392,0.00244744,5.71204e-14,360717.6895,-0.01820111294,0.002447875235,1.041935733e-13,7.435474112307036
5,5:33179688:T:A,33179688,A,T,0.209229,0.01619,0.00289993,2.36694e-08,359541.1163,0.01540402251,0.002905259483,1.144681243e-07,5.302115903978963
5,5:33276196:C:A,33276196,A,C,0.0145662,-0.0565246,0.00982364,8.72591e-09,361139.8676,-0.05251068075,0.009842124019,9.538690491e-08,5.335299641482804
5,5:35790090:A:T,35790090,T,A,0.370891,0.0139608,0.00244036,1.06099e-08,360009.8503,0.01400506712,0.002440575379,9.555913443e-09,5.738428421636552
5,5:36406569:A:T,36406569,T,A,0.0223369,-0.0495206,0.00798231,5.51767e-10,359515.8645,-0.05010719418,0.007983331773,3.463317265e-10,6.276476489360603
5,5:37480766:A:G,37480766,G,A,0.148223,0.0160337,0.00331532,1.32375e-06,360506.6324,0.02458406172,0.003478239695,1.57226976e-12,7.067960772036443
5,5:37631774:G:A,37631774,A,G,0.380563,0.0162508,0.00242957,2.25383e-11,359498.6559,0.0216809683,0.002549076472,1.809379516e-17,8.505420899746158
5,5:39178931:G:C,39178931,C,G,0.562915,0.0249718,0.00237814,8.661420000000001e-26,359432.2876,0.02485929138,0.002378597315,1.4462184560000002e-25,10.451239990574024
5,5:42252689:C:G,42252689,G,C,0.367279,-0.0227106,0.00244996,1.87471e-20,358594.3693,-0.01497904155,0.002549584571,4.226109488e-09,5.875091071846622
5,5:42451818:G:A,42451818,A,G,0.473414,0.0342331,0.00236696,2.1443600000000001e-47,358004.0486,0.02845499016,0.002471299679,1.119186527e-30,11.514180332639455
5,5:43194460:C:T,43194460,T,C,0.726946,-0.0349196,0.00268557,1.20534e-38,349301.204,-0.03110834121,0.002718070731,2.4908155430000003e-30,11.445007981287887
5,5:43403048:G:C,43403048,C,G,0.372422,0.0148261,0.0027063,4.29556e-08,292236.6075,0.01414076777,0.002739051239,2.434758062e-07,5.162651785646278
5,5:45088289:A:T,45088289,T,A,0.375726,0.0244183,0.00299578,3.62429e-16,237600.1564,0.01769512707,0.003113773608,1.324637882e-08,5.682856012568529
5,5:45561815:T:A,45561815,A,T,0.0426593,0.0561407,0.00615521,7.49111e-20,323263.1816,0.04511239198,0.006288331615,7.28459936e-13,7.173984252419232
5,5:46198685:T:G,46198685,G,T,0.316418,-0.0312705,0.00361401,5.0556200000000005e-18,177019.439,-0.0256278633,0.003698884999,4.252135666e-12,6.92853746654155
18,18:710867:G:A,710867,A,G,0.327395,0.024148,0.00252253,1.04529e-21,357393.2029,0.02449329444,0.002522950361,2.782198268e-22,9.708195142726394
18,18:1126311:G:T,1126311,T,G,0.625861,-0.0157203,0.00243435,1.06437e-10,360940.2813,-0.01605644,0.002434557685,4.246298714e-11,6.5952185478817285
18,18:2009941:T:A,2009941,A,T,0.641404,0.0154375,0.00246094,3.54508e-10,359563.6319,0.01523156345,0.002461138518,6.061310137e-10,6.188828194187809
18,18:3586567:G:C,3586567,C,G,0.242134,0.0138426,0.00274974,4.80202e-07,360994.4171,0.01387447002,0.002749925984,4.525791842e-07,5.045397621872866
18,18:3994157:C:G,3994157,G,C,0.622041,-0.0172606,0.00242901,1.19653e-12,361060.0138,-0.01741662718,0.002429210001,7.518031862e-13,7.1696671645639265
18,18:5049926:G:A,5049926,A,G,0.765297,0.0210494,0.00278689,4.26305e-14,359008.8302,0.0207882699,0.002787168963,8.747248203e-14,7.458561061767965
18,18:5402833:T:C,5402833,C,T,0.773708,0.0496554,0.00282721,5.01751e-69,357623.1105,0.04973096004,0.002828535841,3.391798051e-69,17.58187374511688
18,18:6288137:G:T,6288137,T,G,0.47608,-0.0181764,0.0023595,1.32728e-14,360666.7498,-0.01789954242,0.002359755095,3.316188017e-14,7.585339028582541
18,18:9222605:C:A,9222605,A,C,0.491961,-0.0251563,0.00235751,1.40817e-26,360487.7132,-0.02511090365,0.002357910977,1.750401903e-26,10.649640251452123
18,18:10321801:C:A,10321801,A,C,0.721599,0.0131417,0.00262616,5.61368e-07,361512.4632,0.01292137072,0.00262629754,8.654643091e-07,4.9199949827467
18,18:14100066:T:C,14100066,C,T,0.665795,0.0143872,0.00250054,8.74034e-09,359999.1041,0.01444889207,0.002500665494,7.558539418e-09,5.778018733280446
5,5:51157556:G:C,51157556,C,G,0.402957,0.0146474,0.00239926,1.02933e-09,361136.482,0.0131524393,0.002418633324,5.389306578e-08,5.437963319817387
5,5:51691393:G:T,51691393,T,G,0.157004,0.0189062,0.00323225,4.94283e-09,361699.5134,0.01650883328,0.003258361897,4.049730146e-07,5.066605184402572
5,5:55593653:C:A,55593653,A,C,0.215651,-0.0173971,0.00286442,1.25257e-09,360376.4948,-0.0175222541,0.002864778479,9.568712757e-10,6.116442939112152
5,5:56077380:T:C,56077380,C,T,0.0370945,-0.0299102,0.00624338,1.66263e-06,359231.704,-0.03064063555,0.006244173324,9.244403055e-07,4.907076399085555
5,5:57737171:T:A,57737171,A,T,0.600035,-0.0133399,0.00240247,2.81692e-08,361063.446,-0.01270195752,0.002405105545,1.283072575e-07,5.2812474472923805
5,5:57944864:C:A,57944864,A,C,0.134751,-0.0220675,0.00344901,1.574e-10,360598.4165,-0.02125738806,0.003452898838,7.442234229e-10,6.1563888944724425
5,5:60372888:G:A,60372888,A,G,0.715451,-0.0127874,0.00262166,1.07438e-06,357451.0175,-0.01422912492,0.002635180031,6.676043373e-08,5.399678485951612
5,5:61028981:T:G,61028981,G,T,0.398765,0.0330395,0.00295923,6.12204e-29,238116.6258,0.03571354773,0.002987500726,6.163402738e-33,11.954322694949532
5,5:61358209:T:A,61358209,A,T,0.0333306,-0.0332422,0.00729943,5.26317e-06,291343.6108,-0.04104432426,0.007365353744,2.50935221e-08,5.572620906828233
5,5:62360623:T:C,62360623,C,T,0.238568,-0.0171495,0.00276479,5.55262e-10,360181.2688,-0.01645486902,0.002765790986,2.690843289e-09,5.949426078576423
5,5:62908555:A:G,62908555,G,A,0.443267,0.0286799,0.00236988,1.0481000000000001e-33,360739.5569,0.02817167725,0.002371076101,1.478894562e-32,11.88138889262922
5,5:63289767:C:A,63289767,A,C,0.0960515,0.0564394,0.00400088,3.5479499999999997e-45,359696.3512,0.0584676921,0.004007524696,3.276969047e-48,14.589477678916841
5,5:64120789:C:G,64120789,G,C,0.412092,0.0195009,0.00239053,3.42939e-16,361212.8332,0.0239411968,0.002427170248,5.97261656e-23,9.863830862185157
5,5:64722758:G:C,64722758,C,G,0.360774,0.0114161,0.00245155,3.21467e-06,360859.2607,0.01580943792,0.002485727506,2.016422934e-10,6.360084877300304
5,5:66970737:A:G,66970737,G,A,0.336376,-0.0185715,0.00249211,9.20591e-14,360733.745,-0.01894315218,0.002492976788,2.993340924e-14,7.59860752462008
5,5:67047859:T:G,67047859,G,T,0.260784,0.0168886,0.00268007,2.95034e-10,361195.8942,0.01700063742,0.002680990539,2.280153545e-10,6.341177700067967
5,5:67924169:C:T,67924169,T,C,0.285528,-0.0201204,0.00260394,1.10462e-14,361549.3189,-0.02039723524,0.002604653407,4.837173794e-15,7.831074639405949
5,5:68149759:G:C,68149759,C,G,0.86219,0.0168748,0.00341228,7.60474e-07,361520.3171,0.01674024205,0.003413117484,9.35807521e-07,4.904677945741641
5,5:71713202:C:G,71713202,G,C,0.219669,-0.0137805,0.00284354,1.25865e-06,360861.4946,-0.01437045513,0.002843838648,4.34492787e-07,5.053189336218628
5,5:71936716:A:G,71936716,G,A,0.444653,0.0201995,0.00236735,1.43714e-17,361357.468,0.02017087072,0.002367748157,1.609226613e-17,8.519010208229675
5,5:74402398:G:A,74402398,A,G,0.181337,0.0294745,0.00305169,4.55545e-22,361701.8342,0.02957650881,0.003052271905,3.325350165e-22,9.68999805081258
5,5:74887014:T:C,74887014,C,T,0.238275,-0.0372481,0.00276294,2.06208e-41,360825.1758,-0.03782431933,0.002764747708,1.319939979e-42,13.680929808008363
5,5:75722737:C:T,75722737,T,C,0.478708,-0.00862975,0.00235751,0.000251724,360628.5926,-0.01401130324,0.002431892128,8.337845193e-09,5.7614822132439585
5,5:75750081:C:T,75750081,T,C,0.155622,-0.022369,0.00324909,5.80075e-12,360534.3503,-0.02842154487,0.003352652593,2.30419234e-17,8.477330734875816
5,5:76044404:G:C,76044404,C,G,0.665274,0.0168069,0.00249545,1.64166e-11,360655.6692,0.01680182281,0.002496915351,1.707957246e-11,6.729031804490676
5,5:76626446:C:G,76626446,G,C,0.583088,0.0180987,0.00239416,4.05476e-14,358906.3536,0.01818841258,0.002394615861,3.0649965e-14,7.595545020905547
5,5:77832201:C:A,77832201,A,C,0.698488,-0.0132303,0.00256674,2.54421e-07,360475.5469,-0.01257399487,0.002567022802,9.66795056e-07,4.898279384274828
5,5:78053740:T:A,78053740,A,T,0.0524959,-0.0132263,0.00527766,0.0122076,361025.8249,-0.0274272743,0.00538933954,3.596308719e-07,5.089171705815366
5,5:78116839:T:G,78116839,G,T,0.434495,-0.0293226,0.0023735,4.7020899999999997e-35,361203.4986,-0.03198686153,0.002424358539,9.507228192e-40,13.193948426124276
5,5:79967240:A:C,79967240,C,A,0.306976,0.017777,0.00255096,3.20315e-12,361257.3989,0.01428187013,0.002623556704,5.218346055e-08,5.443705527014216
5,5:80092486:C:G,80092486,G,C,0.135113,-0.0249891,0.00344393,3.99523e-13,360833.3116,-0.02106196716,0.003542057259,2.743506876e-09,5.946252592750647
5,5:81486233:A:T,81486233,T,A,0.0197702,-0.0599268,0.00844547,1.28899e-12,361816.2594,-0.05947651603,0.008446483545,1.900839182e-12,7.041571289771571
5,5:82003619:G:A,82003619,A,G,0.0473862,-0.0298706,0.00554423,7.14125e-08,360453.2333,-0.03009976674,0.005544803641,5.684111991e-08,5.428463961723185
5,5:83987421:T:C,83987421,C,T,0.309344,-0.0139321,0.0025481,4.56336e-08,360547.6723,-0.01498115272,0.002551209988,4.301131134e-09,5.872175473781502
5,5:84514396:A:G,84514396,G,A,0.598539,0.0171929,0.00240265,8.33361e-13,360542.6224,0.01791220407,0.002405639878,9.627053315000001e-14,7.44592082705739
5,5:85735082:A:T,85735082,T,A,0.588487,-0.0209152,0.00239187,2.25372e-18,360950.4258,-0.02122384155,0.002392654758,7.287356703e-19,8.870415373984349
5,5:85762198:C:A,85762198,A,C,0.582054,-0.0248731,0.00238592,1.92377e-25,361084.8131,-0.02521012584,0.002387963675,4.706636176e-26,10.557164710639915
5,5:86574750:T:G,86574750,G,T,0.17172,0.0191142,0.00312659,9.76237e-10,359707.9893,0.01996432187,0.003128814484,1.761717229e-10,6.380794378219837
5,5:86988555:T:G,86988555,G,T,0.83582,0.0206782,0.00317509,7.39458e-11,361525.6232,0.02071300262,0.003177602673,7.104379684e-11,6.518436932344562
5,5:88408954:A:C,88408954,C,A,0.0213449,0.054036,0.00814681,3.29902e-11,360730.7789,0.05457140207,0.00815230467,2.171742542e-11,6.693984618953157
5,5:90182466:T:G,90182466,G,T,0.0774883,0.0247767,0.00440723,1.89084e-08,360211.5023,0.02530613012,0.004410791231,9.618521131e-09,5.73732212536903
5,5:90517346:A:C,90517346,C,A,0.0353548,0.037522,0.00637857,4.04458e-09,360438.1813,0.04939766099,0.00668109202,1.428513298e-13,7.393650744837369
5,5:90740146:A:C,90740146,C,A,0.158055,-0.0111485,0.00322529,0.000547162,361319.3842,-0.01774402737,0.003377385304,1.490117335e-07,5.2537764491912995
5,5:91707489:G:T,91707489,T,G,0.308174,-0.0231722,0.00254877,9.81273e-20,361061.8033,-0.01797504228,0.002589225605,3.859131774e-12,6.942246455963037
5,5:91805825:G:T,91805825,T,G,0.839771,-0.0394433,0.00320959,1.05173e-34,360705.0443,-0.03525299624,0.003259469913,2.905092237e-27,10.815561174348536
5,5:93896798:A:C,93896798,C,A,0.118187,-0.0236644,0.00373598,2.38873e-10,343818.4803,-0.02349614026,0.003736493277,3.209891052e-10,6.288286507734561
5,5:96269160:C:G,96269160,G,C,0.0640778,0.0260478,0.00481154,6.18095e-08,360233.6293,0.02591161313,0.00481225916,7.264599506e-08,5.384500765332846
5,5:96647117:A:C,96647117,C,A,0.121738,0.0179825,0.00360112,5.92955e-07,360727.8415,0.02055676389,0.003608565563,1.221786635e-08,5.696658001943028
5,5:96991159:C:T,96991159,T,C,0.42069,-0.0284535,0.00238824,1.0150400000000001e-32,359695.1901,-0.02944328468,0.002393959273,9.17120798e-35,12.29899147077094
5,5:97333053:G:A,97333053,A,G,0.169962,0.016049,0.0031376,3.13771e-07,360129.4318,0.01708043644,0.003138503436,5.261966449e-08,5.4422232724297706
5,5:97734480:A:G,97734480,G,A,0.204584,0.0205952,0.00291589,1.63131e-12,361465.5622,0.02052482396,0.002916152347,1.945663758e-12,7.038323625689506
5,5:98646516:G:C,98646516,C,G,0.107617,-0.027006,0.00380214,1.22447e-12,360235.0209,-0.02735399116,0.003802963845,6.347187926e-13,7.192808628976066
5,5:106778829:T:C,106778829,C,T,0.241146,0.0294602,0.00274857,8.42231e-27,361697.3341,0.0296993663,0.00274910937,3.321650226e-27,10.803268369057285
5,5:107559819:T:A,107559819,A,T,0.646089,-0.0186068,0.00246365,4.27875e-14,360347.8695,-0.01868588445,0.002464072135,3.3678377670000005e-14,7.583334994371014
5,5:109042290:C:G,109042290,G,C,0.137382,-0.0213495,0.00342101,4.36112e-10,360604.5359,-0.01915428442,0.003426592721,2.272104342e-08,5.58989234483931
5,5:109492602:A:T,109492602,T,A,0.103,0.0564584,0.00387006,3.43224e-48,361255.3442,0.05790893048,0.003916379364,1.7944072060000002e-49,14.786343481509574
5,5:109779098:A:G,109779098,G,A,0.246359,-0.00778539,0.00273216,0.00437848,360894.4028,-0.01524501997,0.002772475055,3.825925109e-08,5.4987041064649
5,5:109957333:A:C,109957333,C,A,0.333512,-0.0307755,0.00249973,7.98096e-35,359966.6702,-0.03041661657,0.002506294602,6.799855248e-34,12.136089885733234
5,5:110572853:C:G,110572853,G,C,0.10375,0.0341825,0.00386971,1.0201e-18,359142.3926,0.03387728373,0.003870581658,2.086690329e-18,8.752504590616235
5,5:111340433:G:T,111340433,T,G,0.0857557,-0.0244246,0.00420089,6.09918e-09,361481.9649,-0.02453587058,0.004201547456,5.228788956e-09,5.839722349193431
5,5:113729935:A:G,113729935,G,A,0.116368,0.0218943,0.00366622,2.34734e-09,361868.0769,0.02186743428,0.003666602513,2.462120194e-09,5.963950060708422
5,5:116233583:A:T,116233583,T,A,0.427863,0.0136625,0.00237852,9.24861e-09,361141.2243,0.01349805938,0.002378720872,1.39091658e-08,5.674503275641162
5,5:116929815:A:C,116929815,C,A,0.471946,0.013014,0.00235533,3.29118e-08,361763.1274,0.01300295934,0.002355506858,3.385401023e-08,5.520238370709087
5,5:120105128:G:A,120105128,A,G,0.29866,0.0212383,0.00257165,1.47825e-16,361013.7063,0.01476847259,0.00267112387,3.221790802e-08,5.528935874471444
5,5:120118598:G:A,120118598,A,G,0.144688,-0.0356317,0.0033437,1.64305e-26,361399.0379,-0.0304585908,0.003473199526,1.792928344e-18,8.769605826555674
5,5:121011050:T:C,121011050,C,T,0.0414371,-0.0359331,0.0059141,1.23461e-09,360000.6619,-0.03545460815,0.00591654114,2.066962971e-09,5.99245527260882
5,5:121822942:A:T,121822942,T,A,0.443528,0.0176473,0.002372,1.01043e-13,360142.7334,0.01711656623,0.002373535439,5.537046896e-13,7.211422230633061
5,5:122592712:T:C,122592712,C,T,0.12378,-0.0200311,0.00357542,2.11506e-08,360727.7626,-0.02272233081,0.003602656138,2.843028291e-10,6.307105074594826
5,5:122596380:C:T,122596380,T,C,0.827351,0.0153747,0.00311581,8.04312e-07,360669.9926,0.01738533243,0.003140325359,3.091814459e-08,5.536156430471318
5,5:125789477:A:G,125789477,G,A,0.0998321,0.0205383,0.00392743,1.70098e-07,360820.8087,0.02005730317,0.003928064794,3.287820384e-07,5.106153849762592
5,5:126504128:T:C,126504128,C,T,0.273672,-0.018061,0.00264304,8.30378e-12,360170.5516,-0.01806871219,0.002644305058,8.311842569e-12,6.833066455526931
5,5:126948404:C:T,126948404,T,C,0.153636,-0.0229531,0.00327441,2.3903e-12,358723.1105,-0.01823020588,0.003343237554,4.956612886e-08,5.452859865787449
5,5:127096488:G:T,127096488,T,G,0.367165,-0.0221507,0.00289167,1.86144e-14,257387.4613,-0.02480580517,0.002963793231,5.780730405e-17,8.369613949631157
5,5:127147402:A:G,127147402,G,A,0.424281,-0.018563,0.0030078,6.76696e-10,226308.4116,-0.01891520508,0.003139454961,1.691133086e-09,6.02499647708754
5,5:127557031:C:T,127557031,T,C,0.0797303,0.0352885,0.00439751,1.02122e-15,352454.9551,0.0283498159,0.004425980008,1.500548479e-10,6.405319465690636
5,5:128005054:G:T,128005054,T,G,0.125053,0.0235366,0.0035635,3.98317e-11,359959.0607,0.0225976407,0.003566528105,2.357559172e-10,6.3360332611202015
5,5:128503569:T:G,128503569,G,T,0.656863,0.0227417,0.00248281,5.23314e-20,359918.841,0.02165955326,0.002484696775,2.852122328e-18,8.717181701175589
5,5:129529532:C:G,129529532,G,C,0.0232054,-0.0593528,0.00782771,3.40038e-14,360084.1684,-0.05557167779,0.007837477906,1.336233026e-12,7.090505192679009
5,5:129948657:T:A,129948657,A,T,0.704105,-0.0302629,0.00258208,1.01574e-31,359960.6133,-0.02960493863,0.002584854672,2.265401178e-30,11.453231375322751
5,5:131623811:C:T,131623811,T,C,0.120623,0.0167597,0.0036288,3.86598e-06,358078.2731,0.02048808284,0.003676991755,2.518767302e-08,5.57196866491206
5,5:132292566:C:T,132292566,T,C,0.037612,-0.032894,0.00619433,1.0949e-07,360110.5264,-0.03598821241,0.006278973786,9.952072284e-09,5.731543662475803
5,5:134051511:T:C,134051511,C,T,0.637557,-0.0138348,0.00245338,1.7108e-08,359590.6159,-0.0148455483,0.002455338311,1.482713328e-09,6.046233316806663
5,5:134330690:T:G,134330690,G,T,0.138166,0.0153547,0.00341645,6.9812e-06,359861.8479,0.01736987625,0.003426742711,4.000844882e-07,5.068917545003278
5,5:134634870:C:G,134634870,G,C,0.0674616,-0.0347711,0.0047048,1.46532e-13,359139.6798,-0.03309545567,0.004748188282,3.16664326e-12,6.970122856219121
5,5:135097038:A:C,135097038,C,A,0.0833916,-0.0342154,0.00425921,9.52002e-16,360656.0122,-0.03148882868,0.004286793229,2.049237592e-13,7.345544092721622
5,5:136196178:T:A,136196178,A,T,0.561725,0.0279527,0.00237411,5.39033e-32,360326.289,0.02777869236,0.002374778095,1.314426286e-31,11.697384449724764
5,5:137234188:G:C,137234188,C,G,0.604152,-0.0194457,0.0024108,7.2803e-16,359798.6794,-0.01902282631,0.002411289394,3.044512862e-15,7.889068129828965
5,5:138770858:C:G,138770858,G,C,0.0456478,-0.0306362,0.00564504,5.73139e-08,360277.4218,-0.0307513635,0.005645813709,5.129707093e-08,5.446754902836983
5,5:141075197:G:C,141075197,C,G,0.405952,-0.0133884,0.00272974,9.36305e-07,278329.4474,-0.01559453688,0.002748413806,1.394901782e-08,5.674013442210165
5,5:141168737:G:T,141168737,T,G,0.479587,0.0170292,0.0024332,2.58802e-12,338455.2094,0.01900365624,0.00245024954,8.778521942e-15,7.755804431249889
5,5:141827671:T:A,141827671,A,T,0.410211,-0.0134664,0.00239367,1.84717e-08,360798.3192,-0.01354655857,0.00239411432,1.529014899e-08,5.6582755705667385
5,5:143843609:T:G,143843609,G,T,0.178935,-0.019668,0.00307376,1.569e-10,360307.2762,-0.01971054024,0.003074062855,1.437304072e-10,6.411885888390529
5,5:146661193:A:T,146661193,T,A,0.0498973,-0.0301437,0.0054085,2.49992e-08,360658.7359,-0.03382127117,0.005465221859,6.075733618e-10,6.188453468600533
5,5:146664914:T:A,146664914,A,T,0.255645,-0.0132813,0.00269993,8.69754e-07,360564.993,-0.01509775833,0.00273083565,3.227557451e-08,5.528622101443564
5,5:146817813:A:T,146817813,T,A,0.055827,0.0372211,0.00512514,3.80921e-13,361213.8384,0.03394431883,0.005158789507,4.707649285e-11,6.579899952099364
5,5:146852211:A:G,146852211,G,A,0.191699,0.0183079,0.00299214,9.44487e-10,360523.2242,0.01600566942,0.003017950198,1.136092803e-07,5.303490240033445
5,5:148417022:G:T,148417022,T,G,0.779884,0.0151001,0.00283986,1.05438e-07,361264.8044,0.0175527873,0.002849205949,7.247479248e-10,6.160589165609664
5,5:148478431:G:T,148478431,T,G,0.450685,-0.0224661,0.00236966,2.5394999999999997e-21,359716.1903,-0.02300477341,0.002381277411,4.428880675e-22,9.660686026639507
5,5:148719576:T:C,148719576,C,T,0.610998,0.014019,0.00241508,6.45013e-09,360777.8781,0.01286239762,0.002420104598,1.067683088e-07,5.314810620429225
5,5:149558497:C:G,149558497,G,C,0.122508,-0.0328659,0.00359012,5.48604e-20,360918.1701,-0.03265074754,0.00359078619,9.641024147e-20,9.092924449506139
5,5:150093363:T:G,150093363,G,T,0.457185,0.0117504,0.00236502,6.75309e-07,360322.9515,0.0116472858,0.002365291653,8.468481232e-07,4.924249314128875
5,5:151638913:A:C,151638913,C,A,0.0292114,-0.095809,0.00697901,7.0583999999999996e-43,361946.4869,-0.09472190205,0.006983568285,6.587909233e-42,13.563539180028222
5,5:152003432:G:T,152003432,T,G,0.0980521,0.0258875,0.00396088,6.33559e-11,360464.0369,0.02451113007,0.003962718185,6.193201345e-10,6.185433564965963
5,5:156162481:G:C,156162481,C,G,0.275687,0.0187266,0.00263114,1.10266e-12,361779.401,0.01885678932,0.002631418461,7.721121274e-13,7.166016959854415
5,5:157527904:G:A,157527904,A,G,0.394864,-0.0148523,0.00240769,6.89267e-10,361066.9087,-0.01476494782,0.002407911254,8.686362049e-10,6.131848835987043
5,5:159308979:T:G,159308979,G,T,0.35448,0.0135258,0.00246094,3.88373e-08,360906.9834,0.01255110603,0.002462087445,3.437145073e-07,5.09774990140531
5,5:159709521:A:G,159709521,G,A,0.419142,0.0182015,0.00238717,2.45127e-14,360468.4312,0.01918695412,0.00238966477,9.815791760999999e-16,8.029140472284737
5,5:159848916:G:C,159848916,C,G,0.358,0.0355273,0.00245689,2.22649e-47,360324.4184,0.03637611945,0.002459024543,1.627710814e-49,14.792906217040551
5,5:160295454:A:C,160295454,C,A,0.492503,0.0117447,0.00235783,6.32358e-07,359946.4167,0.01163793135,0.002358184887,8.010045937e-07,4.935122523325712
5,5:161011211:G:T,161011211,T,G,0.222725,-0.0244902,0.00283101,5.138740000000001e-18,360427.974,-0.0243549617,0.002831797148,7.934748927e-18,8.600531897986077
5,5:162532422:G:A,162532422,A,G,0.230041,0.0157985,0.00280384,1.75589e-08,359184.3814,0.01487695369,0.002806199467,1.148803398e-07,5.301459808879652
5,5:162975506:C:T,162975506,T,C,0.533872,0.0194009,0.00236147,2.1174e-16,360368.3083,0.01862551488,0.002365368203,3.427763115e-15,7.8742560487526765
5,5:163320968:T:A,163320968,A,T,0.511277,0.0137325,0.00235344,5.38095e-09,361383.9931,0.01479041465,0.002375715266,4.795083385e-10,6.225668059498845
5,5:163551285:C:A,163551285,A,C,0.16333,0.01498,0.00318403,2.54307e-06,361022.3073,0.01806858688,0.003211818826,1.848046312e-08,5.625655698177292
5,5:164844066:G:A,164844066,A,G,0.546322,0.0125077,0.00236499,1.23259e-07,360783.3032,0.01242749166,0.00236526103,1.486907202e-07,5.254173430490249
5,5:166477142:A:T,166477142,T,A,0.269491,0.0186131,0.0026536,2.31543e-12,360773.9314,0.01881938259,0.002653861954,1.328394162e-12,7.091319336197846
5,5:167681697:C:G,167681697,G,C,0.0643261,0.0377272,0.00479875,3.79416e-15,360821.7838,0.03790245953,0.00479935328,2.847589823e-15,7.897409779760994
5,5:168355827:C:A,168355827,A,C,0.0147979,-0.0521182,0.00978296,9.96644e-08,358455.1096,-0.05106804281,0.009787209555,1.810267897e-07,5.21783482033557
5,5:168676890:T:C,168676890,C,T,0.416313,-0.0140338,0.00238958,4.28576e-09,360454.4811,-0.01369702895,0.002390570976,1.006643836e-08,5.729605641292618
5,5:169697895:T:G,169697895,G,T,0.130785,0.0310019,0.00348944,6.449110000000001e-19,361279.7567,0.03536528331,0.003518276504,9.013385037e-24,10.05187718185097
5,5:169765316:A:G,169765316,G,A,0.443807,-0.0193314,0.00237189,3.64411e-16,360119.1961,-0.02222154909,0.002391480353,1.514673164e-20,9.2919638926258
5,5:170460536:G:C,170460536,C,G,0.263896,0.0154018,0.00266953,7.95714e-09,361287.9821,0.01551696246,0.002670065701,6.193276509e-09,5.811453423857153
5,5:170831660:G:T,170831660,T,G,0.611259,-0.0152433,0.00241479,2.74895e-10,360946.4969,-0.01530877113,0.002415230576,2.321175134e-10,6.3384304927746165
5,5:174322473:G:A,174322473,A,G,0.0184675,-0.0486366,0.00873656,2.59315e-08,361496.5626,-0.04883688004,0.008737007871,2.275181516e-08,5.589657324460021
5,5:175059003:T:A,175059003,A,T,0.114468,-0.0251091,0.0036985,1.1309e-11,360694.9263,-0.02526405831,0.00369878022,8.469256949e-12,6.83037563935064
5,5:177583398:A:T,177583398,T,A,0.0706887,0.0289447,0.00459751,3.06282e-10,360189.2616,0.02888784706,0.00459784499,3.322930847e-10,6.2829101726633025
5,5:178676540:A:G,178676540,G,A,0.306247,0.0132105,0.00255871,2.43209e-07,359570.5256,0.01314866266,0.002558848906,2.769300847e-07,5.138506861100301
5,5:180113685:G:C,180113685,C,G,0.174744,-0.0164075,0.00310122,1.21944e-07,360616.2573,-0.01632670027,0.0031013798,1.406981771e-07,5.264334368206049
20,20:33224388:G:A,33224388,A,G,0.536273,-0.015726,0.00236246,2.80624e-11,360653.8416,-0.01553850458,0.002362971776,4.838197356e-11,6.5758316446349285
20,20:34950373:A:C,34950373,C,A,0.124156,0.023072,0.00356943,1.02254e-10,361308.9591,0.02298496631,0.003570150068,1.20982049e-10,6.43809528232974
20,20:36559977:T:A,36559977,A,T,0.590879,0.018232,0.00240472,3.41727e-14,358073.4305,0.01796362916,0.002405132117,8.088383137e-14,7.468874176611397
20,20:38360016:C:T,38360016,T,C,0.462106,0.038423,0.00236486,2.44399e-59,359876.5366,0.03825573195,0.002365780107,8.149918248e-59,16.170451276011175
20,20:40796813:A:T,40796813,T,A,0.347511,0.0130802,0.00247347,1.23594e-07,360854.7774,0.01311848493,0.002473609878,1.136800129e-07,5.303376674985934
20,20:43676782:A:G,43676782,G,A,0.786755,-0.0182134,0.00287613,2.41338e-10,360692.8099,-0.01769987806,0.002876450976,7.585174122e-10,6.153373795583853
20,20:44681114:T:G,44681114,G,T,0.167971,-0.0195867,0.00316235,5.88211e-10,358164.0679,-0.01937878167,0.00316258022,8.925794207e-10,6.127522567633084
20,20:45345844:A:T,45345844,T,A,0.688573,-0.0129592,0.0025452,3.55158e-07,360362.7052,-0.01310642725,0.002545506719,2.620911227e-07,5.148848027849185
20,20:46301988:T:C,46301988,C,T,0.302017,-0.0149739,0.00256757,5.48342e-09,360212.963,-0.01499072804,0.002567809136,5.284865361e-09,5.837944818341046
20,20:47592338:A:C,47592338,C,A,0.102587,0.0207193,0.00388145,9.40114e-08,360922.6981,0.02053787687,0.003881744857,1.217239649e-07,5.290887893614075
20,20:48187830:T:G,48187830,G,T,0.15375,-0.0279584,0.00326705,1.15602e-17,360418.8998,-0.02764346604,0.003267530595,2.6726723579999997e-17,8.460048111653565
20,20:49884641:C:G,49884641,G,C,0.0132162,0.0619241,0.010303,1.85335e-09,361594.4533,0.06200781321,0.01030381355,1.766420128e-09,6.017947909199114
20,20:52137344:T:A,52137344,A,T,0.539529,0.0147031,0.00236382,4.97578e-10,360602.4595,0.01481180086,0.002363974142,3.713074053e-10,6.265635734690706
20,20:56926807:T:G,56926807,G,T,0.421355,-0.0122547,0.00238387,2.73863e-07,361296.6214,-0.01237230761,0.00238399179,2.10583147e-07,5.189744218875854
20,20:58081755:C:G,58081755,G,C,0.0162768,-0.0513984,0.00930004,3.26558e-08,361470.5229,-0.05122395203,0.009300514952,3.636619842e-08,5.507646866261389
20,20:59448460:C:T,59448460,T,C,0.0146106,-0.080306,0.0098197,2.89393e-16,360552.2679,-0.08030156308,0.00982066875,2.915012071e-16,8.176791736306145
20,20:61666342:A:C,61666342,C,A,0.164898,0.0154282,0.00317025,1.13607e-06,361701.8972,0.01552504819,0.003170365434,9.734696607e-07,4.896927030399865
20,20:64096271:G:C,64096271,C,G,0.176822,-0.0370495,0.0030869,3.51104e-33,360805.0654,-0.03704767651,0.003087525473,3.589706607e-33,11.999148455284663
2,2:96818128:C:T,96818128,T,C,0.835573,-0.0176499,0.00358948,8.7864e-07,282548.0573,-0.02188449828,0.00374607496,5.158372882e-09,5.841980876965687
2,2:96950800:T:A,96950800,A,T,0.147979,-0.0415268,0.00376017,2.3712999999999997e-28,280476.1535,-0.02949662373,0.003923109702,5.5330165590000006e-14,7.518684403589997
2,2:97200524:A:T,97200524,T,A,0.32075,0.0374499,0.00323641,5.82438e-31,219059.3427,0.03549449074,0.003394696739,1.377361858e-25,10.455864976750727
2,2:98303451:A:C,98303451,C,A,0.164565,0.022732,0.00318526,9.5835e-13,358548.7115,0.02252745425,0.003190957185,1.667669735e-12,7.059779540727369
2,2:100538351:T:A,100538351,A,T,0.59302,0.0124074,0.00239811,2.29466e-07,360360.2628,0.0125388209,0.00239891164,1.723952286e-07,5.226879010850103
2,2:101381149:C:T,101381149,T,C,0.167075,-0.0171376,0.00315604,5.63604e-08,360837.7023,-0.01604893678,0.003167146317,4.034604587e-07,5.067317759793918
2,2:101562319:C:A,101562319,A,C,0.872705,-0.0247458,0.00353186,2.44854e-12,360914.9927,-0.02382416859,0.003546162186,1.838614319e-11,6.71829638363867
2,2:101898071:C:A,101898071,A,C,0.800644,0.0157941,0.0029525,8.82906e-08,359473.2824,0.01644847473,0.002954572799,2.58977307e-08,5.56712453846699
2,2:103291931:T:A,103291931,A,T,0.122087,-0.0170707,0.00359258,2.01834e-06,361567.0465,-0.01774074226,0.00359296902,7.907874826e-07,4.9376273942935365
2,2:105260626:G:T,105260626,T,G,0.728383,-0.0214972,0.00264776,4.71449e-16,360575.6461,-0.02132060344,0.002648307357,8.235348393999999e-16,8.050652951458005
2,2:105585222:G:A,105585222,A,G,0.723359,-0.0148946,0.00263108,1.50596e-08,361054.425,-0.01437506581,0.0026314716,4.688203068e-08,5.462747844210061
2,2:106590756:G:T,106590756,T,G,0.0400205,-0.0327571,0.00600417,4.88082e-08,361129.9738,-0.03337532548,0.00600480676,2.727247792e-08,5.558101503336304
2,2:107502299:T:C,107502299,C,T,0.128971,0.0335456,0.0035154,1.4029699999999999e-21,360218.3342,0.03418270068,0.003516558226,2.4657018620000003e-22,9.720498988831473
2,2:108418049:A:G,108418049,G,A,0.0572047,0.0373215,0.00506748,1.77651e-13,361119.8188,0.03987586874,0.005077361771,4.040714865e-15,7.853659151836712
2,2:108923516:A:T,108923516,T,A,0.347451,0.0129951,0.00247155,1.45818e-07,361136.1963,0.01361191915,0.002475932645,3.847906812e-08,5.497693637784723
2,2:110526442:G:T,110526442,T,G,0.032143,-0.0824274,0.00668066,5.73233e-35,360105.591,-0.08255577419,0.006682282572,4.6102765149999997e-35,12.354427293440713
2,2:113855331:T:A,113855331,A,T,0.121348,0.0359925,0.00360356,1.73198e-23,361174.249,0.0378887026,0.003606621599,8.164816058e-26,10.50531683459815
2,2:114429888:C:G,114429888,G,C,0.365557,0.01816,0.00244683,1.15745e-13,360187.0073,0.01873402663,0.002448687326,1.9998057060000003e-14,7.650640582439148
2,2:115489151:A:C,115489151,C,A,0.377756,-0.029754,0.00242875,1.6910600000000001e-34,360604.6585,-0.02965723175,0.002431485147,3.218249268e-34,12.19716755687013
2,2:116077028:T:C,116077028,C,T,0.180413,0.0336906,0.00306178,3.7091500000000004e-28,360739.0561,0.0323741706,0.00307275356,5.902697928e-26,10.535882545686482
2,2:116476472:A:C,116476472,C,A,0.0221774,-0.0531237,0.00800225,3.17138e-11,360165.1552,-0.06228802573,0.008046062852,9.830544959000001e-15,7.741429177938517
2,2:116683265:G:T,116683265,T,G,0.116146,-0.0276967,0.00367885,5.13918e-14,359975.0796,-0.02020388302,0.003709844725,5.150978024e-08,5.446018504184161
2,2:116883787:C:G,116883787,G,C,0.0872985,0.0537787,0.00417432,5.70369e-38,360116.1674,0.05689116031,0.00421707452,1.774805511e-41,13.490669904026264
2,2:117622192:T:A,117622192,A,T,0.0440717,0.0391246,0.0057372,9.15283e-12,360668.8748,0.03994686788,0.005738069485,3.361286371e-12,6.961726062123487
2,2:118830871:T:C,118830871,C,T,0.0608258,-0.0399986,0.00493699,5.43118e-16,359179.8201,-0.0399741884,0.004939131594,5.803922935999999e-16,8.093363709636767
2,2:119081263:C:G,119081263,G,C,0.172659,0.0210687,0.00311919,1.43495e-11,359863.0689,0.02037722453,0.003120316288,6.555062648e-11,6.530499683114176
2,2:120354889:C:T,120354889,T,C,0.306722,0.0197649,0.0025539,1.00387e-14,360593.1809,0.01973837955,0.002554192027,1.0938931840000002e-14,7.727836960317941
2,2:120851417:A:G,120851417,G,A,0.132031,0.0200214,0.00347981,8.74341e-09,360428.1354,0.0202359019,0.003480133416,6.074583983e-09,5.814691415841972
2,2:124896062:G:C,124896062,C,G,0.685978,0.0127431,0.00253699,5.09164e-07,360754.3824,0.01273625845,0.002537134502,5.168810161e-07,5.019938217686182
2,2:127601928:G:A,127601928,A,G,0.532899,0.0116385,0.00236161,8.30288e-07,360286.863,0.01155958155,0.002362137501,9.895993643e-07,4.893695453844793
2,2:127914718:A:G,127914718,G,A,0.0485391,0.0368263,0.00547267,1.70943e-11,361588.1489,0.03625083482,0.005474065793,3.536834617e-11,6.6222870149562345
2,2:132379567:G:C,132379567,C,G,0.0666694,0.0267602,0.00471886,1.42161e-08,360973.0954,0.02421411145,0.004731139273,3.087439451e-07,5.118029728735064
2,2:132505957:A:G,132505957,G,A,0.60606,0.0186265,0.00241129,1.12397e-14,360274.2689,0.01798170346,0.002417711181,1.026161151e-13,7.437490301286736
2,2:133672944:A:G,133672944,G,A,0.318735,0.0174018,0.00253126,6.21917e-12,359478.8342,0.01734941249,0.002531527414,7.214645175e-12,6.853337788899014
2,2:134843242:T:A,134843242,A,T,0.277666,0.0247614,0.00263493,5.6265999999999995e-21,359123.6929,0.02474365118,0.002636905967,6.376230757e-21,9.383592547348503
2,2:135903540:G:C,135903540,C,G,0.177748,0.0196767,0.00308169,1.71576e-10,360340.4942,0.01916180966,0.003083897114,5.181563349e-10,6.213504845220333
2,2:136280348:T:A,136280348,A,T,0.80903,-0.0172182,0.00299462,8.94664e-09,360991.3321,-0.01732658238,0.002997518683,7.456381939e-09,5.780308385820994
2,2:136422803:T:A,136422803,A,T,0.104975,0.0237864,0.00384379,6.08921e-10,360299.1611,0.02361563982,0.003851844131,8.733076376e-10,6.130995704093822
2,2:136929080:C:G,136929080,G,C,0.31887,-0.0216741,0.00252948,1.05147e-17,359877.7522,-0.02064967608,0.002533896495,3.6580596269999996e-16,8.149376314599621
2,2:139116355:C:G,139116355,G,C,0.587792,0.032835,0.00239109,6.6748e-43,360903.3925,0.03051178045,0.002407637624,8.355372686e-37,12.672912296206915
2,2:139486117:C:A,139486117,A,C,0.109669,-0.0379535,0.00377168,8.12917e-24,360016.6393,-0.03373361636,0.003801326432,7.045697465e-19,8.874169836093678
2,2:139930245:T:C,139930245,C,T,0.723839,-0.0184283,0.00263279,2.57282e-12,360955.8222,-0.01977813165,0.002635918926,6.222348582e-14,7.503315619806737
2,2:141511681:T:G,141511681,G,T,0.281868,-0.0174183,0.00262105,3.02555e-11,359663.011,-0.01662099809,0.002624493128,2.403901986e-10,6.333031667210371
2,2:141982728:A:T,141982728,T,A,0.583705,-0.0191918,0.0023899,9.74671e-16,360344.5695,-0.01917847746,0.002394122489,1.141036952e-15,8.010650059935175
2,2:142209017:T:A,142209017,A,T,0.426104,-0.0119811,0.0023863,5.14881e-07,359186.8235,-0.01267769275,0.002387947473,1.102081746e-07,5.309033340701125
2,2:144840818:C:T,144840818,T,C,0.225836,-0.0424686,0.0028183,2.68973e-51,359977.4644,-0.04245435928,0.002819441213,3.071951836e-51,15.057721042116299
2,2:146277186:T:C,146277186,C,T,0.116434,0.0194941,0.00367123,1.0972e-07,360722.9846,0.01910621718,0.003671654582,1.953512031e-07,5.203707689080214
2,2:147610794:A:G,147610794,G,A,0.674178,-0.0149521,0.00251072,2.59801e-09,361206.5141,-0.01634710354,0.002514974184,8.036856721e-11,6.499909082168139
2,2:148174330:T:C,148174330,C,T,0.254033,0.0231471,0.00270667,1.21567e-17,360231.1207,0.02423326919,0.002711382275,3.976885731e-19,8.937606996047801
2,2:151400323:A:T,151400323,T,A,0.140684,0.0199791,0.0033824,3.4918e-09,361626.5612,0.01975644997,0.003382619785,5.202045934e-09,5.840576602078853
2,2:155542238:A:T,155542238,T,A,0.0199464,0.0744323,0.00841928,9.554040000000001e-19,360903.8047,0.07643395486,0.008422039536,1.131894472e-19,9.075468540996884
2,2:156206285:G:C,156206285,C,G,0.168591,-0.0349763,0.00314245,9.034540000000001e-29,361255.9381,-0.0362981801,0.003144173512,7.861951454e-31,11.544585552122037
2,2:157356565:A:T,157356565,T,A,0.0950207,0.0428113,0.00401776,1.65833e-26,360236.7784,0.04377699838,0.00401905829,1.2535996169999999e-27,10.892352193279585
2,2:159131670:T:A,159131670,A,T,0.140474,0.0170609,0.00338963,4.82431e-07,360545.1768,0.01711887523,0.003391157347,4.462435997e-07,5.048092281870753
2,2:160681916:T:C,160681916,C,T,0.323026,-0.0164955,0.00251857,5.77869e-11,360562.5157,-0.01827416301,0.00252257055,4.347988864e-13,7.244262409231726
2,2:160939530:A:C,160939530,C,A,0.118646,-0.0390738,0.00364612,8.59188e-27,359704.3837,-0.0402681657,0.003651867329,2.839952658e-28,11.0267329210524
2,2:164079277:A:G,164079277,G,A,0.032666,-0.0342964,0.0066301,2.30695e-07,360084.9115,-0.03318607692,0.006631908978,5.615256358e-07,5.004000662567598
2,2:164333429:G:A,164333429,A,G,0.61409,-0.0172929,0.0024176,8.51201e-13,361078.204,-0.01686275232,0.00241826403,3.100727329e-12,6.97308156214853
2,2:165947580:C:A,165947580,A,C,0.0381309,0.036241,0.00614286,3.64504e-09,361387.9506,0.03560062242,0.006143651523,6.844308772e-09,5.794700804028659
2,2:166757094:C:A,166757094,A,C,0.261648,0.0157094,0.0026828,4.75772e-09,359708.664,0.01375819201,0.002687093451,3.05370775e-07,5.120101798052426
2,2:167061063:C:T,167061063,T,C,0.359691,-0.0334316,0.00245673,3.66699e-42,359660.0296,-0.03282182734,0.002461275825,1.4429216130000001e-40,13.335290180246254
2,2:169227612:G:T,169227612,T,G,0.45964,0.0175382,0.00236121,1.10793e-13,361171.2635,0.01746590282,0.002361483545,1.401823601e-13,7.396156901868228
2,2:169535918:A:T,169535918,T,A,0.0397153,0.0429945,0.00603554,1.05376e-12,359996.6239,0.04338442904,0.006036634622,6.629984539e-13,7.186856875830972
2,2:170557071:G:A,170557071,A,G,0.441211,0.0162281,0.00238037,9.27974e-12,358022.465,0.01645394106,0.002380711396,4.800468287e-12,6.911354768849941
2,2:172959296:C:A,172959296,A,C,0.240582,0.0147931,0.00275521,7.91698e-08,360629.8049,0.0146522546,0.002755636623,1.053796788e-07,5.317194029758691
2,2:173229059:T:C,173229059,C,T,0.070679,-0.0273662,0.00460287,2.75915e-09,359412.7576,-0.02661043545,0.00460361496,7.455214275e-09,5.780334732859587
2,2:176944804:C:G,176944804,G,C,0.750604,0.0174826,0.00272047,1.30898e-10,361003.8562,0.01730362712,0.002720722782,2.018357235e-10,6.359937599846217
2,2:178255396:A:C,178255396,C,A,0.0265643,0.0446273,0.00733529,1.17398e-09,359471.8003,0.04249880132,0.007338601821,6.99141988e-09,5.791130566368413
2,2:178877742:G:A,178877742,A,G,0.138761,0.0259147,0.00340791,2.87134e-14,360340.2142,0.02520511692,0.003409641081,1.443018246e-13,7.392307964745572
2,2:180691671:C:T,180691671,T,C,0.416017,-0.0161204,0.00238799,1.47447e-11,361009.5175,-0.01551462858,0.002388460215,8.266946129e-11,6.495661297837445
2,2:180826656:A:G,180826656,G,A,0.312708,0.0256556,0.0025418,5.9479800000000006e-24,360133.8063,0.02535827007,0.002542487724,1.984814475e-23,9.97380236318498
2,2:182794542:T:G,182794542,G,T,0.143184,0.0271832,0.00337096,7.41029e-16,358741.6454,0.02667299965,0.003371622867,2.5527407970000002e-15,7.911027034210704
2,2:183613020:T:A,183613020,A,T,0.678491,0.0305603,0.00252314,9.262960000000001e-34,360041.7969,0.03072058903,0.002523972454,4.407799634e-34,12.1715231009411
2,2:186623027:G:T,186623027,T,G,0.505616,0.018899,0.00242579,6.67392e-15,340001.3896,0.02225071335,0.002457171977,1.3604875460000001e-19,9.055415558322558
2,2:186769125:C:G,186769125,G,C,0.348663,-0.0181634,0.00248214,2.52839e-13,357454.3277,-0.02125677674,0.002514133304,2.7929704869999996e-17,8.454912357344119
2,2:187658770:A:G,187658770,G,A,0.574702,-0.0277269,0.00238693,3.45544e-31,359063.4308,-0.02781999771,0.002387695519,2.257173626e-31,11.6514008962296
2,2:188657795:T:A,188657795,A,T,0.0609964,0.032106,0.00492972,7.38928e-11,359320.9475,0.03152315912,0.004931541548,1.635680571e-10,6.392151178931931
2,2:189542806:T:G,189542806,G,T,0.703622,-0.0133759,0.00257937,2.15284e-07,360499.5316,-0.01334005512,0.002579740396,2.32739505e-07,5.171084323323517
2,2:191603754:C:T,191603754,T,C,0.329826,0.023989,0.00250471,9.992769999999999e-22,360621.7726,0.02328796129,0.002509026834,1.6684133790000003e-20,9.28167087510711
2,2:191729787:C:A,191729787,A,C,0.126274,-0.0212859,0.00354229,1.86775e-09,361284.1689,-0.01960657879,0.003548136164,3.278359913e-08,5.5258811623217055
2,2:193912104:G:A,193912104,A,G,0.0269264,-0.0373059,0.00727835,2.96751e-07,360353.0861,-0.03651453203,0.007280186397,5.286711725e-07,5.015604002261098
2,2:194874816:G:C,194874816,C,G,0.754997,0.0141075,0.00274358,2.71981e-07,359224.4735,0.01376579352,0.002744311731,5.272574856e-07,5.016118746460294
2,2:197186957:C:T,197186957,T,C,0.515442,-0.0240761,0.00242704,3.43254e-23,339894.9231,-0.02379322018,0.002427498364,1.108830174e-22,9.801539120625335
2,2:198809888:T:A,198809888,A,T,0.387225,0.0127527,0.00242632,1.47311e-07,358059.8959,0.01223376354,0.002427066761,4.641836556e-07,5.0405550175139995
2,2:200279034:C:A,200279034,A,C,0.303406,0.0274617,0.00256494,9.56855e-27,359627.6217,0.02717985348,0.002566007135,3.2362901740000003e-26,10.592275099032411
2,2:202327729:G:T,202327729,T,G,0.341323,-0.029517,0.00248228,1.33571e-32,360944.2034,-0.02935877571,0.002482830877,2.908768415e-32,11.824718301181333
2,2:204958588:G:A,204958588,A,G,0.322391,0.0200271,0.00252158,1.99038e-15,360052.728,0.01990792185,0.002521854765,2.922799606e-15,7.894158746290848
2,2:206960826:A:T,206960826,T,A,0.837942,-0.0210713,0.003192,4.08221e-11,361482.4424,-0.02102751471,0.003193305903,4.552735261e-11,6.584873278267948
2,2:207606180:T:A,207606180,A,T,0.10986,0.0204233,0.00377003,6.05553e-08,359854.4053,0.02103580198,0.00377370125,2.485047836e-08,5.574315661580259
2,2:207608436:C:T,207608436,T,C,0.0116346,0.0503025,0.0110005,4.8152e-06,359443.5218,0.05481087313,0.0110104471,6.421851725e-07,4.9780787857379565
2,2:208787665:G:T,208787665,T,G,0.623282,-0.0140394,0.00243457,8.09002e-09,359388.431,-0.0132082672,0.002435392491,5.845449555e-08,5.423465518930189
2,2:210326241:T:C,210326241,C,T,0.0428286,-0.0319809,0.00581525,3.8117e-08,360788.7479,-0.03299541487,0.005818359108,1.420375839e-08,5.670914128458089
2,2:210551857:C:G,210551857,G,C,0.0141458,-0.112094,0.00997171,2.5865600000000003e-29,360593.681,-0.1130870117,0.009977458341,8.878897664e-30,11.334250450868407
2,2:213562210:T:A,213562210,A,T,0.198959,0.0192845,0.00295002,6.28206e-11,360603.5875,0.01729626454,0.002976014583,6.177202964e-09,5.811888368693521
2,2:213659409:T:A,213659409,A,T,0.063151,-0.0294601,0.00484597,1.20826e-09,359992.8772,-0.02576628419,0.004888518935,1.358487978e-07,5.270775163725534
2,2:216109198:T:A,216109198,A,T,0.0251464,0.0479085,0.00751371,1.81824e-10,361390.5797,0.0481751388,0.007514397283,1.445255662e-10,6.411044956191998
2,2:216738885:G:A,216738885,A,G,0.23906,-0.0233127,0.00276176,3.15108e-17,360441.4402,-0.02323122619,0.002762104467,4.075783144e-17,8.410697881833592
2,2:217322659:C:G,217322659,G,C,0.328977,0.0244942,0.00250606,1.46557e-22,360702.2764,0.02440746951,0.002506443718,2.078276479e-22,9.737888520982143
2,2:218022430:T:C,218022430,C,T,0.200533,-0.0251575,0.00294004,1.16411e-17,360884.9612,-0.02728022644,0.002958736976,2.9647202e-20,9.22022696214143
2,2:218144526:T:G,218144526,G,T,0.125724,-0.0185226,0.0035557,1.89691e-07,359915.0859,-0.0221757676,0.003578086668,5.730846691e-10,6.197660833183598
2,2:219816872:A:C,219816872,C,A,0.403987,0.0147504,0.00240678,8.87103e-10,358598.4192,0.01474315621,0.002406973951,9.057937227e-10,6.125183117945593
2,2:221747383:G:T,221747383,T,G,0.137077,-0.0343204,0.00342706,1.3252900000000002e-23,359955.4267,-0.0343170831,0.003427591397,1.3498028319999998e-23,10.012011096198933
2,2:224650222:G:A,224650222,A,G,0.59061,0.0237204,0.0024524,3.97826e-22,343883.2675,0.02372259106,0.002452778678,3.976341489e-22,9.671721004743665
2,2:229712779:T:C,229712779,C,T,0.165944,0.0157371,0.00316421,6.57985e-07,360938.0238,0.01571657015,0.003164382003,6.809803746e-07,4.966710762196179
2,2:231212763:G:A,231212763,A,G,0.112521,-0.0182899,0.00373361,9.65082e-07,359311.5608,-0.0187772286,0.003736239898,5.015940826e-07,5.025702072838365
2,2:231615592:C:G,231615592,G,C,0.630617,0.0151168,0.00244162,5.97391e-10,360167.7462,0.015694273,0.002443367403,1.334262435e-10,6.423214527921736
2,2:231852299:T:G,231852299,G,T,0.633884,-0.0166564,0.00244352,9.34051e-12,360938.7918,-0.01606873193,0.002443970653,4.870338167e-11,6.574846514738407
2,2:232023991:G:A,232023991,A,G,0.563438,0.0136199,0.00237086,9.21479e-09,361748.098,0.01404466295,0.002371892997,3.194287383e-09,5.9212885942847615
2,2:232722837:A:T,232722837,T,A,0.50831,0.0213232,0.00235432,1.3467200000000001e-19,360994.0729,0.02137033,0.002355349371,1.156736949e-19,9.073104085160367
2,2:233861465:A:G,233861465,G,A,0.224543,0.0144021,0.00282619,3.47171e-07,359632.104,0.01466832406,0.002826371059,2.105106566e-07,5.189808327994204
2,2:236092319:A:T,236092319,T,A,0.228174,0.0161133,0.00280686,9.43637e-09,360481.5129,0.01616210335,0.002807100356,8.53286081e-09,5.757579459335866
2,2:236373256:C:T,236373256,T,C,0.0387858,0.0396641,0.00609792,7.80411e-11,360780.0025,0.03964717514,0.006098517673,7.972594728e-11,6.5011167083322805
2,2:237605361:T:C,237605361,C,T,0.270432,-0.0254905,0.00264818,6.266299999999999e-22,361426.1568,-0.02518232987,0.002648606775,1.948033959e-21,9.507764651096613
2,2:239762968:G:A,239762968,A,G,0.213655,0.0170725,0.0028761,2.92328e-09,359892.7443,0.01701061062,0.002876371159,3.340730969e-09,5.913913636206085
2,2:240118062:T:C,240118062,C,T,0.368878,0.0145074,0.00244223,2.84897e-09,360195.2839,0.01430895459,0.002442468862,4.673536389e-09,5.858397956518146
2,2:240855612:G:A,240855612,A,G,0.221307,-0.0256142,0.00283659,1.726e-19,360659.2109,-0.02571779441,0.002837016225,1.245066618e-19,9.065085417338423
2,2:241463056:A:C,241463056,C,A,0.109509,-0.0307168,0.00376719,3.53896e-16,361372.8073,-0.03008544653,0.003768570804,1.425286983e-15,7.983250970916347
2,2:241864982:A:G,241864982,G,A,0.431803,-0.0251687,0.00237884,3.7120200000000003e-26,360163.5389,-0.02514709993,0.002380674262,4.422214192e-26,10.56301583605729
2,2:242016718:C:T,242016718,T,C,0.293257,0.0138853,0.00258435,7.75501e-08,361328.7349,0.01464540646,0.002585406926,1.473312107e-08,5.664642696172618
19,19:3283409:G:A,3283409,A,G,0.0391201,0.0768712,0.00606733,8.86392e-37,361747.139,0.07639317502,0.006068960267,2.473137525e-36,12.58752268249114
19,19:3531276:A:T,3531276,T,A,0.605907,-0.0182332,0.00240939,3.8119e-14,361222.1148,-0.01828613369,0.002409685001,3.233823267e-14,7.588599207950999
19,19:3784030:G:C,3784030,C,G,0.254782,-0.0140229,0.00270408,2.15164e-07,360693.6926,-0.01397051035,0.002704401245,2.393585404e-07,5.165842300889786
19,19:3867278:C:G,3867278,G,C,0.139647,0.0239198,0.00340404,2.11573e-12,359670.5395,0.02373721866,0.003404826734,3.13272326e-12,6.971637770276037
19,19:4023296:A:T,4023296,T,A,0.122175,-0.0186602,0.00367064,3.70464e-07,346541.9877,-0.01897462997,0.003671164622,2.359061529e-07,5.168558733730356
19,19:5223860:T:A,5223860,A,T,0.225828,0.0145172,0.00281846,2.5958e-07,360571.2748,0.01445290343,0.002818653796,2.93473362e-07,5.127590855787385
19,19:5406765:G:A,5406765,A,G,0.0198188,0.0442794,0.00844588,1.58318e-07,361372.839,0.04456990116,0.008446652893,1.315778567e-07,5.27663462966928
19,19:6173391:A:C,6173391,C,A,0.0970865,-0.0230973,0.00398091,6.55761e-09,360455.6286,-0.02339931647,0.003981285367,4.169437716e-09,5.877327122529773
19,19:7137251:A:C,7137251,C,A,0.530339,-0.0232842,0.00235954,5.760230000000001e-23,361037.4072,-0.02323248034,0.002359914362,7.230580891e-23,9.844628565381814
19,19:9053337:T:G,9053337,G,T,0.113986,-0.0244663,0.00370451,3.99455e-11,361290.0535,-0.02433313214,0.003704854824,5.102829791e-11,6.567904356837493
19,19:10322187:T:A,10322187,A,T,0.371966,-0.0120197,0.00243901,8.30668e-07,360345.6201,-0.01212954367,0.002439207382,6.601323211e-07,4.972739816839403
19,19:12312938:G:C,12312938,C,G,0.0215489,0.0417089,0.00810461,2.65793e-07,361577.8278,0.04156547656,0.008105025002,2.92278942e-07,5.128358832914555
19,19:15638015:C:A,15638015,A,C,0.191849,0.0337822,0.00298806,1.2435500000000001e-29,361641.2162,0.03379824672,0.002988616573,1.184397578e-29,11.308993942328648
19,19:17352237:T:G,17352237,G,T,0.0390646,0.0403037,0.00607889,3.35925e-11,360979.9247,0.04011744429,0.006079422433,4.142454982e-11,6.598890722289112
19,19:17629166:G:C,17629166,C,G,0.10713,0.0221012,0.00381212,6.73217e-09,360237.6465,0.02213365229,0.003812442124,6.412202581e-09,5.80563627462427
19,19:20423583:C:T,20423583,T,C,0.728877,-0.0138213,0.00265091,1.8511e-07,360594.2237,-0.01399873477,0.002651027488,1.28836036e-07,5.280494009724881
19,19:24117968:G:C,24117968,C,G,0.0413788,0.0930768,0.00595939,5.67825e-55,355251.1129,0.09303305695,0.005961478687,6.657391981e-55,15.605701510411185
14,14:20996321:T:A,20996321,A,T,0.292514,0.0156947,0.00259138,1.39241e-09,360026.2261,0.01570668952,0.002591587974,1.355784525e-09,6.060643002505306
14,14:21333461:A:C,21333461,C,A,0.502249,-0.0153225,0.00235303,7.43523e-11,361466.4522,-0.01518067359,0.002353213125,1.110846781e-10,6.451040676564304
14,14:23754300:A:T,23754300,T,A,0.307622,0.0182343,0.00255365,9.31688e-13,360213.7029,0.01839388857,0.002553878584,5.919014002e-13,7.202334788050361
14,14:24383582:A:G,24383582,G,A,0.235344,0.0434011,0.002778,5.2781900000000006e-55,360061.8235,0.04355499957,0.002779000245,2.317503595e-55,15.672902385800258
14,14:25465975:A:T,25465975,T,A,0.423527,0.0191883,0.00238639,8.95778e-16,359819.0514,0.01920534084,0.002386617706,8.478195528999999e-16,8.047095599650262
14,14:27929566:T:C,27929566,C,T,0.0761148,0.0291514,0.00443572,4.97226e-11,361607.8524,0.02960098279,0.004436208129,2.513336959e-11,6.672586571512501
14,14:28628932:G:T,28628932,T,G,0.248787,0.0148327,0.00272884,5.4675e-08,359519.5291,0.01482374857,0.002729106794,5.581292092e-08,5.431721690990741
14,14:34922523:C:G,34922523,G,C,0.0287355,-0.0375542,0.00704467,9.78017e-08,361237.9313,-0.03900559549,0.007045642933,3.092280106e-08,5.53613003964588
14,14:36045723:G:C,36045723,C,G,0.217514,-0.0165015,0.00285674,7.64044e-09,360213.2191,-0.01695255903,0.002857104824,2.965898231e-09,5.9334746445410795
14,14:38197280:C:G,38197280,G,C,0.37666,-0.0250373,0.00243276,7.73736e-25,360001.4956,-0.02494546678,0.00243337148,1.1664049299999999e-24,10.251400982146796
14,14:41431840:C:G,41431840,G,C,0.564382,-0.0210338,0.0023739,8.00502e-19,361082.8532,-0.0223816529,0.002382564384,5.780005217e-21,9.39393413680778
14,14:41607118:A:G,41607118,G,A,0.190369,0.0221792,0.00300061,1.45424e-13,360526.1936,0.0242429598,0.003011366823,8.246739768999999e-16,8.05048379189107
14,14:42719327:A:T,42719327,T,A,0.836796,0.0255362,0.00318621,1.10829e-15,360851.5757,0.02528504757,0.003187435638,2.143903325e-15,7.932724121094865
14,14:43369126:G:T,43369126,T,G,0.174362,0.0147945,0.00310769,1.93086e-06,359882.6024,0.01675736805,0.00311467389,7.442973074e-08,5.380135655229061
14,14:43731045:A:G,43731045,G,A,0.623692,0.0150974,0.00243241,5.41381e-10,360305.9863,0.01571495818,0.00243762828,1.1421901e-10,6.446823048836634
14,14:44920842:A:G,44920842,G,A,0.704613,-0.0122747,0.00258859,2.11866e-06,358764.3775,-0.01301713431,0.002589182077,4.968940548e-07,5.027508272065024
14,14:46358434:A:T,46358434,T,A,0.351354,0.029411,0.00246728,9.397750000000001e-33,360532.5138,0.02848347437,0.00247027313,9.260865086e-31,11.530495969893012
14,14:47201704:G:C,47201704,C,G,0.912011,-0.0259507,0.00415232,4.11723e-10,361616.3812,-0.0247732636,0.004159192614,2.580638763e-09,5.956267453594781
14,14:47408462:C:A,47408462,A,C,0.0174852,0.0467231,0.00899937,2.08366e-07,359615.6847,0.04576010277,0.009010644653,3.805277825e-07,5.078449382061099
14,14:48824619:A:G,48824619,G,A,0.530821,0.0126597,0.00236053,8.18698e-08,360549.3696,0.01233792634,0.002361626927,1.74783649e-07,5.224333360592648
14,14:49372558:T:G,49372558,G,T,0.428346,0.0131951,0.00237988,2.95134e-08,360769.661,0.01197419828,0.002385769911,5.193898645e-07,5.019008004414387
14,14:49957893:A:C,49957893,C,A,0.309241,0.0136385,0.00255006,8.88385e-08,360202.0578,0.01297481196,0.002556343996,3.864083791e-07,5.075534427409667
14,14:51736723:C:T,51736723,T,C,0.251727,0.0152324,0.00271815,2.09673e-08,359526.122,0.01587046797,0.002718986427,5.317910298e-09,5.8369059192070765
14,14:52005853:A:G,52005853,G,A,0.273742,0.0221682,0.00264529,5.29917e-17,359617.9392,0.02261428071,0.002646234255,1.276104816e-17,8.545834771532727
14,14:53503182:C:T,53503182,T,C,0.483935,-0.0126367,0.00236499,9.13527e-08,358195.7525,-0.01284369788,0.002365168712,5.624310769e-08,5.430351676324729
14,14:54546716:C:G,54546716,G,C,0.357496,-0.0128691,0.00245681,1.6232e-07,360895.8691,-0.01291518098,0.002456958634,1.467650014e-07,5.2565724148858415
14,14:57299623:G:A,57299623,A,G,0.825722,-0.0169259,0.00310848,5.18186e-08,359829.4753,-0.01657982832,0.003108659662,9.637308312e-08,5.333433094227218
14,14:59378227:G:T,59378227,T,G,0.253382,-0.0164836,0.00279536,3.7097e-09,338462.7272,-0.01727338754,0.002798407272,6.718530618e-10,6.172578135009935
14,14:60665908:T:C,60665908,C,T,0.0247967,-0.0444993,0.00756617,4.07297e-09,361428.4119,-0.04662253056,0.007574420221,7.495412819e-10,6.155260627175071
14,14:62979556:C:T,62979556,T,C,0.0451566,-0.0548837,0.0056699,3.6960899999999997e-22,360901.0698,-0.05444356259,0.005670825624,7.944855889e-22,9.600641282211996
14,14:64277815:A:C,64277815,C,A,0.23028,-0.0467096,0.0028023,2.35242e-62,359212.1992,-0.04658351998,0.00280345426,5.2958575739999995e-62,16.61647227303077
14,14:67698236:C:G,67698236,G,C,0.632766,-0.0212406,0.0024479,4.0762100000000004e-18,359286.3639,-0.02587795847,0.00257582101,9.519854349e-24,10.046489398733494
14,14:67797238:G:T,67797238,T,G,0.274693,-0.0200648,0.00264327,3.18391e-14,359404.0443,-0.03114577648,0.002770473115,2.534495061e-29,11.24204249135982
14,14:68297638:G:A,68297638,A,G,0.130042,0.0222163,0.00350646,2.36374e-10,359697.0927,0.01853592886,0.003590885357,2.444057791e-07,5.1619383570312065
14,14:68469381:G:C,68469381,C,G,0.443697,-0.0219794,0.00237154,1.9066499999999998e-20,360365.1521,-0.01981418764,0.002390378642,1.140684455e-16,8.289141850523613
14,14:68667523:A:G,68667523,G,A,0.0647576,-0.0264705,0.00478708,3.2122e-08,360505.5526,-0.0261951849,0.004788002483,4.474910005e-08,5.471004869568695
14,14:69049881:G:T,69049881,T,G,0.0384847,-0.0410873,0.00612167,1.92559e-11,360800.1746,-0.04128432038,0.006122868855,1.555307665e-11,6.742643253952236
14,14:69792552:T:G,69792552,G,T,0.54822,0.0132868,0.00237821,2.31344e-08,357178.1444,0.01342343372,0.002378941299,1.674931935e-08,5.642608216370286
14,14:70452188:C:A,70452188,A,C,0.250271,-0.0151075,0.00272282,2.88346e-08,359679.1175,-0.01392001248,0.002725626264,3.271618573e-07,5.107087741212051
14,14:70691434:G:C,70691434,C,G,0.0384389,0.0341235,0.00613238,2.63121e-08,359966.2528,0.03297960202,0.006137329633,7.717665486e-08,5.37360774019224
14,14:71032093:C:A,71032093,A,C,0.405351,0.012277,0.00239916,3.10257e-07,360631.1152,0.01350793521,0.002413062325,2.170397406e-08,5.597839338857524
14,14:71713354:C:A,71713354,A,C,0.146565,-0.0166297,0.00332854,5.85299e-07,361049.5319,-0.01932077337,0.00334808734,7.894770018e-09,5.770689772388076
14,14:72048707:C:A,72048707,A,C,0.256779,-0.0255085,0.00269508,2.9564899999999997e-21,360891.3764,-0.0261712937,0.002696211309,2.823511435e-22,9.706692354801632
14,14:76942221:G:C,76942221,C,G,0.0156372,-0.0508138,0.00948863,8.55016e-08,361035.0685,-0.0498117189,0.009489867661,1.529792533e-07,5.2489371484819065
14,14:78173250:T:C,78173250,C,T,0.503077,0.01488,0.00235696,2.73583e-10,360270.8023,0.0151033443,0.00235770741,1.494407056e-10,6.40594512955278
14,14:78497093:A:C,78497093,C,A,0.0262813,-0.0365347,0.00737523,7.28482e-07,359454.5285,-0.03663357944,0.007377804498,6.856780296e-07,4.965376820425474
14,14:80459657:G:A,80459657,A,G,0.0561295,-0.0304984,0.00511562,2.49681e-09,360879.4746,-0.03029857081,0.005118579967,3.232531445e-09,5.9193313390311255
14,14:81111668:G:T,81111668,T,G,0.357982,0.0150915,0.00245805,8.28066e-10,360304.629,0.01438200489,0.002459350393,4.978544987e-09,5.84788769056057
14,14:81404792:C:A,81404792,A,C,0.0166847,-0.130841,0.00921304,9.1989e-46,359123.7678,-0.1300470655,0.009216931914,3.3153273489999994e-45,14.109582962467787
14,14:82091961:A:C,82091961,C,A,0.271979,0.0244924,0.00264759,2.23898e-20,360430.262,0.02407133858,0.002648181948,9.925783142000001e-20,9.089760089248973
14,14:87444645:A:T,87444645,T,A,0.500136,-0.0215126,0.00235823,7.389139999999999e-20,359825.86,-0.02115719623,0.002358556337,2.9543676070000002e-19,8.970401044950746
14,14:88609854:T:G,88609854,G,T,0.710497,-0.0304057,0.00260701,1.9934299999999998e-31,357799.1586,-0.03043773039,0.002607580836,1.755796802e-31,11.672784969800261
14,14:90896378:G:A,90896378,A,G,0.120142,0.0242168,0.00362306,2.32752e-11,360572.6561,0.0212856975,0.003653950705,5.697848328e-09,5.825392628004815
14,14:91191489:A:G,91191489,G,A,0.176327,0.0204814,0.00308954,3.3787e-11,360903.3546,0.01802138364,0.003115722929,7.293906383e-09,5.784013550198448
14,14:91507657:G:T,91507657,T,G,0.636176,-0.0255811,0.00244898,1.5474599999999999e-25,360358.2878,-0.02554952091,0.002449891112,1.8311119350000002e-25,10.428839381821472
14,14:91819745:C:A,91819745,A,C,0.890772,0.0241929,0.00377525,1.47345e-10,360797.6443,0.02327141846,0.003776219339,7.154943718e-10,6.162623611308188
14,14:92505229:A:C,92505229,C,A,0.185571,0.0153006,0.00303154,4.48733e-07,360233.7858,0.01534174964,0.003031723788,4.183672883e-07,5.0604048102023205
14,14:95524680:G:T,95524680,T,G,0.756712,-0.0168703,0.00274534,8.00229e-10,360591.9535,-0.01704727824,0.002745523653,5.328306211e-10,6.209117237570563
14,14:96789758:T:A,96789758,A,T,0.289998,0.0174504,0.0025969,1.82345e-11,360317.7408,0.01734206853,0.002597116989,2.431676495e-11,6.677430629213754
14,14:98775100:G:T,98775100,T,G,0.172936,-0.0179491,0.00311652,8.45233e-09,360164.3613,-0.01800770882,0.003116708239,7.568485663e-09,5.777797419298316
14,14:99324004:T:G,99324004,G,T,0.128812,-0.0269562,0.00350939,1.58061e-14,361995.2189,-0.0268079932,0.003509807656,2.2058168310000003e-14,7.638023455265949
14,14:100793636:G:T,100793636,T,G,0.554516,0.0188981,0.00237331,1.68716e-15,359561.6706,0.01866658449,0.002373674831,3.720505076e-15,7.864002367222303
14,14:102819814:A:T,102819814,T,A,0.0483573,-0.0309446,0.00549277,1.76515e-08,360369.5225,-0.03083739833,0.005493028965,1.977992753e-08,5.613915114317989
14,14:105968834:G:A,105968834,A,G,0.735009,-0.0191388,0.00267267,8.02835e-13,359607.4778,-0.01904044881,0.002672869717,1.051455868e-12,7.123597790381939
7,7:1580648:C:G,1580648,G,C,0.147725,-0.0214324,0.00332349,1.12904e-10,359832.3091,-0.02224686803,0.003325744273,2.242558811e-11,6.68929003670271
7,7:1935968:G:C,1935968,C,G,0.408388,0.0146412,0.00240084,1.07278e-09,359328.3787,0.01596616326,0.002409464862,3.438898674e-11,6.626435401405741
7,7:2189427:C:G,2189427,G,C,0.0692777,0.0193719,0.00463962,2.97649e-05,360556.593,0.02309828378,0.004657754849,7.081959084e-07,4.959102513726995
7,7:4860302:C:G,4860302,G,C,0.641609,0.0130571,0.00245601,1.05919e-07,360787.1141,0.01307069888,0.002456122249,1.028127964e-07,5.321680907911518
7,7:6447311:G:A,6447311,A,G,0.0299315,-0.0455082,0.00691389,4.64331e-11,360532.851,-0.04571516271,0.006914362983,3.801285682e-11,6.611623199765125
7,7:9616711:A:G,9616711,G,A,0.166565,-0.0217379,0.00315823,5.87232e-12,361387.3273,-0.0213454458,0.003158694774,1.402196172e-11,6.757679145101217
7,7:10318571:A:G,10318571,G,A,0.0735731,0.0365776,0.00451238,5.24469e-16,360538.923,0.03487172123,0.004522332641,1.2483258540000001e-14,7.7110031477669
7,7:11153616:T:G,11153616,G,T,0.647995,-0.0153305,0.00246643,5.11606e-10,360635.3085,-0.01411101367,0.002471790881,1.137609211e-08,5.708821801418402
7,7:11789175:T:G,11789175,G,T,0.12496,-0.0253552,0.00356238,1.10121e-12,360605.5667,-0.02435608432,0.003565454224,8.424784728e-12,6.8311308433166404
7,7:11833566:G:A,11833566,A,G,0.36897,0.016282,0.00244349,2.67925e-11,359962.3545,0.01568289396,0.002445585187,1.429302289e-10,6.412736732036806
7,7:12938422:C:A,12938422,A,C,0.224397,-0.0290005,0.00282396,9.75484e-25,360472.5465,-0.02898831734,0.00282439357,1.028497047e-24,10.263554501719106
7,7:18543992:G:T,18543992,T,G,0.251632,-0.014109,0.00271875,2.10972e-07,359518.0411,-0.01395557792,0.002718866979,2.85364168e-07,5.132865280938778
7,7:19051202:C:G,19051202,G,C,0.434112,0.0149833,0.00237663,2.89623e-10,360636.3981,0.01494905076,0.002376765239,3.181572814e-10,6.289662316960535
7,7:21449929:C:G,21449929,G,C,0.356508,0.0193897,0.00246076,3.29391e-15,360202.766,0.01926188976,0.00246099139,5.001171988e-15,7.826882222452636
7,7:23179754:G:A,23179754,A,G,0.136767,-0.0269726,0.00342944,3.70048e-15,360364.9373,-0.02605530209,0.003431265615,3.113875454e-14,7.593496107120813
7,7:23553624:G:C,23553624,C,G,0.11044,-0.0280327,0.00375949,8.90315e-14,360368.0932,-0.02773854977,0.003762319171,1.67173389e-13,7.37272637149157
7,7:24419460:T:C,24419460,C,T,0.0803851,-0.0252746,0.00432608,5.15084e-09,361710.5786,-0.02628468999,0.004327450708,1.248068545e-09,6.073943243630356
7,7:29207831:T:C,29207831,C,T,0.617008,0.0174955,0.00242649,5.59828e-13,359643.7885,0.01763982431,0.002426708028,3.620660023e-13,7.26903447240749
7,7:30602270:G:A,30602270,A,G,0.0846597,0.0331161,0.00422436,4.54229e-15,361841.1316,0.03316968159,0.004224813164,4.122086391e-15,7.851159400998306
7,7:32601727:C:A,32601727,A,C,0.078748,-0.03159,0.00437545,5.21526e-13,360285.3378,-0.03152332024,0.004375889478,5.852900458e-13,7.203865727981716
7,7:34221804:C:A,34221804,A,C,0.212785,0.0136863,0.00287601,1.94842e-06,361185.626,0.01452194176,0.002878457758,4.534205387e-07,5.045042512657919
7,7:34504253:G:C,34504253,C,G,0.0776922,0.0267804,0.0044009,1.16448e-09,360571.9538,0.02684110337,0.004406937979,1.124553023e-09,6.090646952124942
7,7:35045788:T:A,35045788,A,T,0.295882,0.0145243,0.00257989,1.80559e-08,360884.5847,0.01421645194,0.002581669569,3.656449544e-08,5.506689202486393
7,7:36650098:T:A,36650098,A,T,0.0306945,0.0518365,0.00682801,3.16382e-14,360739.6876,0.05198125301,0.006828767868,2.69681096e-14,7.612098407032862
7,7:38533968:G:T,38533968,T,G,0.251629,0.016369,0.00271636,1.68161e-09,360144.4796,0.01503246202,0.002722370531,3.354906852e-08,5.521828071830535
7,7:38602066:A:G,38602066,G,A,0.796552,-0.0188349,0.00293096,1.31026e-10,359447.6222,-0.01834561087,0.002936886718,4.194338586e-10,6.24661848806114
7,7:38659944:T:A,38659944,A,T,0.509954,0.0137408,0.00235542,5.42565e-09,360933.6115,0.01202996676,0.002368031292,3.771264073e-07,5.0801553174745795
7,7:38763582:G:C,38763582,C,G,0.759497,-0.0213731,0.00275515,8.68359e-15,360880.4617,-0.0202785415,0.002767924067,2.366579781e-13,7.326263657940151
7,7:42002228:A:G,42002228,G,A,0.208295,-0.0146544,0.00289992,4.34299e-07,360850.9412,-0.01480973093,0.002900087176,3.279198691e-07,5.106650259536888
7,7:44461005:G:T,44461005,T,G,0.17506,-0.0201679,0.00310085,7.83142e-11,360372.0207,-0.02164970519,0.003109142766,3.325361741e-12,6.963239329743921
7,7:44813110:A:G,44813110,G,A,0.329506,0.0116236,0.00250373,3.44328e-06,361338.0761,0.01307404364,0.002510401951,1.90940078e-07,5.207948326678145
7,7:45551853:T:A,45551853,A,T,0.624665,0.0172919,0.00243038,1.12209e-12,361324.4894,0.01761455315,0.002430809121,4.280755613e-13,7.246374467590292
7,7:48243624:A:T,48243624,T,A,0.324941,-0.0134388,0.00259023,2.12353e-07,340028.7466,-0.01357389988,0.002590392627,1.604951547e-07,5.240093620757515
7,7:49845872:T:A,49845872,A,T,0.130627,0.0185809,0.00349812,1.08679e-07,360105.962,0.0185832941,0.003498335687,1.084056518e-07,5.31203856995671
7,7:52109885:G:T,52109885,T,G,0.286449,-0.0244387,0.00260796,7.23712e-21,359909.0074,-0.02407100015,0.002608423249,2.7526827730000005e-20,9.228180341985595
7,7:53505087:C:A,53505087,A,C,0.632545,-0.0280729,0.00244764,1.90327e-30,359271.8484,-0.02730509302,0.002451622034,8.23424204e-29,11.137562251163876
7,7:54225601:A:C,54225601,C,A,0.0151822,-0.0592534,0.00963961,7.91086e-10,360178.4819,-0.05303940202,0.009654129962,3.930199671e-08,5.493959810855093
7,7:57599939:G:T,57599939,T,G,0.40881,-0.0175398,0.00239971,2.69389e-13,359535.8551,-0.01329170786,0.002536025596,1.595730215e-07,5.241156824664793
7,7:57638638:G:C,57638638,C,G,0.131048,0.0255651,0.0034942,2.55148e-13,359903.8998,0.01925468929,0.00369271929,1.845819061e-07,5.214230429630085
2,2:466247:T:C,466247,C,T,0.221011,-0.0272267,0.00283832,8.64552e-22,360570.4306,-0.02803878932,0.002840159367,5.491365295999999e-23,9.872259157631982
2,2:708263:A:T,708263,T,A,0.647704,-0.0212462,0.00247015,7.92262e-18,359210.0511,-0.02219403692,0.002471950802,2.748601178e-19,8.978348963111767
2,2:1405666:T:G,1405666,G,T,0.0627445,-0.0452407,0.00486169,1.3400699999999998e-20,359795.8588,-0.0456653053,0.004863853076,6.073966568e-21,9.388709853373046
2,2:1710949:T:C,1710949,C,T,0.146831,-0.0321,0.00332369,4.57772e-22,361379.0121,-0.03196998922,0.003324456406,6.803880448000001e-22,9.616606541237948
2,2:1991318:A:G,1991318,G,A,0.144058,0.0169086,0.00335508,4.66448e-07,360371.7758,0.01660670174,0.00335600423,7.484314958e-07,4.948355425642595
2,2:2963999:A:G,2963999,G,A,0.491874,-0.01349,0.002357,1.04505e-08,360234.1797,-0.01347820813,0.002357180726,1.078258444e-08,5.7179358295839045
2,2:3241989:A:T,3241989,T,A,0.439785,0.0155317,0.00237644,6.3393e-11,359474.7603,0.01538444854,0.002376645369,9.596278537e-11,6.473178009924626
2,2:4426772:T:A,4426772,A,T,0.374818,-0.0137556,0.00243372,1.58634e-08,360381.2877,-0.01398215361,0.00243401861,9.220783573e-09,5.744472763090337
2,2:4889517:T:G,4889517,G,T,0.131426,-0.0385993,0.00349343,2.23787e-28,358945.8771,-0.03898582673,0.003494290946,6.618267567e-29,11.157006480707631
2,2:5380424:A:C,5380424,C,A,0.0853437,-0.0208406,0.00422095,7.91959e-07,359657.9043,-0.02119088975,0.004221362855,5.169390072e-07,5.019916666225558
2,2:6445623:T:G,6445623,G,T,0.582044,-0.0155709,0.00238753,6.95799e-11,360689.5743,-0.01533158333,0.002387711024,1.353481911e-10,6.421038046855371
2,2:7110623:C:G,7110623,G,C,0.0552679,0.0251612,0.00515155,1.03894e-06,360979.6176,0.02556213945,0.005151925984,6.989086045e-07,4.961666671723675
2,2:7416697:C:A,7416697,A,C,0.0709357,-0.0221003,0.0045847,1.43301e-06,361084.1537,-0.02243890536,0.004585006295,9.881948767e-07,4.893974820595093
2,2:11017327:G:A,11017327,A,G,0.595193,0.0171425,0.00240311,9.80764e-13,359463.0489,0.01677914037,0.002403413934,2.922993567e-12,6.981377669752663
2,2:13666219:T:A,13666219,A,T,0.446981,0.0155524,0.00236898,5.21074e-11,360549.618,0.01486783142,0.002370097339,3.539545636e-10,6.27308894674895
2,2:14015868:C:G,14015868,G,C,0.691975,-0.0203887,0.00255495,1.46672e-15,359460.1448,-0.02017994207,0.002556341501,2.924849388e-15,7.894071297636067
2,2:14741555:T:A,14741555,A,T,0.101848,0.0254136,0.00389172,6.57877e-11,361020.6465,0.02607443644,0.003892338771,2.099764158e-11,6.698912395362002
2,2:16655515:T:C,16655515,C,T,0.106146,0.0220481,0.00382762,8.40565e-09,359832.9767,0.02189281587,0.003827855989,1.069376324e-08,5.719341566901355
2,2:19133435:C:G,19133435,G,C,0.17265,-0.0212862,0.00312081,9.07266e-12,359519.2526,-0.02125435469,0.003121095078,9.766458435e-12,6.809902985595622
2,2:20608435:C:G,20608435,G,C,0.115147,0.0205086,0.00368534,2.62476e-08,361453.7775,0.02049127564,0.003685539259,2.699100023e-08,5.559912457847461
2,2:24324886:C:A,24324886,A,C,0.0718957,-0.0303348,0.00456051,2.90258e-11,360403.5149,-0.03013783761,0.00456198787,3.94057317e-11,6.606294989995227
2,2:25480230:T:G,25480230,G,T,0.497439,-0.0155374,0.0023554,4.21537e-11,360627.216,-0.01582298496,0.0023568531,1.898715499e-11,6.713606783553884
2,2:26418582:A:G,26418582,G,A,0.548001,0.0141705,0.00236786,2.17259e-09,360159.4422,0.01461433233,0.002368820171,6.852524756e-10,6.1694562166069975
2,2:26936264:A:C,26936264,C,A,0.0498793,-0.0308168,0.00541618,1.27307e-08,359786.1769,-0.03037154103,0.005416766231,2.059223241e-08,5.606950666651355
2,2:29483798:G:T,29483798,T,G,0.16363,0.0196703,0.00318593,6.66102e-10,360071.7472,0.01992586452,0.003186215193,4.00654882e-10,6.253772364081499
2,2:32141843:C:A,32141843,A,C,0.360865,0.009842,0.00245616,6.14887e-05,359499.9136,0.01974599598,0.002520072807,4.670315416e-15,7.835486310217544
2,2:32341205:A:T,32341205,T,A,0.540506,-0.0389264,0.00236367,6.49393e-61,360236.7002,-0.04340658489,0.002425987712,1.353172692e-71,17.89233501690548
2,2:33224748:T:G,33224748,G,T,0.404889,-0.0146775,0.00240265,1.00441e-09,359590.9992,-0.01483357773,0.00240304557,6.708080808e-10,6.172824150812921
2,2:33491377:C:G,33491377,G,C,0.437351,-0.0284895,0.00237594,4.02674e-33,359962.1253,-0.02847514568,0.002376477111,4.411000041e-33,11.982082868880617
2,2:34210915:A:G,34210915,G,A,0.0441841,0.0683262,0.00572902,8.7517e-33,360742.0001,0.06813117337,0.005730291875,1.339643941e-32,11.889651497027803
2,2:37964605:A:C,37964605,C,A,0.0480271,-0.033926,0.00550069,6.94088e-10,361557.9147,-0.0344469835,0.00550156564,3.817676421e-10,6.261305554467582
2,2:38571144:A:C,38571144,C,A,0.0949347,-0.0289291,0.00401616,5.89437e-13,360893.8743,-0.02943106733,0.004016972226,2.359254497e-13,7.326679318195516
2,2:41119006:C:G,41119006,G,C,0.404766,0.01958,0.00239804,3.2239e-16,360980.7582,0.01960609312,0.00239830568,2.959229926e-16,8.174976727737224
2,2:42527417:A:T,42527417,T,A,0.440026,0.0206963,0.0023731,2.7633e-18,360411.7439,0.01405250859,0.002439490013,8.390050495e-09,5.7604288253341585
2,2:42668235:G:T,42668235,T,G,0.0393907,0.0674285,0.00605453,8.388060000000001e-29,360510.6592,0.05437883892,0.006223716692,2.386259997e-18,8.737357693337627
2,2:42780935:A:C,42780935,C,A,0.42884,-0.0205056,0.00237815,6.577350000000001e-18,361033.805,-0.01518204859,0.002418554069,3.444488231e-10,6.2773244495945155
2,2:43826188:T:A,43826188,A,T,0.121969,-0.0322088,0.00360125,3.7781400000000003e-19,360086.2483,-0.03206557172,0.003601740446,5.445567332e-19,8.902799133016705
2,2:46172792:C:G,46172792,G,C,0.903249,0.0337634,0.00398421,2.37365e-17,360524.6479,0.03358827756,0.003984716362,3.478077155e-17,8.429276894163037
2,2:47896322:G:T,47896322,T,G,0.252977,-0.0207599,0.00270936,1.83121e-14,360536.8819,-0.02097878356,0.002709718146,9.782360550000001e-15,7.74205375971232
2,2:49524136:A:T,49524136,T,A,0.46251,0.015229,0.00236449,1.19063e-10,359875.5324,0.0153093231,0.002364783239,9.551771986e-11,6.473880078105543
2,2:51745106:C:T,51745106,T,C,0.759204,0.0164186,0.00275201,2.43324e-09,361258.6829,0.01636112212,0.002752441575,2.777739537e-09,5.944221402774008
2,2:52122845:A:C,52122845,C,A,0.0898721,-0.0362552,0.00412471,1.5051600000000002e-18,359386.1604,-0.0375492878,0.004126970392,9.157822023e-20,9.098511555301704
2,2:52570405:T:C,52570405,C,T,0.0311759,-0.0374238,0.00677052,3.25124e-08,361263.5467,-0.04047616284,0.006773450371,2.290927643e-09,5.975708187557635
2,2:53320521:T:A,53320521,A,T,0.433845,0.0329017,0.00237777,1.5594699999999999e-43,360021.4021,0.0330420669,0.002378596053,7.140964789e-44,13.891415845210771
2,2:55536931:C:G,55536931,G,C,0.217502,0.0166951,0.00285561,5.02749e-09,360398.8442,0.01658927957,0.00285594185,6.296371843e-09,5.808689546672668
2,2:56189695:G:C,56189695,C,G,0.523771,-0.0137455,0.0023606,5.78814e-09,359853.596,-0.01332213738,0.002363859476,1.742910919e-08,5.635756911634624
2,2:57280039:T:C,57280039,C,T,0.0179056,-0.0439579,0.00888555,7.53543e-07,360270.4247,-0.04474943981,0.008893042336,4.85488725e-07,5.0319607305645455
2,2:57421019:G:A,57421019,A,G,0.0356419,-0.0521385,0.00635584,2.34754e-16,360199.1107,-0.04368938293,0.006399038679,8.641217586e-12,6.827491615791811
2,2:57874921:C:A,57874921,A,C,0.0384153,-0.0788277,0.00612801,7.36239e-38,360444.8498,-0.07249753991,0.006166981076,6.596574323e-32,11.755758452403594
2,2:58768093:A:C,58768093,C,A,0.399191,0.0288358,0.00240665,4.49576e-33,359958.6722,0.02795220691,0.00240873037,3.907852671e-31,11.604539577420615
2,2:60579329:T:G,60579329,G,T,0.0947807,0.0451102,0.0040259,3.8965e-29,359598.2502,0.04463313913,0.004027802168,1.5467338060000002e-28,11.081263991712515
2,2:61517224:C:T,61517224,T,C,0.320087,0.0177042,0.00252681,2.44705e-12,359950.7438,0.01702379178,0.002527721067,1.641127311e-11,6.734837954333511
2,2:64101018:C:T,64101018,T,C,0.240362,0.0227423,0.0027526,1.43583e-16,361516.5245,0.02296230664,0.002752980941,7.373449489e-17,8.340888343258603
2,2:64447701:G:C,64447701,C,G,0.17097,-0.0192988,0.00312792,6.84266e-10,360679.6075,-0.0189807184,0.003128283274,1.299529089e-09,6.0674551303438
2,2:65355499:G:C,65355499,C,G,0.228385,0.0169996,0.00280459,1.35129e-09,360842.4619,0.01690238719,0.002804832181,1.678936826e-09,6.026167021505662
2,2:65973184:A:T,65973184,T,A,0.0458226,0.0283381,0.00563382,4.90746e-07,360432.2003,0.02882948862,0.005634192534,3.10630661e-07,5.1168802709573855
2,2:67594760:G:T,67594760,T,G,0.0158398,0.0565522,0.00943266,2.03227e-09,360613.2798,0.05709011111,0.009434144811,1.435614931e-09,6.051434682604641
2,2:67937217:C:A,67937217,A,C,0.0903743,-0.0252106,0.0041038,8.09486e-10,361279.6054,-0.02548876861,0.004104492488,5.299526066e-10,6.2099683906158
2,2:68552579:A:G,68552579,G,A,0.152182,0.0192268,0.00327741,4.45591e-09,360910.8795,0.01880658596,0.00327765338,9.590281678e-09,5.73782025724758
2,2:69392663:C:A,69392663,A,C,0.102421,-0.0255986,0.00387794,4.08683e-11,361786.7701,-0.0257398658,0.003878992647,3.229467658e-11,6.635708840517428
2,2:69933585:C:T,69933585,T,C,0.507608,-0.0152844,0.00235644,8.8129e-11,360384.3647,-0.01546846764,0.002357052761,5.286654253e-11,6.562631051770504
2,2:71545183:T:A,71545183,A,T,0.0555162,-0.0310212,0.00513985,1.58694e-09,361085.3839,-0.03057933569,0.005142162943,2.734607849e-09,5.946784656372567
2,2:71741767:A:C,71741767,C,A,0.22951,0.0183099,0.00280163,6.35055e-11,360352.2223,0.01798717568,0.002803028648,1.38940076e-10,6.417050247714771
2,2:72669925:C:T,72669925,T,C,0.307145,0.0287621,0.00255548,2.21149e-29,359819.9266,0.02849557901,0.002556865477,7.597316151e-29,11.144731416779187
2,2:73295552:G:C,73295552,C,G,0.360428,-0.01428,0.00245674,6.15655e-09,359502.3117,-0.01365521167,0.002457569836,2.754142217e-08,5.556388050492007
2,2:75292688:A:C,75292688,C,A,0.013731,-0.0694543,0.0101171,6.65954e-12,360829.8839,-0.06924572299,0.01011904825,7.749409582e-12,6.84310631585337
2,2:75574718:G:T,75574718,T,G,0.171409,0.0211369,0.00312639,1.37435e-11,360291.1744,0.02168519674,0.003126931821,4.062904897e-12,6.9349758745507355
2,2:77507233:T:G,77507233,G,T,0.233379,-0.0177134,0.00278128,1.90722e-10,361400.0434,-0.01525264681,0.002798029732,5.002833652e-08,5.451209697867498
2,2:77535072:A:C,77535072,C,A,0.0429271,0.0431359,0.00580676,1.10031e-13,361042.3577,0.03943676729,0.005841621353,1.468327985e-11,6.750996839216053
2,2:78847840:A:T,78847840,T,A,0.266317,-0.0187489,0.00266816,2.11554e-12,359565.6025,-0.01894892006,0.002668539074,1.239837034e-12,7.100859134731186
2,2:79724245:A:T,79724245,T,A,0.0563334,0.040958,0.00510455,1.02808e-15,361070.4523,0.04183620726,0.005105509102,2.5200069429999996e-16,8.194326251149244
2,2:80073332:A:C,80073332,C,A,0.926489,-0.0498922,0.00451392,2.14317e-28,360347.3467,-0.05027011432,0.004515436242,8.671974152e-29,11.132947433166304
2,2:81350564:A:T,81350564,T,A,0.230652,0.0134321,0.00279428,1.53273e-06,361011.6012,0.01406535011,0.002796708704,4.923994186e-07,5.0292510227765215
2,2:81419743:T:A,81419743,A,T,0.0446877,-0.0354457,0.00569003,4.68587e-10,361876.0131,-0.03512250279,0.005697199465,7.054038636e-10,6.164871531314728
2,2:82096288:A:T,82096288,T,A,0.013108,0.0555012,0.0103691,8.67626e-08,359621.8527,0.05190609515,0.01037802869,5.68750298e-07,5.001537064550165
2,2:82996938:C:A,82996938,A,C,0.0992272,-0.0256509,0.00393455,7.06797e-11,361477.819,-0.02562370298,0.00394030451,7.874671928e-11,6.502975319539454
2,2:83951919:T:A,83951919,A,T,0.24619,-0.0191689,0.0027401,2.64417e-12,358958.7346,-0.01859347469,0.002742401953,1.201790842e-11,6.779996152518785
2,2:84571468:T:G,84571468,G,T,0.122245,-0.0239106,0.00359469,2.90228e-11,360735.005,-0.02424632294,0.003595637103,1.54869601e-11,6.743261971507139
2,2:86327699:G:C,86327699,C,G,0.0150365,-0.0706428,0.00967546,2.85732e-13,360740.2007,-0.0599639764,0.009709046142,6.570709943e-10,6.17609346201416
2,2:86369926:A:T,86369926,T,A,0.253973,-0.0325134,0.00270569,2.9465400000000002e-33,360492.9364,-0.03226484921,0.00271802715,1.680819231e-32,11.87068687301376
2,2:87418081:A:T,87418081,T,A,0.59293,0.0227227,0.00240101,2.98704e-21,359418.3042,0.02414556677,0.002403760899,9.673395334000001e-24,10.044912029330751
2,2:88080509:A:G,88080509,G,A,0.78248,-0.019818,0.00285262,3.72977e-12,361119.1555,-0.02011918787,0.002852892609,1.76102561e-12,7.052206524188867
2,2:91844650:T:A,91844650,A,T,0.136338,0.0284889,0.0036849,1.06757e-14,312805.1655,0.02815819682,0.003685293715,2.1605615320000003e-14,7.640692709346235
15,15:20730061:A:G,20730061,G,A,0.103298,-0.0224157,0.00386685,6.76152e-09,361132.8739,-0.02219416074,0.003867078389,9.509223634e-09,5.739258041195089
15,15:22811724:A:G,22811724,G,A,0.399735,0.0153141,0.00240392,1.88663e-10,360709.8984,0.01550116479,0.002404127746,1.135383559e-10,6.447729250573693
15,15:23377302:C:A,23377302,A,C,0.104079,0.0342338,0.0038562,6.86112e-19,360674.4031,0.03443490147,0.003856696011,4.314282711e-19,8.928601417323373
15,15:25111215:C:A,25111215,A,C,0.338585,-0.0121519,0.00248847,1.04366e-06,360683.9797,-0.01229658513,0.00248861571,7.76692745e-07,4.9411345755749485
15,15:26920258:T:A,26920258,A,T,0.465154,0.0151548,0.00236236,1.40892e-10,360242.4238,0.01513690419,0.002362547405,1.483848882e-10,6.407026651810188
15,15:27485329:T:G,27485329,G,T,0.0685161,0.0328416,0.00466418,1.9089e-12,360233.2359,0.03302362855,0.004664782172,1.448315266e-12,7.079350617531901
15,15:28320778:A:T,28320778,T,A,0.576689,0.0180859,0.00238286,3.20674e-14,360823.2625,0.02211929394,0.002474535005,3.935336135e-19,8.938767847416246
15,15:28364583:C:G,28364583,G,C,0.527344,0.00870138,0.00235712,0.000222938,361196.2072,0.01439269318,0.002447581935,4.09344539e-09,5.880372368412663
15,15:29199868:T:C,29199868,C,T,0.337415,-0.0169558,0.00249197,1.01799e-11,360258.907,-0.01695782543,0.002492232404,1.015619839e-11,6.804271304226249
15,15:29361558:G:C,29361558,C,G,0.191624,0.0178749,0.0029937,2.36266e-09,360279.2907,0.01754598854,0.002994469986,4.6436404e-09,5.8594638189838255
15,15:29784103:A:G,29784103,G,A,0.099556,0.0322911,0.00393433,2.26536e-16,360425.2931,0.03223065289,0.003935534614,2.61985909e-16,8.189650467142354
15,15:30234204:G:A,30234204,A,G,0.5487,0.0245094,0.00236497,3.66241e-25,361061.6841,0.0230910208,0.00238125884,3.1055283910000003e-22,9.69698061047408
15,15:30744467:G:T,30744467,T,G,0.355455,-0.0156775,0.00245779,1.78822e-10,361398.0679,-0.01341396365,0.002474377932,5.921822008e-08,5.421145847012023
15,15:31623668:A:T,31623668,T,A,0.0267044,-0.136405,0.00731849,1.70494e-77,358981.0485,-0.1360042167,0.007322406504,5.245556406e-77,18.573704782123908
15,15:32681617:A:T,32681617,T,A,0.757547,0.0217399,0.00274768,2.53806e-15,360676.0589,0.02218215589,0.002748806067,7.044684475999999e-16,8.069742044119259
15,15:32938091:G:A,32938091,A,G,0.569765,0.0127521,0.00237859,8.27273e-08,360650.7546,0.01296817454,0.002379452648,5.035106353e-08,5.450066237250039
15,15:34559978:C:T,34559978,T,C,0.446371,0.0199935,0.00237019,3.31238e-17,360242.7419,0.01991663326,0.002370496962,4.3938318499999995e-17,8.401880947021438
15,15:36650029:C:T,36650029,T,C,0.180498,-0.0212482,0.00306016,3.8312e-12,361071.7171,-0.02131382734,0.003060444242,3.300593983e-12,6.964291996403573
15,15:38299693:G:C,38299693,C,G,0.223641,-0.0180102,0.00282769,1.90226e-10,360276.2479,-0.01574635959,0.002833359794,2.736867097e-08,5.5574867771276075
15,15:38614980:T:C,38614980,C,T,0.219991,0.0128704,0.00284537,6.09091e-06,360043.8834,0.01746879643,0.002908168864,1.892176026e-09,6.0068026469318525
15,15:38655529:T:A,38655529,A,T,0.617482,-0.0293213,0.00242333,1.07776e-33,360482.7615,-0.03048542375,0.002472327958,6.194096251999999e-35,12.330655264142752
15,15:38717718:C:T,38717718,T,C,0.283723,0.0274972,0.00261209,6.5496e-26,360642.4869,0.02545727665,0.002624731801,3.044646975e-22,9.699001109485165
15,15:38836579:T:A,38836579,A,T,0.028379,-0.0458181,0.00709561,1.0676e-10,360278.5657,-0.04500523548,0.007098441275,2.295304384e-10,6.340157470697679
15,15:40356868:T:C,40356868,C,T,0.0824301,-0.0200742,0.00429813,3.00645e-06,357974.0995,-0.02566864733,0.00436656395,4.141146937e-09,5.8784544607436695
15,15:40858354:G:C,40858354,C,G,0.736071,-0.0166576,0.00270135,6.99438e-10,352814.8264,-0.01967774334,0.002744366719,7.487132005e-13,7.170231005851227
15,15:45974844:T:G,45974844,G,T,0.388504,0.0122443,0.00241416,3.94105e-07,361251.7814,0.01215727729,0.002414351853,4.768004955e-07,5.035420696819206
15,15:46992223:T:C,46992223,C,T,0.170161,-0.0226001,0.00313467,5.61813e-13,360464.0772,-0.02199801945,0.003136682395,2.330138901e-12,7.013148505269689
15,15:47618364:C:G,47618364,G,C,0.341229,0.019048,0.0024847,1.77705e-14,360381.921,0.01908560809,0.00248705454,1.6673941730000002e-14,7.673980519140526
15,15:48143611:T:G,48143611,G,T,0.727011,0.0134213,0.0026419,3.77276e-07,361087.3033,0.01406161177,0.00264294984,1.035261194e-07,5.32042324723045
15,15:50585896:A:T,50585896,T,A,0.303844,-0.0276089,0.00256323,4.75473e-27,359823.6827,-0.02656758083,0.002564835937,3.833448697e-25,10.358393863225102
15,15:51455717:G:A,51455717,A,G,0.404934,-0.0361628,0.00240613,4.88287e-51,358344.6421,-0.03643591714,0.002413875467,1.7637796430000002e-51,15.094364907433727
15,15:52243152:C:A,52243152,A,C,0.637437,0.0104259,0.00245051,2.09488e-05,360418.1218,0.01296275152,0.002456998596,1.3214347e-07,5.275848159255521
15,15:53722285:A:C,53722285,C,A,0.0625669,0.0279247,0.00486525,9.49589e-09,360269.2411,0.02763694402,0.00486587545,1.348937111e-08,5.679747520048011
15,15:54148579:A:C,54148579,C,A,0.380951,0.0162438,0.00242651,2.16981e-11,360205.0493,0.01629516367,0.002426875554,1.887613662e-11,6.714461993381635
15,15:56059977:T:C,56059977,C,T,0.630885,0.031229,0.00244071,1.78041e-37,360429.7763,0.0321231213,0.002442117202,1.618323447e-39,13.15380001979119
15,15:56557976:A:T,56557976,T,A,0.410951,-0.0266105,0.00239203,9.619920000000001e-29,361026.0828,-0.023514039,0.002592055407,1.173030611e-19,9.071580390025204
15,15:56571608:A:C,56571608,C,A,0.0408849,-0.0869781,0.00594686,1.98302e-48,360491.8128,-0.06975408728,0.006229994861,4.242005341e-29,11.196491945228269
15,15:56913908:T:A,56913908,A,T,0.187129,0.0137781,0.00301945,5.04182e-06,360677.1716,0.01904847451,0.003183477389,2.183350804e-09,5.983543208385577
15,15:57722719:T:A,57722719,A,T,0.30163,0.0150575,0.00256439,4.31556e-09,361070.8353,0.01507880501,0.002564661887,4.116283465e-09,5.8794514342934905
15,15:58120355:C:T,58120355,T,C,0.27824,-0.0994637,0.00262198,2.91145e-314,360879.8844,-0.0993502179,0.002627315061,6.601702193e-313,37.81435252085284
15,15:61079303:C:T,61079303,T,C,0.753338,-0.0168226,0.00273208,7.40092e-10,360609.8058,-0.01682358125,0.002732313873,7.401183443e-10,6.157265245492534
15,15:63509603:G:C,63509603,C,G,0.0778587,0.0384813,0.00439883,2.1792300000000003e-18,359990.3402,0.03859919988,0.004399476774,1.730604488e-18,8.773588738577574
15,15:65666660:C:G,65666660,G,C,0.0125531,-0.0579207,0.0105929,4.5569e-08,359609.8278,-0.05593139816,0.01059364754,1.293877542e-07,5.279711067298733
15,15:67206689:G:A,67206689,A,G,0.0235426,0.0544426,0.00777106,2.45969e-12,360275.4994,0.04581585691,0.007861721232,5.619202594e-09,5.827713239629151
15,15:67445108:T:C,67445108,C,T,0.451028,0.0192612,0.00237101,4.53836e-16,359303.8855,0.01815370073,0.002405741829,4.488688621e-14,7.5459887304474345
15,15:68040475:A:G,68040475,G,A,0.0175823,0.0477242,0.00894878,9.66412e-08,361600.0235,0.05559322097,0.008999838988,6.527523015e-10,6.177135062541187
15,15:68055479:G:A,68055479,A,G,0.170223,0.015501,0.00313366,7.55457e-07,360619.5691,0.01860284271,0.003143713492,3.269236092e-09,5.917473954716227
15,15:68365759:T:C,68365759,C,T,0.199846,-0.0302286,0.00294491,1.02445e-24,360597.0458,-0.03021415446,0.002948477484,1.216011017e-24,10.247375000812454
15,15:68639070:C:G,68639070,G,C,0.348019,-0.027167,0.00247578,5.20162e-28,359546.2215,-0.02662879987,0.002476619337,5.7942459329999994e-27,10.752076216224745
15,15:69358659:T:A,69358659,A,T,0.348275,-0.0248158,0.00247172,1.02534e-23,360624.7578,-0.02448134547,0.00247242231,4.0899101729999997e-23,9.901765313709696
15,15:70228760:C:A,70228760,A,C,0.505099,0.0152081,0.00235349,1.03504e-10,361237.1296,0.01772764581,0.002389217472,1.172491432e-13,7.419854415831093
15,15:70327372:C:A,70327372,A,C,0.816124,0.0120556,0.00304207,7.40356e-05,360183.3226,0.01564924922,0.003087297584,4.000897155e-07,5.068915060570332
15,15:70387491:T:A,70387491,A,T,0.47911,0.0167904,0.00235763,1.0679e-12,360552.4878,0.01683859357,0.002359442184,9.560921283e-13,7.136684121436391
15,15:70853018:G:T,70853018,T,G,0.120834,-0.0285662,0.00361187,2.60275e-15,360879.8295,-0.02807055976,0.003613317302,7.93335608e-15,7.768639566877428
15,15:71807754:A:T,71807754,T,A,0.136732,0.0211146,0.00342503,7.06464e-10,361220.0737,0.0212288096,0.003425700346,5.757676123e-10,6.196925433010421
15,15:73941695:C:T,73941695,T,C,0.324367,0.0161784,0.00251347,1.22272e-10,361257.9408,0.01712638983,0.002515061393,9.791708001e-12,6.809531519853441
15,15:75441757:A:G,75441757,G,A,0.0662505,0.0815377,0.00473477,1.9627699999999998e-66,360402.3381,0.08239742574,0.004739566025,1.0715956569999999e-67,17.38501485270479
15,15:76125620:C:G,76125620,G,C,0.503439,0.0176572,0.002522,2.54078e-12,314546.6132,0.0178347217,0.002531416834,1.849937488e-12,7.045351623034992
15,15:76973093:G:C,76973093,C,G,0.189439,-0.0266387,0.00301692,1.0536600000000001e-18,357836.6751,-0.02441272109,0.003021621004,6.511511843999999e-16,8.079345840422281
15,15:77474933:T:G,77474933,G,T,0.0180471,0.0474847,0.00888238,8.99987e-08,357742.6131,0.05127111706,0.008914270612,8.841460472e-09,5.751577363040906
15,15:78611819:G:T,78611819,T,G,0.232461,-0.0143615,0.00278837,2.59911e-07,360561.0671,-0.01747627129,0.002803031517,4.524274103e-10,6.23477516539105
15,15:78723605:G:T,78723605,T,G,0.0703391,-0.042307,0.00460322,3.92089e-20,360923.9253,-0.04557432135,0.004628154927,7.048703983e-23,9.84719009385919
15,15:79025053:A:C,79025053,C,A,0.22911,-0.0229032,0.00280138,2.95145e-16,360828.7958,-0.02323367806,0.002802331944,1.1245406979999999e-16,8.290837247080962
15,15:80749354:A:T,80749354,T,A,0.202071,0.0166419,0.00293484,1.4252e-08,360152.3631,0.01720869947,0.002935282038,4.553805042e-09,5.86270731303402
15,15:80888041:T:C,80888041,C,T,0.154839,-0.0157851,0.00325564,1.24417e-06,360612.9095,-0.01650711319,0.003256102636,3.986685489e-07,5.069592403966224
15,15:81445364:T:C,81445364,C,T,0.0930436,0.0327772,0.00404795,5.64029e-16,361693.098,0.02633765119,0.004132166181,1.843863661e-10,6.373812193493676
15,15:81464594:T:G,81464594,G,T,0.27921,-0.0232046,0.00262645,1.0054e-18,360238.4372,-0.01915358368,0.002681071372,9.065099072e-13,7.144003654670331
15,15:81799475:G:A,81799475,A,G,0.12406,0.0282018,0.00357408,3.01458e-15,360290.1759,0.02740626342,0.003576066399,1.8050865830000003e-14,7.663801608287756
15,15:85192088:T:A,85192088,A,T,0.102937,-0.0261179,0.00387951,1.67293e-11,359881.2717,-0.02752262715,0.003883095188,1.362543393e-12,7.087806457862191
15,15:85210335:A:G,85210335,G,A,0.0136338,-0.0626273,0.0101752,7.52006e-10,359232.2658,-0.06568700291,0.01018423276,1.119442827e-10,6.449872509590993
15,15:86870217:G:A,86870217,A,G,0.570736,0.0123934,0.00237962,1.90835e-07,360540.8764,0.01229691522,0.002379753511,2.37491931e-07,5.167306262249275
15,15:89058785:A:T,89058785,T,A,0.142404,-0.018119,0.00336817,7.47429e-08,361022.5957,-0.0201479543,0.003369862969,2.246982688e-09,5.978864566703394
15,15:89189865:G:C,89189865,C,G,0.127835,0.0652749,0.00352142,1.1376700000000001e-76,361464.3019,0.06574055808,0.003524687729,1.228847796e-77,18.651455996827117
15,15:91545324:A:T,91545324,T,A,0.0192652,-0.0466853,0.00857511,5.20483e-08,360016.0633,-0.04540336745,0.00857579922,1.194340155e-07,5.294359894074106
15,15:92117871:C:A,92117871,A,C,0.189155,0.0492123,0.00300562,3.1145e-60,360757.7818,0.04928194554,0.003007076091,2.3047188269999998e-60,16.388659298478654
15,15:92367838:T:G,92367838,G,T,0.0157607,0.0652011,0.0094453,5.09934e-12,361407.4992,0.06648773202,0.00944678972,1.948371837e-12,7.038129776429489
15,15:93525163:T:G,93525163,G,T,0.264731,-0.0310825,0.00267321,3.02958e-31,359485.7099,-0.03130971552,0.002674058514,1.1504670700000002e-31,11.708687508548664
15,15:93686353:G:C,93686353,C,G,0.0178237,-0.0536014,0.00889099,1.65405e-09,361435.5843,-0.05595642338,0.008892986409,3.130036689e-10,6.292197109777456
15,15:94059510:C:A,94059510,A,C,0.288313,0.0140951,0.00260149,6.02765e-08,360187.9388,0.01436092963,0.002602140539,3.411459811e-08,5.518890857262802
15,15:94170072:T:G,94170072,G,T,0.0315811,0.036536,0.00673605,5.83317e-08,360433.8564,0.03669922178,0.006736918927,5.108885552e-08,5.447478614135918
15,15:95698623:T:G,95698623,G,T,0.0650961,0.0256534,0.00477256,7.65507e-08,360829.9915,0.02413525962,0.004779913381,4.434110334e-07,5.049308992907041
15,15:95778231:T:G,95778231,G,T,0.0428661,-0.0352741,0.00581653,1.32523e-09,360332.3041,-0.03379564014,0.005825498498,6.579091275e-09,5.801330161118857
15,15:96963265:G:A,96963265,A,G,0.639284,-0.0261292,0.00245395,1.80168e-26,360109.6574,-0.02616014703,0.00245439867,1.591860645e-26,10.658475067540678
15,15:97607073:A:T,97607073,T,A,0.0764658,-0.0220744,0.00442858,6.21394e-07,361146.2016,-0.02181333086,0.00442881326,8.422159858e-07,4.925321881826194
15,15:98436105:T:C,98436105,C,T,0.392637,-0.0270547,0.00241139,3.30637e-29,360608.616,-0.02628420074,0.002421055349,1.85720781e-27,10.856505511473129
15,15:98545194:T:A,98545194,A,T,0.00913316,-0.0754783,0.0123635,1.02964e-09,361574.7914,-0.06426814687,0.01241122145,2.240021637e-07,5.178229002593455
15,15:100632501:G:A,100632501,A,G,0.795028,0.0157969,0.00291853,6.21501e-08,360347.5266,0.01566402759,0.002918740197,8.018653042e-08,5.3667084196463
15,15:100937436:T:G,100937436,G,T,0.397012,-0.0308903,0.00240657,1.05312e-37,360623.8674,-0.03061123014,0.00240719997,4.786494316e-37,12.716529794572903
15,15:101272012:C:G,101272012,G,C,0.335672,-0.0158029,0.00249431,2.36731e-10,360508.2908,-0.0154523763,0.002494519,5.845868256e-10,6.194531410664741
15,15:101921442:C:A,101921442,A,C,0.127202,0.0194178,0.0035353,3.96481e-08,360467.0437,0.01989889216,0.003535541492,1.820528522e-08,5.628244557453493
22,22:16560988:A:C,16560988,C,A,0.0975221,0.0247046,0.00396515,4.65658e-10,361772.8933,0.0248857375,0.003965438376,3.48157343e-10,6.275658613336626
22,22:17966215:G:A,17966215,A,G,0.0153362,-0.108328,0.00961951,2.0612600000000002e-29,358159.2002,-0.1078059796,0.009621395827,3.861509364e-29,11.204817007680939
22,22:18286776:A:T,18286776,T,A,0.253525,0.0270275,0.00271356,2.2927300000000002e-23,359175.4453,0.02685410533,0.002713966198,4.3856253759999997e-23,9.89478253258628
22,22:18872788:C:A,18872788,A,C,0.0138641,-0.0723169,0.0100819,7.35266e-13,360218.6867,-0.07235736934,0.01008276745,7.160225562e-13,7.176340196163109
22,22:22157542:T:G,22157542,G,T,0.37975,-0.0133377,0.00242834,3.96469e-08,360430.5514,-0.01348774446,0.002428485191,2.792464744e-08,5.553974349930471
22,22:22419255:A:T,22419255,T,A,0.0358029,0.0463192,0.00634766,2.94746e-13,359886.7841,0.04616503365,0.006348426681,3.545033185e-13,7.2718857710314
22,22:22980271:C:A,22980271,A,C,0.496344,-0.0189751,0.00235303,7.39738e-16,361652.675,-0.01926422746,0.00235336626,2.704606169e-16,8.185817816560352
22,22:24029276:G:A,24029276,A,G,0.139452,-0.0280848,0.00339946,1.44265e-16,360943.855,-0.02264789909,0.003482026811,7.809295819e-11,6.504228806755159
22,22:24030523:T:C,24030523,C,T,0.225089,0.0246459,0.0028241,2.62646e-18,359818.3733,0.02031572689,0.002892697562,2.169866215e-12,7.023107827405844
22,22:25287859:C:A,25287859,A,C,0.372009,0.0136016,0.00243767,2.41065e-08,360617.9186,0.01385935889,0.002437869422,1.307902962e-08,5.6850292164663765
22,22:27017475:G:C,27017475,C,G,0.445362,0.0176617,0.0023716,9.55816e-14,360303.9146,0.01751201036,0.002371856825,1.544723335e-13,7.3832493493784135
22,22:28520198:G:A,28520198,A,G,0.280969,0.0155815,0.00262606,2.96996e-09,359321.8547,0.01554197639,0.002626548644,3.273451019e-09,5.917261964861596
22,22:29224560:C:G,29224560,G,C,0.249631,-0.0194563,0.00272079,8.63273e-13,361007.7513,-0.01923782091,0.002721618921,1.565934855e-12,7.068521151716376
22,22:29427524:T:G,29427524,G,T,0.154771,-0.0166035,0.00326366,3.63248e-07,359282.7879,-0.01715431744,0.003265009322,1.488411668e-07,5.253987277896048
22,22:30359586:T:A,30359586,A,T,0.268781,0.0138154,0.00265871,2.03404e-07,360347.0539,0.01446696467,0.002660188704,5.378448927e-08,5.438322720582456
22,22:32220144:A:T,32220144,T,A,0.0135659,-0.0707393,0.0101925,3.91892e-12,360085.1978,-0.07127304493,0.01019360162,2.711119641e-12,6.991939413265005
22,22:33124180:A:C,33124180,C,A,0.433859,-0.0158835,0.00238738,2.87388e-11,357578.5171,-0.01565920273,0.002387592236,5.432438584e-11,6.5585749919484995
22,22:34152829:C:G,34152829,G,C,0.500891,0.0125086,0.00235354,1.06844e-07,361514.5276,0.01260544534,0.002355669905,8.741706754e-08,5.351108537424729
22,22:34661870:A:T,34661870,T,A,0.32477,0.0242419,0.00251572,5.66003e-22,360642.9464,0.02089004595,0.002553666251,2.8287141819999996e-16,8.180413529692688
22,22:34826471:G:A,34826471,A,G,0.0187436,0.0888836,0.00869762,1.6377400000000002e-24,359731.989,0.06945605782,0.008911392572,6.488224777e-15,7.794074524136001
22,22:34923195:G:T,34923195,T,G,0.375053,0.0156349,0.00243275,1.3044e-10,360878.4827,0.01335232256,0.002456419986,5.458665342e-08,5.43568389611694
22,22:35852314:C:A,35852314,A,C,0.0546006,0.0262748,0.00518503,4.03419e-07,360740.8203,0.02609603246,0.005185423561,4.839354318e-07,5.032574900201099
22,22:37525509:A:C,37525509,C,A,0.0971295,-0.0245865,0.00398346,6.74428e-10,359747.6497,-0.02566683926,0.003984297545,1.179103578e-10,6.441998613333984
22,22:37687579:G:C,37687579,C,G,0.302371,0.0378621,0.00256724,3.2684699999999997e-49,359899.7084,0.03788982143,0.002568498314,2.9982978740000003e-49,14.751740822049845
22,22:38495104:G:C,38495104,C,G,0.805422,-0.0267555,0.00297641,2.5024300000000002e-19,360530.015,-0.0240564994,0.003013440951,1.427419942e-15,7.98306646493834
22,22:38789131:C:A,38789131,A,C,0.119963,-0.0251331,0.00361858,3.77544e-12,362125.43,-0.02044729412,0.003663238846,2.381064828e-08,5.581752918548299
22,22:39281015:C:A,39281015,A,C,0.0176129,-0.0452656,0.00896473,4.43652e-07,360016.8157,-0.04430710215,0.008965717545,7.739046117e-07,4.941835600733282
22,22:40611548:C:A,40611548,A,C,0.898588,0.0278091,0.00390036,1.0064e-12,361094.6045,0.0303516802,0.003919575691,9.663026212e-15,7.743613746174752
22,22:41914525:A:C,41914525,C,A,0.53584,-0.0130231,0.00240452,6.0957e-08,348133.0929,-0.01502425534,0.002416216736,5.032399697e-10,6.218090917155206
22,22:43272580:A:T,43272580,T,A,0.139879,-0.0205606,0.00339801,1.44287e-09,360359.513,-0.02013644693,0.003398384194,3.117271739e-09,5.92530031347009
22,22:43964833:T:C,43964833,C,T,0.0475554,0.0287036,0.00552882,2.08565e-07,361580.2052,0.02845932184,0.005529336469,2.647294514e-07,5.146968718499233
22,22:44983923:T:G,44983923,G,T,0.113366,-0.0189762,0.00376489,4.64985e-07,351381.0468,-0.01945649303,0.003765932935,2.385857773e-07,5.16644703074087
22,22:45069282:A:G,45069282,G,A,0.0236424,-0.043408,0.0077503,2.13509e-08,361049.0904,-0.04399508499,0.007752603245,1.387867573e-08,5.674878953514666
22,22:47287145:A:G,47287145,G,A,0.703303,0.026216,0.00258034,3.0164700000000004e-24,360252.9721,0.02600817558,0.002580911715,6.973522733e-24,10.077127175192818
22,22:47705740:C:A,47705740,A,C,0.585004,-0.0123932,0.00239249,2.21964e-07,360251.778,-0.01201794643,0.002392779743,5.097986986e-07,5.022587835406964
22,22:48627773:T:C,48627773,C,T,0.160269,0.0320166,0.00321343,2.2200500000000002e-23,360159.1075,0.03213722169,0.003213931559,1.5340295100000002e-23,9.999348492660294
22,22:49886542:C:T,49886542,T,C,0.0535087,-0.0283439,0.00523602,6.19328e-08,360547.5692,-0.03469186416,0.005272054607,4.694022239e-11,6.580330961279818
22,22:49903442:T:A,49903442,A,T,0.158193,-0.0260936,0.00323466,7.23408e-16,359257.4319,-0.02750134911,0.003255011955,2.939993961e-17,8.448924148421446
22,22:50078076:C:G,50078076,G,C,0.0366284,0.034089,0.00626066,5.18527e-08,361954.421,0.03407534876,0.006275494464,5.638355508e-08,5.429906592297489
16,16:46416426:A:G,46416426,G,A,0.0909667,-0.0302634,0.004117,1.97393e-13,357049.4692,-0.0343734653,0.004136457327,9.579864749e-17,8.30988031125892
16,16:46964371:A:C,46964371,C,A,0.173746,0.0170192,0.00315348,6.78207e-08,350568.9655,0.01600230948,0.003158180334,4.042621615e-07,5.066939752529027
16,16:47430123:A:T,47430123,T,A,0.260404,-0.0223266,0.00268972,1.03847e-16,359152.1018,-0.02353664713,0.002705848393,3.364916159e-18,8.698435282216494
16,16:49195735:C:T,49195735,T,C,0.0878507,-0.0194029,0.00415754,3.05855e-06,361333.193,-0.02155151812,0.00417330556,2.415518331e-07,5.164136153021109
16,16:49467386:A:T,49467386,T,A,0.355579,0.0117081,0.0024665,2.06683e-06,359023.4267,0.01319054144,0.002475658903,9.92491792e-08,5.328093229651194
16,16:49923690:C:A,49923690,A,C,0.381394,-0.0129633,0.00244652,1.16722e-07,354403.6277,-0.01297757079,0.002446760101,1.133036796e-07,5.303981695915352
16,16:50260445:C:T,50260445,T,C,0.0927134,-0.0230669,0.0041049,1.91814e-08,353091.3568,-0.02360653319,0.004105900471,8.955180227e-09,5.749416810449519
16,16:50950980:C:T,50950980,T,C,0.0352035,0.0369174,0.00640113,8.06065e-09,359619.3442,0.03732160632,0.006402651062,5.573163973e-09,5.829086414142616
16,16:52229475:G:T,52229475,T,G,0.211139,-0.0160401,0.00288792,2.79066e-08,360281.2158,-0.01619227479,0.00288823156,2.067049288e-08,5.60629383538763
16,16:53066364:C:G,53066364,G,C,0.193672,0.0149844,0.00298304,5.08456e-07,360156.2122,0.01489367533,0.002983339624,5.966977431e-07,4.992282879959496
16,16:53901870:C:T,53901870,T,C,0.0793071,0.0317178,0.00435637,3.32568e-13,361141.952,0.03171564921,0.004356866557,3.351513904e-13,7.279463071698572
16,16:54835082:G:T,54835082,T,G,0.277767,-0.0148383,0.00262894,1.66061e-08,360961.1092,-0.01490086114,0.002629261897,1.450506809e-08,5.66731718776359
16,16:55001912:T:A,55001912,A,T,0.191451,0.0233153,0.00299763,7.39186e-15,359770.0542,0.02359589789,0.002998185112,3.544701061e-15,7.870060389386658
16,16:55893617:C:G,55893617,G,C,0.284327,-0.0310158,0.00261104,1.54842e-32,360652.0434,-0.02631649896,0.002643442216,2.388837047e-23,9.955390286465787
16,16:55910539:C:T,55910539,T,C,0.469013,-0.0281628,0.00236139,8.74983e-33,360281.8917,-0.02610199289,0.002379742456,5.421691655e-28,10.968410814451596
16,16:56059980:T:G,56059980,G,T,0.16519,0.0200704,0.0031722,2.5034e-10,360642.8662,0.01824346236,0.003193911412,1.116888931e-08,5.711950021987648
16,16:57051214:G:C,57051214,C,G,0.622016,-0.015876,0.00243289,6.78324e-11,359622.3945,-0.01557679368,0.002433312566,1.538813049e-10,6.401476693808353
16,16:57537272:A:G,57537272,G,A,0.735931,0.0146911,0.00267124,3.80635e-08,360912.0091,0.0149319775,0.002671549773,2.280436174e-08,5.589256711931752
16,16:58830690:A:C,58830690,C,A,0.125846,0.0156182,0.00354745,1.06964e-05,361522.0973,0.01962596674,0.003571941953,3.918613937e-08,5.494480872937075
16,16:58864754:A:C,58864754,C,A,0.232121,-0.0244437,0.00278955,1.91641e-18,360786.3721,-0.02610404756,0.002808964838,1.4983043050000002e-20,9.29312008710876
16,16:59501919:G:A,59501919,A,G,0.664608,0.0131826,0.00249818,1.31472e-07,359764.8575,0.01329458311,0.002498486507,1.031674345e-07,5.3210545955531945
16,16:60713900:G:A,60713900,A,G,0.15764,0.0172537,0.00322956,9.17687e-08,361354.0159,0.01681394439,0.003230679302,1.945604912e-07,5.204460987381532
16,16:61735287:C:A,61735287,A,C,0.848303,0.0162921,0.00328982,7.33856e-07,359348.7709,0.01641683623,0.003290330886,6.056146677e-07,4.989418024749988
16,16:61746516:C:G,61746516,G,C,0.131637,0.0228345,0.00348939,5.99853e-11,359573.7999,0.02242853689,0.003490926379,1.3203478e-10,6.424809478916829
16,16:65408482:T:A,65408482,A,T,0.22329,0.0212362,0.00282992,6.1969e-14,360307.8378,0.02117354973,0.002830296125,7.373847271e-14,7.481036893268545
16,16:66923145:C:T,66923145,T,C,0.161494,-0.0671363,0.00338453,1.61499e-87,322276.7597,-0.06791297304,0.003389599343,2.69066026e-89,20.035693357166195
16,16:68754250:G:A,68754250,A,G,0.267707,-0.0174462,0.00306556,1.26375e-08,271645.4483,-0.02178753418,0.003084530792,1.623787985e-12,7.0634840918132085
16,16:69084264:G:T,69084264,T,G,0.193074,0.0153948,0.00307758,5.66929e-07,339164.1165,0.02003051827,0.003173301986,2.75095558e-10,6.312200464491185
16,16:69352884:C:G,69352884,G,C,0.0379839,-0.0242649,0.00620934,9.31527e-05,355243.9089,-0.03540659902,0.006366852361,2.68104533e-08,5.561083721193578
16,16:69946751:C:A,69946751,A,C,0.915329,-0.0253138,0.00439543,8.46253e-09,334241.5376,-0.02470692684,0.004401382068,1.983348812e-08,5.613447425896133
16,16:72290518:G:C,72290518,C,G,0.408895,-0.0176953,0.0024726,8.28694e-13,338663.4342,-0.01790473344,0.002472890259,4.47338254e-13,7.240407605972943
16,16:73102681:C:G,73102681,G,C,0.682344,-0.0197239,0.00253085,6.54111e-15,360455.4884,-0.02008119824,0.002531189231,2.1304881400000004e-15,7.933503348568885
16,16:76526180:A:C,76526180,C,A,0.0311191,0.0490176,0.0067845,5.02281e-13,360596.9811,0.04983269797,0.006785360798,2.070729702e-13,7.344148594823181
16,16:77236880:A:C,77236880,C,A,0.0243819,-0.0571025,0.00763294,7.38908e-14,361093.4964,-0.05673320666,0.007633810725,1.071029497e-13,7.431833025962273
16,16:78777322:A:C,78777322,C,A,0.140587,-0.0238956,0.00338981,1.80206e-12,360462.7616,-0.02349539904,0.003390232064,4.198845038e-12,6.930321758646431
16,16:79069592:G:A,79069592,A,G,0.166332,-0.0167027,0.00316162,1.27192e-07,361073.9986,-0.01659017883,0.003161880363,1.546509375e-07,5.246934395158202
16,16:79864092:A:T,79864092,T,A,0.242246,0.0200219,0.00274668,3.11752e-13,361370.9409,0.02043092207,0.00274749525,1.036235174e-13,7.436199232737527
16,16:80216480:G:T,80216480,T,G,0.310555,-0.0187304,0.00254656,1.91062e-13,360418.3599,-0.01890554485,0.002547374443,1.157307555e-13,7.421580640392725
16,16:81104117:G:A,81104117,A,G,0.15222,0.0326688,0.00328028,2.31665e-23,360347.7616,0.03262179305,0.00328080998,2.699753931e-23,9.943213184812368
16,16:81589161:G:A,81589161,A,G,0.56281,0.014416,0.00237532,1.28795e-09,360493.4837,0.01453902622,0.002375473582,9.32969307e-10,6.120474809809945
16,16:82791719:G:A,82791719,A,G,0.5808,0.0279513,0.00239027,1.38975e-31,359675.7715,0.02906695443,0.002392080445,5.644118013e-34,12.151328142310867
16,16:82894679:C:A,82894679,A,C,0.632763,0.0296347,0.00244043,6.3258e-34,361510.3499,0.03073850893,0.002442305769,2.525894594e-36,12.58585608737511
16,16:83376305:C:G,83376305,G,C,0.42634,-0.0118381,0.00238083,6.62072e-07,361011.3883,-0.01188490043,0.002380996344,5.989170602e-07,4.991566013929167
16,16:84057704:A:G,84057704,G,A,0.029758,-0.0287192,0.00693613,3.46589e-05,360312.3478,-0.0350905376,0.007014857058,5.664539143e-07,5.0023168412222265
16,16:84157269:G:A,84157269,A,G,0.183841,0.0152378,0.00304412,5.57025e-07,359954.1241,0.01753593793,0.003078704087,1.227351062e-08,5.695882889182652
16,16:85266862:G:C,85266862,C,G,0.638583,0.0239247,0.00244972,1.58046e-22,361280.5631,0.02371121432,0.002450115042,3.754538775e-22,9.67759224099323
16,16:85833122:T:G,85833122,G,T,0.433025,0.0286023,0.00237778,2.53926e-33,360432.1589,0.02869909265,0.002378306607,1.577281705e-33,12.067028097021135
16,16:89412818:A:C,89412818,C,A,0.207342,0.0149634,0.00290672,2.63601e-07,360418.1123,0.0149818924,0.002906902734,2.551210279e-07,5.153902201393712
11,11:536597:A:T,536597,T,A,0.0410833,0.0310261,0.00593657,1.7307e-07,360348.8264,0.03340829378,0.005956617046,2.039675748e-08,5.608601916491242
11,11:621360:T:C,621360,C,T,0.52234,0.0105011,0.00235696,8.37761e-06,360971.5312,0.01160931258,0.002364905653,9.154380687e-07,4.908996079937908
11,11:7607810:G:C,7607810,C,G,0.0661214,0.0509607,0.00473499,5.21909e-27,361296.3755,0.0507820063,0.004735850991,7.948088722e-27,10.722889380706025
11,11:9188441:A:C,9188441,C,A,0.0122576,0.0589269,0.0106956,3.60227e-08,361224.7309,0.05944240111,0.01069701721,2.745864876e-08,5.556913665094497
11,11:9877578:T:C,9877578,C,T,0.0446627,-0.0470224,0.005699,1.57605e-16,360987.7777,-0.04313559557,0.005738354694,5.601879811000001e-14,7.517066802284355
11,11:9952166:A:C,9952166,C,A,0.338489,0.0176308,0.00249219,1.50355e-12,359723.7188,0.01567483856,0.002509355679,4.195932911e-10,6.246559103270111
11,11:11210416:G:C,11210416,C,G,0.22345,0.0148491,0.00283319,1.59699e-07,359202.2335,0.01479092012,0.002833382882,1.786977245e-07,5.2202334580208705
11,11:11827576:A:G,11827576,G,A,0.710609,-0.0167122,0.00259989,1.29414e-10,359913.2976,-0.01650878465,0.002600080918,2.162477328e-10,6.3493349517362985
11,11:12232287:C:G,12232287,G,C,0.18089,0.0199889,0.00305984,6.46945e-11,360634.9446,0.01964904033,0.003060168844,1.354703625e-10,6.420900718770928
11,11:13070306:C:G,13070306,G,C,0.32965,0.017276,0.00251109,5.99971e-12,359035.111,0.01747609385,0.002512246574,3.491746722e-12,6.956360904564617
11,11:13255291:T:C,13255291,C,T,0.176215,-0.0149664,0.00308753,1.25158e-06,361548.0842,-0.01537653595,0.003091304412,6.554285602e-07,4.974125450185525
11,11:13786270:C:G,13786270,G,C,0.0530814,-0.0294249,0.00525136,2.10472e-08,360941.6848,-0.02956828463,0.005255896687,1.847191946e-08,5.625735510200298
11,11:14597368:G:A,14597368,A,G,0.0141791,0.0578863,0.00997042,6.41093e-09,360046.9781,0.05085440286,0.00999937976,3.661650878e-07,5.085755724913082
11,11:14691831:G:T,14691831,T,G,0.164912,-0.0186148,0.00317538,4.57098e-09,360293.216,-0.01645465604,0.003189478462,2.482155081e-07,5.159042845419284
11,11:15083887:A:T,15083887,T,A,0.249026,-0.0180118,0.00272122,3.62104e-11,361263.303,-0.01642704588,0.002734058646,1.874781404e-09,6.008300481788568
11,11:15657849:G:T,15657849,T,G,0.204513,0.0163061,0.0029133,2.18079e-08,362335.9624,0.01723077706,0.002915591184,3.423691288e-09,5.909874180769234
11,11:17368369:C:A,17368369,A,C,0.1265,-0.0229889,0.00354681,9.08879e-11,359909.6128,-0.02287969579,0.00354710889,1.116747942e-10,6.450237785059934
11,11:21555175:A:T,21555175,T,A,0.6888,0.0148647,0.00254577,5.25636e-09,360131.6172,0.01511042659,0.002545965878,2.937617249e-09,5.935046781487148
11,11:24065078:C:T,24065078,T,C,0.231488,-0.0237846,0.00279118,1.58309e-17,360936.8543,-0.02349401958,0.002791556868,3.892276702e-17,8.416099220229103
11,11:24882157:T:G,24882157,G,T,0.477125,-0.0157511,0.00236167,2.57092e-11,359543.3152,-0.01560259504,0.00236186385,3.947047095e-11,6.606051843335508
11,11:28138255:T:G,28138255,G,T,0.214516,-0.0198361,0.0028708,4.86763e-12,360257.4412,-0.0154135314,0.002975759783,2.222476434e-07,5.1796961193087
11,11:28149867:C:A,28149867,A,C,0.199979,0.0210276,0.00294408,9.19468e-13,360767.1773,0.01788640443,0.003051796746,4.602480872e-09,5.860942231308087
11,11:29432080:T:C,29432080,C,T,0.0876842,-0.0224485,0.00416487,7.05176e-08,360552.8937,-0.02297967063,0.004168551899,3.535174634e-08,5.512626731482611
11,11:29888960:C:G,29888960,G,C,0.173873,0.0225962,0.00310922,3.66992e-13,360269.8229,0.0220306099,0.003112423727,1.459534892e-12,7.07828105437136
11,11:30196097:G:C,30196097,C,G,0.306172,0.0156852,0.00256289,9.35838e-10,358550.9127,0.01404178565,0.002567135704,4.504775875e-08,5.469826011971511
11,11:30535669:T:A,30535669,A,T,0.420155,0.0168221,0.00238767,1.85249e-12,360199.8409,0.01696559668,0.002390107715,1.263409032e-12,7.0982561051647
11,11:31240699:A:G,31240699,G,A,0.384667,0.0203547,0.00275551,1.5059e-13,278348.9097,0.02009989899,0.002756658305,3.067500197e-13,7.291400226695851
11,11:32743627:G:A,32743627,A,G,0.149893,0.0353987,0.00329764,7.07171e-27,360971.8811,0.03548288403,0.003298385225,5.45415015e-27,10.757653096751305
11,11:33398178:A:C,33398178,C,A,0.129857,0.0190128,0.00350676,5.90547e-08,360055.8573,0.01881474157,0.003507104063,8.106076839e-08,5.3647514393701075
11,11:35433605:T:A,35433605,A,T,0.610006,-0.0114717,0.00241919,2.11763e-06,359347.1936,-0.01185748922,0.002419561458,9.550695975e-07,4.900677013511925
11,11:35790396:A:C,35790396,C,A,0.270245,0.0226756,0.00265229,1.24156e-17,360585.8083,0.02305479477,0.00265285411,3.606489544e-18,8.690562622005626
11,11:36305946:A:C,36305946,C,A,0.5899,-0.0146149,0.0023974,1.08767e-09,359815.1123,-0.01440940115,0.002397696531,1.858840072e-09,6.009685113899846
11,11:36962567:A:G,36962567,G,A,0.681852,-0.0151409,0.00252502,2.01964e-09,361727.2993,-0.015081627,0.002525896469,2.360905184e-09,5.9708017272658855
11,11:37538900:T:A,37538900,A,T,0.0534005,-0.0387899,0.00524699,1.44095e-13,359480.4956,-0.03810636082,0.005251279802,3.969838648e-13,7.256585490928674
11,11:37983761:A:G,37983761,G,A,0.185993,0.0369605,0.0030287,3.02631e-34,360127.7672,0.03634083084,0.003030660413,3.958074273e-33,11.991059996070895
11,11:39413846:G:C,39413846,C,G,0.137962,0.032763,0.00341339,8.17139e-22,360998.0701,0.03342067727,0.003414982119,1.286898485e-22,9.786486753197549
11,11:40425175:A:C,40425175,C,A,0.507343,0.0192591,0.00235678,3.04884e-16,360336.722,0.01944231794,0.00235720047,1.6099395219999998e-16,8.248054498309173
11,11:41520308:C:G,41520308,G,C,0.711772,0.0276658,0.0025989,1.8523300000000002e-26,360978.1341,0.02799450136,0.002599512351,4.814997296e-27,10.769135737797463
11,11:43837913:T:A,43837913,A,T,0.299527,0.0249356,0.00256642,2.59055e-22,361973.9569,0.02466658832,0.002566808492,7.267022005e-22,9.609828079063407
11,11:45513703:A:C,45513703,C,A,0.164655,-0.0199633,0.00318511,3.66883e-10,358538.8087,-0.02161635671,0.003188910092,1.213431409e-11,6.778603374309243
11,11:45886137:A:T,45886137,T,A,0.328992,-0.0163311,0.002527,1.03008e-10,354894.1257,-0.01640499379,0.002532893479,9.370066543e-11,6.4767799854247246
11,11:46620864:A:T,46620864,T,A,0.163127,-0.0212495,0.00340878,4.55906e-10,315381.8746,-0.02156450036,0.003429184106,3.205022506e-10,6.288522194614417
11,11:47514667:C:A,47514667,A,C,0.065776,0.0356447,0.00607319,4.38325e-09,220726.3555,0.03789631889,0.006151410133,7.247417794e-10,6.160590510247482
11,11:48703674:G:A,48703674,A,G,0.423587,-0.0151094,0.00416816,0.00028906,117940.3353,-0.02343416111,0.00426034972,3.786615657e-08,5.500525226835134
11,11:50312103:T:A,50312103,A,T,0.515197,0.0183116,0.00299749,1.00375e-09,222919.136,0.02659701374,0.003081727599,6.105598882e-18,8.630553118526944
11,11:50329573:G:T,50329573,T,G,0.0127015,0.100608,0.0181332,2.88702e-08,121314.6396,0.1279036841,0.01838784869,3.503659616e-12,6.955880824142239
3,3:944105:C:G,944105,G,C,0.524152,-0.0165656,0.00235681,2.08639e-12,361088.5507,-0.01651615016,0.002356975249,2.428744292e-12,7.007349851046314
3,3:1801473:T:A,1801473,A,T,0.50451,0.0126629,0.0023537,7.45365e-08,361248.5319,0.01269275604,0.00235380531,6.950696194e-08,5.392440906678046
3,3:2874372:G:A,2874372,A,G,0.90317,-0.0268383,0.00398084,1.56608e-11,360964.2666,-0.02679533859,0.00398116084,1.690414834e-11,6.730534049460809
3,3:3480857:G:C,3480857,C,G,0.0807056,-0.022141,0.0043245,3.05856e-07,360567.1159,-0.02229799585,0.004324703514,2.523355358e-07,5.15595942654024
3,3:6412998:C:G,6412998,G,C,0.351672,0.0132928,0.00246651,7.07788e-08,360673.6984,0.01330182836,0.00246666989,6.943535023e-08,5.392626072068363
3,3:6817457:G:A,6817457,A,G,0.0469921,0.0383708,0.00556246,5.27674e-12,361023.4235,0.03830412013,0.005562927196,5.754239389e-12,6.885605146431257
3,3:7496780:T:G,7496780,G,T,0.320592,0.0148436,0.00252045,3.88266e-09,361548.5323,0.01472615688,0.002520621829,5.149381568e-09,5.842271423096527
3,3:8194501:A:G,8194501,G,A,0.695359,-0.0252389,0.0025559,5.392830000000001e-23,361447.7097,-0.02502892828,0.002556316408,1.230562348e-22,9.791013429195186
3,3:12084933:A:T,12084933,T,A,0.142249,0.0198644,0.00337196,3.841e-09,360604.1316,0.01972474209,0.003372205049,4.939073878e-09,5.849211955794091
3,3:14365470:G:T,14365470,T,G,0.308279,-0.01496,0.00255139,4.53662e-09,360394.163,-0.01489471637,0.002551568055,5.299763908e-09,5.837475642012613
3,3:14572205:G:C,14572205,C,G,0.0266378,-0.0530858,0.00732432,4.24177e-13,359647.3773,-0.05283508946,0.00732506898,5.476717912e-13,7.212913571770897
3,3:14960747:C:A,14960747,A,C,0.0109825,-0.0588256,0.0112967,1.91678e-07,360916.5254,-0.05820238371,0.01129742313,2.579592213e-07,5.151828256785847
3,3:17036952:A:C,17036952,C,A,0.543525,0.0302771,0.00236168,1.28897e-37,361386.2944,0.02993236096,0.002362616022,8.764765347e-37,12.669160236482982
3,3:17945219:A:G,17945219,G,A,0.0579234,0.0378926,0.00504192,5.68211e-14,360618.1615,0.03364875496,0.005117196034,4.844967986e-11,6.5756235908159075
3,3:17973169:C:T,17973169,T,C,0.342795,-0.0184826,0.00248024,9.21886e-14,360959.2822,-0.01376743186,0.002540559446,5.991482077e-08,5.419055193404831
3,3:18267344:C:G,18267344,G,C,0.0654028,-0.030373,0.00476368,1.82039e-10,360655.7396,-0.0256317171,0.004813601889,1.010353324e-07,5.324851886603537
3,3:18728623:T:C,18728623,C,T,0.184452,0.0229585,0.00303623,3.99324e-14,360725.3918,0.02343585668,0.003038942085,1.240096598e-14,7.711847091682894
3,3:19093429:G:T,19093429,T,G,0.926019,0.0254964,0.00450018,1.46584e-08,360586.3243,0.02504657116,0.004501072077,2.627860602e-08,5.564579000630831
3,3:20322332:C:T,20322332,T,C,0.657535,-0.0157568,0.00248062,2.12855e-10,361030.3335,-0.01558411708,0.002480937162,3.35225907e-10,6.281544457755193
3,3:21369980:A:T,21369980,T,A,0.579531,0.0126391,0.00238726,1.19482e-07,360249.9177,0.0122615411,0.002387776477,2.819500189e-07,5.135129363283363
3,3:21458172:A:T,21458172,T,A,0.521744,-0.0167254,0.0023565,1.2719e-12,361022.6093,-0.01657924285,0.002357090561,2.010203023e-12,7.033774231808143
3,3:24320104:G:A,24320104,A,G,0.0433641,0.0314842,0.00577852,5.08332e-08,361161.8135,0.03179848992,0.005778891865,3.743927046e-08,5.502523781866958
3,3:28362647:T:G,28362647,G,T,0.412538,-0.0134931,0.00239577,1.78188e-08,359646.2152,-0.01340869416,0.002395933264,2.187993626e-08,5.596438916505647
3,3:30817274:C:G,30817274,G,C,0.0317919,-0.0353949,0.00670405,1.29518e-07,361621.808,-0.03574506164,0.006704384594,9.73540078e-08,5.331594740550768
3,3:31921726:G:C,31921726,C,G,0.477537,0.02125,0.00235922,2.12334e-19,360205.6513,0.02177889846,0.002360654765,2.814856507e-20,9.22578717688946
3,3:32161469:A:C,32161469,C,A,0.368168,0.0126977,0.00244272,2.01333e-07,360429.3818,0.01355848156,0.002444020057,2.895932027e-08,5.547614685553294
3,3:33487439:A:C,33487439,C,A,0.435323,-0.0283786,0.00237229,5.6660800000000004e-33,361516.9197,-0.02834988016,0.00237277498,6.651839626e-33,11.947985122466186
3,3:36933973:A:T,36933973,T,A,0.188594,-0.0200693,0.00303965,4.04838e-11,353818.9165,-0.02752041806,0.003087701079,4.970797374e-19,8.912915258271346
3,3:37278582:A:C,37278582,C,A,0.157719,-0.0413339,0.0033727,1.59658e-34,330943.9026,-0.04669922451,0.00342661823,2.715747672e-42,13.628370998890063
3,3:40660070:A:T,40660070,T,A,0.103864,0.0231333,0.0038612,2.08481e-09,360513.0369,0.02325025268,0.003861475302,1.732568251e-09,6.021080250845535
3,3:41318907:C:G,41318907,G,C,0.153055,-0.0389852,0.00327387,1.0905999999999999e-32,359957.4253,-0.0392369537,0.003274585698,4.4013166389999996e-33,11.982265030951712
3,3:44786687:G:A,44786687,A,G,0.256615,0.0143436,0.00269582,1.03438e-07,360857.7953,0.0144691449,0.002696070167,8.016635133e-08,5.366753831967312
3,3:46452082:A:C,46452082,C,A,0.546325,-0.0142825,0.00242895,4.10294e-09,342114.0256,-0.01436731005,0.002431727292,3.457116091e-09,5.908273554056077
3,3:47508821:T:C,47508821,C,T,0.672451,0.0121935,0.00286911,2.13899e-05,275923.3143,0.01824076324,0.002991638126,1.079092157e-09,6.097249223250473
3,3:48149274:C:A,48149274,A,C,0.382724,-0.0207281,0.00322981,1.38481e-10,202974.5349,-0.02432235176,0.00334775808,3.723058855e-13,7.265265643089719
3,3:48612630:G:A,48612630,A,G,0.437894,-0.0239667,0.00251258,1.45517e-21,321883.0915,-0.02343441086,0.002554147064,4.5139144830000004e-20,9.175043673209572
3,3:49220100:A:T,49220100,T,A,0.798491,-0.0233326,0.00299355,6.49385e-15,346923.9427,-0.02071074733,0.00304326209,1.007386129e-11,6.805443211103779
3,3:50074213:C:G,50074213,G,C,0.0761703,0.0183622,0.00547809,0.000802564,236914.6392,0.02787969637,0.00553657956,4.764907897e-07,5.035545153441269
3,3:51302754:T:C,51302754,C,T,0.0981159,0.024905,0.00404004,7.0768e-10,346368.7701,0.02337205043,0.004061289885,8.672680779e-09,5.754834324021664
3,3:52072679:T:A,52072679,A,T,0.558451,0.010366,0.00239921,1.55662e-05,352471.7375,0.01298783134,0.002407021329,6.821485312e-08,5.395810657563143
3,3:52831194:A:G,52831194,G,A,0.547006,-0.0249517,0.00245868,3.39293e-24,333906.8912,-0.02426490321,0.002462556062,6.61690901e-23,9.853543472343494
3,3:53573427:A:T,53573427,T,A,0.87421,-0.0197247,0.0035605,3.02892e-08,358861.4231,-0.02012887421,0.0035616763,1.590379407e-08,5.65151701461472
3,3:54056298:A:C,54056298,C,A,0.183978,0.0271309,0.00303699,4.1460900000000003e-19,361241.2641,0.0269403441,0.003037599499,7.383314031e-19,8.868958567075403
3,3:55466271:G:A,55466271,A,G,0.194627,0.0306904,0.00297339,5.66742e-25,360923.9418,0.03077359788,0.002973914364,4.2802174640000005e-25,10.34784264554566
3,3:55892765:T:A,55892765,A,T,0.460047,-0.0236256,0.00235971,1.35852e-23,361619.6108,-0.02357536024,0.002360092476,1.700026101e-23,9.989168000720323
3,3:60788444:C:T,60788444,T,C,0.888636,0.0225324,0.00374641,1.80711e-09,360167.7553,0.02474237624,0.003751812209,4.258868256e-11,6.594780032072762
3,3:60955191:T:A,60955191,A,T,0.0584034,-0.0352344,0.00501611,2.15597e-12,361535.8692,-0.03713748289,0.00502589855,1.476897979e-13,7.389222548075507
3,3:61053111:G:C,61053111,C,G,0.0319099,-0.0652649,0.0067104,2.3524499999999997e-22,359579.9817,-0.07000951828,0.006723339356,2.165037625e-25,10.412908611778246
3,3:61546946:G:T,61546946,T,G,0.236393,0.0166353,0.00277442,2.02485e-09,360043.9257,0.01769746471,0.002795399519,2.436957795e-10,6.330925003639882
3,3:61621940:T:G,61621940,G,T,0.2684,-0.0115765,0.00265488,1.29816e-05,361475.5523,-0.01398529399,0.002674049554,1.695049556e-07,5.230005543120911
3,3:64660712:C:G,64660712,G,C,0.555924,0.0130505,0.00237007,3.66543e-08,360758.1942,0.0129809273,0.002370330003,4.340120343e-08,5.476421968068047
3,3:65444400:C:T,65444400,T,C,0.0471378,-0.0334353,0.00556606,1.89169e-09,359508.3786,-0.03334690086,0.005566537247,2.090676228e-09,5.990600508057644
3,3:66084589:A:C,66084589,C,A,0.402891,0.0389789,0.00240346,3.95962e-59,359762.0969,0.03904688306,0.002404444181,2.652344299e-59,16.239463310710143
3,3:66864993:C:A,66864993,A,C,0.0266378,-0.0435484,0.0073016,2.46016e-09,361906.3317,-0.04210310509,0.007302535192,8.139372992e-09,5.765546345620405
3,3:67500168:A:G,67500168,G,A,0.511288,-0.0204286,0.00235584,4.28298e-18,360700.7647,-0.02010923042,0.002356287464,1.4102396019999998e-17,8.534285704624025
3,3:69172183:T:C,69172183,C,T,0.204139,0.015644,0.00292096,8.52442e-08,360909.9323,0.015856955,0.002921268014,5.695493212e-08,5.428106878248248
3,3:69963751:G:C,69963751,C,G,0.0565166,0.0256668,0.00509323,4.672e-07,361676.6003,0.02514384406,0.005093634228,7.960759722e-07,4.93632697883622
3,3:70845820:T:G,70845820,G,T,0.356628,0.0146594,0.00245971,2.5276e-09,360379.0755,0.0146329781,0.002459913877,2.704896903e-09,5.948573336984349
3,3:72242007:C:T,72242007,T,C,0.211361,0.0306242,0.00288825,2.91049e-26,359699.1337,0.0307103731,0.00288873984,2.1366478000000002e-26,10.631062262775453
3,3:73144366:G:T,73144366,T,G,0.0949083,-0.052746,0.00402007,2.5598099999999997e-39,360227.0077,-0.05258099359,0.004021423129,4.562398669e-39,13.075220364357735
3,3:73329170:G:T,73329170,T,G,0.0510405,0.0285974,0.00535891,9.48607e-08,359664.745,0.02812740111,0.00535964137,1.537587992e-07,5.248000597099652
3,3:80050891:G:T,80050891,T,G,0.448647,-0.0256769,0.00236993,2.38646e-27,359998.4597,-0.02550514193,0.002370719165,5.410208734e-27,10.758398677727818
3,3:82566429:A:G,82566429,G,A,0.133472,-0.0197899,0.00346831,1.15813e-08,359583.5986,-0.0187596678,0.003479304516,6.976054743e-08,5.391786695798374
3,3:82947625:A:G,82947625,G,A,0.271511,0.0173659,0.00265353,5.98008e-11,359201.026,0.01484747014,0.002664812461,2.523011193e-08,5.571675439564826
3,3:83527787:G:C,83527787,C,G,0.0733886,-0.0354335,0.00451695,4.35644e-15,360542.8183,-0.02387002412,0.004584189635,1.918845626e-07,5.2070324355157265
3,3:84097954:T:G,84097954,G,T,0.461106,-0.0216173,0.00236363,5.946489999999999e-20,360316.2596,-0.0213650121,0.002403457619,6.150515229999999e-19,8.88928181262846
3,3:85038176:G:T,85038176,T,G,0.0987999,-0.0232476,0.0039508,4.00145e-09,359963.2624,-0.02420693502,0.003979285888,1.177808094e-09,6.083235962763779
3,3:85346366:A:G,85346366,G,A,0.0440134,0.0291776,0.00574273,3.76061e-07,360531.4556,0.03125863273,0.005797601365,6.981396014e-08,5.391649194563069
3,3:85671240:G:T,85671240,T,G,0.677144,-0.0143674,0.00252526,1.27518e-08,358844.68,-0.01687821566,0.002551995831,3.747507599e-11,6.613731674234855
3,3:87789823:G:C,87789823,C,G,0.12068,-0.0242008,0.00362338,2.40811e-11,359073.8772,-0.03405833603,0.0037443716,9.382786849000001e-20,9.095875000761142
3,3:88030786:G:T,88030786,T,G,0.828292,-0.0211363,0.00312534,1.35466e-11,360100.7983,-0.02765028103,0.003228517515,1.086501138e-17,8.56438935255397
3,3:88838243:C:T,88838243,T,C,0.438654,0.0249267,0.00246721,5.3873500000000005e-24,333695.2977,0.02497833593,0.002469014097,4.657406781e-24,10.116724712244526
3,3:90059720:A:C,90059720,C,A,0.0672563,0.0229852,0.00473692,1.22057e-06,355411.6237,0.02329738264,0.004737703455,8.768235901e-07,4.917442144972749
19,19:29029625:T:C,29029625,C,T,0.325564,-0.0125659,0.00251482,5.8339e-07,360497.3332,-0.01252412606,0.002514923176,6.360927635e-07,4.979923911600233
19,19:32922890:G:A,32922890,A,G,0.456364,0.0157953,0.00236454,2.39187e-11,360874.71,0.01495778616,0.002365286358,2.550764905e-10,6.323879605278643
19,19:33266402:A:C,33266402,C,A,0.161404,-0.0486662,0.00319876,2.9614199999999997e-52,361255.5189,-0.04821443244,0.003200598214,2.785418122e-51,15.064194008826629
19,19:35538038:G:C,35538038,C,G,0.173788,0.0190241,0.00310676,9.16589e-10,361202.9484,0.01963255971,0.003108713391,2.695806708e-10,6.315332821236591
19,19:35684647:C:G,35684647,G,C,0.643945,-0.0164945,0.0024606,2.03867e-11,360596.1153,-0.01668643966,0.002462180459,1.226132393e-11,6.777098566843918
19,19:37007670:T:A,37007670,A,T,0.802823,0.0320327,0.00300172,1.3973100000000002e-26,350885.7665,0.03202445566,0.003002779051,1.484963292e-26,10.664939083458393
19,19:38692415:C:G,38692415,G,C,0.176703,0.019481,0.00309116,2.93842e-10,360107.149,0.01953508654,0.003091822831,2.644438941e-10,6.318307227740372
19,19:39149026:G:C,39149026,C,G,0.268436,0.0247121,0.00265807,1.4524e-20,360739.0068,0.02569227065,0.002659215074,4.389566458e-22,9.661599357344798
19,19:39629500:T:C,39629500,C,T,0.498875,-0.0148264,0.00236241,3.47826e-10,358779.0208,-0.01491287598,0.00236273605,2.759907162e-10,6.311697821684314
19,19:40707855:C:T,40707855,T,C,0.336725,-0.0157864,0.00249696,2.58102e-10,359486.5298,-0.01592996386,0.002497357219,1.785641818e-10,6.37872857707506
19,19:41093903:G:T,41093903,T,G,0.0935944,-0.0210845,0.00404758,1.89797e-07,360186.16,-0.02108981697,0.004048175404,1.891367576e-07,5.20970928017624
19,19:46748138:G:T,46748138,T,G,0.0183662,0.0613775,0.00876755,2.55438e-12,361192.5838,0.05324330804,0.008882793616,2.04763623e-09,5.993982337279151
19,19:46813463:C:G,46813463,G,C,0.110497,0.0250487,0.00375481,2.54274e-11,361239.9104,0.02099263406,0.003804108477,3.420786434e-08,5.518410998772368
19,19:48524520:T:G,48524520,G,T,0.278894,0.0177132,0.0026286,1.60106e-11,360230.9604,0.01776353697,0.002629077759,1.41300788e-11,6.756565837275413
19,19:48754171:T:C,48754171,C,T,0.451365,0.0123372,0.00236288,1.77823e-07,362072.582,0.01259650529,0.002363243417,9.811718811e-08,5.330176823676729
19,19:50767101:T:A,50767101,A,T,0.346758,-0.0229699,0.00247444,1.65824e-20,360881.7582,-0.02337296279,0.002475550785,3.674095675e-21,9.441520219105504
19,19:50904891:G:A,50904891,A,G,0.198241,0.0186274,0.00295198,2.79105e-10,361419.077,0.01931693451,0.002953121202,6.103017938e-11,6.5411925852950485
19,19:52219608:C:G,52219608,G,C,0.413123,0.0121814,0.00239109,3.4988e-07,361138.2938,0.01272648448,0.002392866749,1.046207721e-07,5.318509476266703
19,19:52364005:T:A,52364005,A,T,0.689961,0.0131172,0.00254868,2.65301e-07,360262.9849,0.01377344011,0.002550591169,6.660481727e-08,5.4000971529279225
19,19:53945317:A:C,53945317,C,A,0.306472,0.0134289,0.00255511,1.47554e-07,360757.8637,0.01358671412,0.002555365286,1.055290668e-07,5.316936171293046
19,19:54103337:A:T,54103337,T,A,0.324024,-0.0127143,0.00251767,4.41944e-07,360567.2538,-0.01270885087,0.002517893476,4.478301569e-07,5.047414035239353
19,19:54645755:T:C,54645755,C,T,0.636248,-0.0152289,0.00244535,4.73786e-10,361711.7529,-0.0153075528,0.002445493836,3.862298057e-10,6.259493511968108
19,19:55782855:A:T,55782855,T,A,0.300322,0.0450763,0.00257081,8.43604e-69,360186.3109,0.04505608544,0.002571938976,1.03821758e-68,17.51833377869382
12,12:39232263:C:T,39232263,T,C,0.369312,-0.0161186,0.00243941,3.91215e-11,360952.441,-0.01670935331,0.002440328238,7.532281361e-12,6.8471745111200075
12,12:39741307:A:C,39741307,C,A,0.551525,-0.0115176,0.00236956,1.17046e-06,360257.2739,-0.01208567965,0.002370441125,3.423665341e-07,5.098493914292008
12,12:41452350:T:G,41452350,G,T,0.510494,0.0152177,0.00235977,1.12889e-10,359535.5665,0.01290981479,0.002380201274,5.833430653e-08,5.42383324091944
12,12:41720631:A:C,41720631,C,A,0.120622,-0.0203138,0.00361727,1.95834e-08,360477.4746,-0.01923701134,0.003646112342,1.320098717e-07,5.276033631330167
12,12:42176756:T:A,42176756,A,T,0.588007,-0.0147656,0.00239477,7.02203e-10,360109.272,-0.01491212184,0.00240208994,5.367061482e-10,6.207978140901751
12,12:43147264:T:A,43147264,A,T,0.21125,0.0165301,0.0028842,9.9763e-09,360955.5666,0.01569792865,0.002886397435,5.370425352e-08,5.438588761079606
12,12:43787643:A:T,43787643,T,A,0.08667,-0.0240086,0.00418249,9.45988e-09,361305.1479,-0.02214087429,0.004190153186,1.26375976e-07,5.284025024186788
12,12:44307258:G:C,44307258,C,G,0.621998,-0.0231504,0.00243148,1.7237099999999997e-21,359870.4832,-0.02303141183,0.002434854724,3.107544803e-21,9.459049693184078
12,12:45361324:C:G,45361324,G,C,0.476056,-0.0130673,0.00236135,3.13556e-08,359732.3481,-0.01379102542,0.002362630753,5.310191855e-09,5.8371480192106
12,12:46473280:G:T,46473280,T,G,0.137978,-0.0183754,0.00341599,7.48561e-08,360482.232,-0.01854160298,0.003416319105,5.719282191e-08,5.427362728751885
12,12:48898082:A:G,48898082,G,A,0.146421,0.0174826,0.00333035,1.52613e-07,360927.6012,0.01900224323,0.003334635672,1.209040069e-08,5.698446576804928
12,12:49397968:T:A,49397968,A,T,0.156496,0.0157383,0.00324264,1.21318e-06,360465.6285,0.01648635386,0.003247156938,3.831067306e-07,5.077165709814547
12,12:50301189:G:C,50301189,C,G,0.440298,-0.0173435,0.00237067,2.56273e-13,361218.4903,-0.01818674544,0.002373103859,1.8065788030000002e-14,7.663695531498437
12,12:51375515:G:T,51375515,T,G,0.716417,-0.0211759,0.00261572,5.71306e-16,359892.2039,-0.02272009235,0.002619032608,4.135720254e-18,8.674994072467843
12,12:51702408:G:T,51702408,T,G,0.376528,-0.00841354,0.0024364,0.000553898,359049.4513,-0.01348347893,0.002493211459,6.370512578e-08,5.4080767523056705
12,12:51828547:C:G,51828547,G,C,0.900264,-0.030835,0.00393194,4.43954e-15,360388.0651,-0.03481035748,0.004022216103,4.949819984e-18,8.654521932333877
12,12:51938427:T:C,51938427,C,T,0.135942,0.0239961,0.00343776,2.9537e-12,360390.8295,0.02338326375,0.003438831415,1.04786082e-11,6.799770308019011
12,12:52394657:A:G,52394657,G,A,0.461776,-0.0278044,0.00236284,5.82895e-32,360454.3316,-0.02958495568,0.002369010845,8.646458339999999e-36,12.488315848127744
12,12:52426166:A:T,52426166,T,A,0.0453731,-0.0538589,0.00566059,1.83251e-21,360425.5001,-0.0584632316,0.005674566566,6.852662353000001e-25,10.302677908528036
12,12:56510876:T:G,56510876,G,T,0.402286,-0.0344568,0.00240275,1.25682e-46,360235.676,-0.03459301551,0.00240490478,6.487569181e-47,14.384359745835756
12,12:56794879:A:C,56794879,C,A,0.015812,-0.0805249,0.00943863,1.45114e-17,360835.8754,-0.08696138412,0.009454432902,3.648495718e-20,9.1979482028588
12,12:57120524:G:C,57120524,C,G,0.266891,-0.0177575,0.00266381,2.6291e-11,360344.2327,-0.01992496728,0.002684500799,1.151694831e-13,7.422224380570952
12,12:57172676:T:C,57172676,C,T,0.233371,0.0134548,0.00278566,1.36582e-06,360382.4556,0.01509938151,0.002805069341,7.329907291e-08,5.382890643486593
12,12:59527988:C:A,59527988,A,C,0.0343655,-0.0380097,0.00647185,4.28145e-09,359953.3003,-0.03850160661,0.006478277874,2.795359291e-09,5.943185420391247
12,12:59835676:T:C,59835676,C,T,0.160819,0.0162812,0.0032073,3.85071e-07,360393.4425,0.01582091946,0.003209985348,8.279642825e-07,4.9286578425840215
12,12:61653742:C:A,61653742,A,C,0.188622,-0.0269453,0.00301154,3.6572600000000003e-19,360404.9918,-0.02705040405,0.003012291777,2.707472367e-19,8.980007931681845
12,12:64305977:T:C,64305977,C,T,0.610636,0.0168976,0.00241756,2.76312e-12,360021.5117,0.01672715754,0.002417776713,4.567582109e-12,6.918404602898497
12,12:66111314:T:C,66111314,C,T,0.15066,0.0373128,0.00329535,1.0227500000000001e-29,359950.5197,0.03627511639,0.003300675944,4.2594161e-28,10.990208371088732
12,12:66425213:T:A,66425213,A,T,0.148514,-0.0212141,0.00330879,1.44346e-10,361366.0771,-0.01943639923,0.003313692159,4.478318737e-09,5.865481250939582
12,12:68414664:T:G,68414664,G,T,0.22267,-0.0184689,0.00282655,6.40813e-11,361783.1739,-0.01554926459,0.002869942721,6.027940643e-08,5.417970357464845
12,12:68434917:C:T,68434917,T,C,0.301029,0.01775,0.0025693,4.90674e-12,360184.8403,0.01522763285,0.002608743492,5.310058161e-09,5.837152213967076
12,12:69951090:G:A,69951090,A,G,0.105758,0.0378297,0.0038354,6.04442e-23,359561.3423,0.03765214656,0.003836575204,9.800547611e-23,9.813999350447764
12,12:70905736:G:A,70905736,A,G,0.178523,0.0195449,0.00307773,2.1495e-10,360147.8717,0.01972414196,0.003084442893,1.608441026e-10,6.394717828870498
12,12:71007523:G:T,71007523,T,G,0.386512,0.0140545,0.00242029,6.36801e-09,360193.2565,0.01309654411,0.002424142535,6.570121457e-08,5.402547053612094
12,12:71704051:C:A,71704051,A,C,0.547013,-0.0125836,0.00236718,1.06218e-07,360329.7253,-0.01173605029,0.002382408911,8.387523669e-07,4.926127599595769
12,12:71895163:A:T,71895163,T,A,0.0175449,-0.0555221,0.00897674,6.21244e-10,360191.1811,-0.05094766285,0.009029628083,1.678158205e-08,5.642276999859906
12,12:73060748:C:T,73060748,T,C,0.483289,-0.0201144,0.00235835,1.48171e-17,360181.3838,-0.01909260159,0.00236019567,5.995211532e-16,8.089414717890742
12,12:73992655:G:T,73992655,T,G,0.0120689,-0.0651174,0.0107917,1.60059e-09,360298.241,-0.06109331809,0.01079880245,1.536689571e-08,5.657416030422892
12,12:75222260:T:G,75222260,G,T,0.123021,0.0177649,0.00359043,7.50727e-07,359740.3671,0.02071450105,0.00359585907,8.378848743e-09,5.760654310070056
12,12:75604887:C:G,75604887,G,C,0.0228336,0.117286,0.00791806,1.25873e-49,357464.6772,0.1133598898,0.007957822518,4.80935066e-46,14.24508897296822
12,12:75649596:G:C,75649596,C,G,0.357174,0.0197572,0.00248248,1.74428e-15,353555.4509,0.01684923962,0.002490749259,1.335604807e-11,6.76472734423887
12,12:79527582:C:A,79527582,A,C,0.625801,0.0152699,0.00243066,3.34241e-10,361614.1338,0.01711585494,0.002435806059,2.113656275e-12,7.026772462757882
12,12:79810101:A:T,79810101,T,A,0.52215,-0.0265633,0.00236234,2.4930200000000002e-29,359215.9281,-0.02781958193,0.002367695112,7.091440433e-32,11.749647067734454
12,12:81188073:T:C,81188073,C,T,0.0220497,-0.0383387,0.00802563,1.77966e-06,360225.8313,-0.03983814582,0.00802841238,6.971893899e-07,4.962144934064784
12,12:82682697:T:C,82682697,C,T,0.83112,-0.0159443,0.0031439,3.94857e-07,360636.5386,-0.01653913349,0.003145514871,1.45626418e-07,5.258005181435367
12,12:83136194:C:T,83136194,T,C,0.175983,-0.0184397,0.00309318,2.50292e-09,360595.2689,-0.01939091081,0.003095514486,3.747528251e-10,6.264196435745576
12,12:83204617:T:A,83204617,A,T,0.636917,-0.0260864,0.00246736,4.0283e-26,355295.5018,-0.02295286599,0.002490306794,3.0586241630000004e-20,9.216882853671402
12,12:83266342:T:C,83266342,C,T,0.0253725,0.0791954,0.00750888,5.29631e-26,358751.0785,0.07210379935,0.007577086335,1.799173433e-21,9.516032438080963
12,12:84522797:T:C,84522797,C,T,0.829206,0.0323241,0.00318283,3.1473e-24,348650.0664,0.03240384243,0.003185104303,2.60226425e-24,10.17355770719324
12,12:85344029:C:A,85344029,A,C,0.346702,-0.034866,0.00251816,1.38273e-43,348182.3645,-0.03534132155,0.002519204315,1.039481624e-44,14.028763502653812
12,12:86180170:G:T,86180170,T,G,0.278708,0.0161379,0.00265184,1.16219e-09,353899.1285,0.01599055302,0.002652516389,1.655432252e-09,6.028446454209637
12,12:88931384:C:G,88931384,G,C,0.187111,-0.0284884,0.0030266,4.86336e-21,359031.3106,-0.02832534888,0.003027201526,8.207787160000001e-21,9.356941926964396
12,12:91250607:C:G,91250607,G,C,0.113046,-0.025714,0.00371874,4.69613e-12,360806.7251,-0.02544517364,0.00371914176,7.827038578e-12,6.841678882388178
12,12:92955208:C:G,92955208,G,C,0.0773537,0.0228323,0.0044032,2.15694e-07,361571.8742,0.0229998957,0.004403601053,1.760717114e-07,5.222974430059025
12,12:93209727:T:G,93209727,G,T,0.136164,0.0245697,0.0034336,8.34249e-13,360765.8852,0.02454938876,0.003434021044,8.749166234e-13,7.148875456920467
12,12:94052283:A:C,94052283,C,A,0.732434,-0.0184839,0.00266561,4.09222e-12,359276.9408,-0.01829412477,0.00266595517,6.784238204e-12,6.862127681614391
12,12:94474377:A:G,94474377,G,A,0.412332,0.0222674,0.00239169,1.2813199999999998e-20,360900.0496,0.02233662306,0.002392170931,9.874185438e-21,9.337385874287259
12,12:94717411:C:T,94717411,T,C,0.653756,-0.0347404,0.00247176,7.38448e-45,361603.2832,-0.03433016498,0.00247256384,7.871284266e-44,13.884440282035348
12,12:96866668:C:T,96866668,T,C,0.648903,0.0133052,0.00247198,7.3543e-08,359375.3535,0.01344611765,0.002472121172,5.354998178e-08,5.4391013686120395
12,12:98465295:A:G,98465295,G,A,0.513653,0.018827,0.00235626,1.35104e-15,360695.5162,0.01937795261,0.002356884671,2.0038745789999999e-16,8.221850160270316
12,12:99075884:A:T,99075884,T,A,0.149018,-0.0389805,0.00330332,3.93887e-32,361453.4872,-0.03899061199,0.003304723648,3.975737271e-32,11.798448567279415
12,12:99585487:A:G,99585487,G,A,0.129974,0.0246611,0.00350133,1.88023e-12,360882.3118,0.02413812039,0.00350187977,5.466484203e-12,6.892903804632905
12,12:101452234:T:A,101452234,A,T,0.27542,0.0225561,0.00263804,1.23191e-17,360203.0572,0.02221789391,0.002638544911,3.748487975e-17,8.420510038458845
12,12:101566960:T:G,101566960,G,T,0.0181345,0.0940916,0.00882895,1.6292e-26,360385.7025,0.09252465177,0.008831801451,1.109952079e-25,10.476305687275577
12,12:102434987:A:C,102434987,C,A,0.337515,-0.016476,0.00249091,3.73493e-11,360613.6917,-0.01618626381,0.002491361511,8.196192331e-11,6.496955073976015
12,12:104043685:C:G,104043685,G,C,0.255626,-0.0494846,0.00270182,6.76208e-75,359887.2334,-0.0469478543,0.002746563936,1.664668273e-65,17.09330472327297
12,12:104226174:A:T,104226174,T,A,0.0158148,-0.0783121,0.00944387,1.1138e-16,360376.7015,-0.0492819299,0.009596506348,2.81539687e-07,5.135403251233279
12,12:106972793:C:A,106972793,A,C,0.146631,-0.0185419,0.00332967,2.56841e-08,360643.1705,-0.01748147659,0.003341922026,1.686275908e-07,5.230964832211797
12,12:107064816:G:T,107064816,T,G,0.143119,0.0163639,0.00336741,1.1774e-06,359783.9596,0.01666238091,0.003383687689,8.465165782e-07,4.924325895728375
12,12:107407560:C:T,107407560,T,C,0.305064,0.0210259,0.00255896,2.10116e-16,360359.5026,0.02081800805,0.002563013325,4.56776905e-16,8.12247359268021
12,12:107687810:G:C,107687810,C,G,0.458412,-0.0285902,0.00236569,1.28124e-33,359967.4604,-0.02845636766,0.00236719863,2.7523119909999998e-33,12.021115296100014
12,12:108949584:G:A,108949584,A,G,0.979325,0.045551,0.00826221,3.52662e-08,361975.195,0.0477234357,0.008264287804,7.71095428e-09,5.774658002217851
12,12:109813360:G:T,109813360,T,G,0.420614,-0.0113216,0.00238533,2.07218e-06,360831.4003,-0.01168515363,0.002386049773,9.717237266e-07,4.897279915208207
12,12:112011875:C:T,112011875,T,C,0.209315,-0.0187737,0.00292474,1.37396e-10,353387.4397,-0.01884790383,0.002925255402,1.170072066e-10,6.443165207767386
12,12:113549619:T:C,113549619,C,T,0.748355,0.0180212,0.0027174,3.32113e-11,359769.1349,0.01809056747,0.00271760936,2.79863753e-11,6.656794657934207
12,12:115506299:C:G,115506299,G,C,0.218886,0.0155807,0.00284718,4.44465e-08,360978.8988,0.01554371875,0.0028473814,4.78952868e-08,5.458952127031524
12,12:116244875:T:C,116244875,C,T,0.0862316,0.0272121,0.0041894,8.28811e-11,361762.2215,0.02719209805,0.004190779526,8.666426077e-11,6.488553712095232
12,12:116518050:G:T,116518050,T,G,0.302948,0.0150237,0.00256137,4.48226e-09,361127.7156,0.0157502757,0.002562123817,7.878740238e-10,6.147351504051063
12,12:116930450:G:A,116930450,A,G,0.570386,-0.018176,0.00238214,2.35089e-14,359772.5164,-0.01816682788,0.002382533494,2.4402645480000002e-14,7.625004192281043
12,12:118326601:A:T,118326601,T,A,0.0114168,0.0800248,0.0110971,5.5529e-13,359948.8112,0.08111063177,0.01109814228,2.701664927e-13,7.30848728765802
12,12:120456881:A:G,120456881,G,A,0.305409,-0.014578,0.00255824,1.21006e-08,360368.9922,-0.01427265292,0.00255841819,2.42319827e-08,5.578702096391834
12,12:123443540:G:A,123443540,A,G,0.138181,0.0239133,0.00341799,2.63278e-12,359596.1382,0.0240680212,0.003418304869,1.909705946e-12,7.040922949345043
12,12:124666955:C:G,124666955,G,C,0.103819,0.0214112,0.00386288,2.97862e-08,360369.5347,0.02097271172,0.003863204436,5.672208516e-08,5.428838175003587
12,12:124939019:G:T,124939019,T,G,0.752335,0.0218008,0.00272865,1.35794e-15,360604.9296,0.02171155442,0.002729045831,1.780769855e-15,7.955730964050637
12,12:126040593:A:T,126040593,T,A,0.0734871,-0.0315701,0.00451721,2.7766e-12,360095.7992,-0.02756110534,0.004522096095,1.095994971e-09,6.094763304670552
12,12:126098101:A:T,126098101,T,A,0.231508,0.0556665,0.00279064,1.7584e-88,360735.0428,0.05477244826,0.002794929486,1.637648243e-85,19.597076968975095
12,12:127663460:C:G,127663460,G,C,0.0112697,0.0947831,0.0111652,2.08907e-17,360138.8656,0.09527200022,0.01116653246,1.439342794e-17,8.53192345620961
12,12:127901045:T:C,127901045,C,T,0.480199,-0.015681,0.0023571,2.88203e-11,360755.071,-0.01584094893,0.002357342743,1.819332812e-11,6.719832734140518
12,12:128303336:C:G,128303336,G,C,0.542686,-0.0171878,0.00236341,3.53738e-13,360890.2961,-0.01714421957,0.002363660834,4.068923476e-13,7.253248572464183
12,12:128442435:T:C,128442435,C,T,0.0858556,0.0292334,0.00420434,3.57825e-12,360614.1707,0.02961663337,0.004204679042,1.871576281e-12,7.043732250229624
12,12:132718384:T:C,132718384,C,T,0.276276,-0.016095,0.00263637,1.02928e-09,360003.1369,-0.01612942417,0.002636537612,9.496313328e-10,6.11765373518214
9,9:424851:T:G,424851,G,T,0.0180763,0.048328,0.00883804,4.54985e-08,361063.9727,0.0481772308,0.008838593633,5.014933276e-08,5.450780158069973
9,9:1230317:G:A,1230317,A,G,0.322556,0.0130249,0.00251968,2.35122e-07,360842.6529,0.01312727501,0.002519815596,1.892305034e-07,5.2096173350297805
9,9:1545477:G:C,1545477,C,G,0.200049,0.0149066,0.00294535,4.17155e-07,360591.0068,0.01481805293,0.002945499324,4.885802627e-07,5.030743958846688
9,9:2279234:C:G,2279234,G,C,0.401953,-0.0205935,0.00240512,1.11031e-17,359953.8275,-0.0203804341,0.002406404459,2.4698413439999997e-17,8.469247147451368
9,9:2333131:T:C,2333131,C,T,0.409019,-0.012269,0.00239466,3.00052e-07,361146.1936,-0.01329619104,0.00240114307,3.069208796e-08,5.5374422316284555
9,9:2459047:A:G,2459047,G,A,0.384429,-0.0212159,0.00242294,2.0269800000000002e-18,360285.9332,-0.02247645919,0.002429042324,2.178326831e-20,9.253218426012078
9,9:2623751:C:G,2623751,G,C,0.369335,0.0162814,0.00244281,2.64943e-11,360136.5432,0.01710211381,0.00244381164,2.593996398e-12,6.998130923871039
9,9:3347074:A:C,3347074,C,A,0.216651,-0.0201344,0.00286109,1.96324e-12,360313.5652,-0.02016169211,0.002861392461,1.839860182e-12,7.046112123659503
9,9:6857538:C:T,6857538,T,C,0.026796,-0.0404995,0.0072856,2.71751e-08,361641.0473,-0.04045490327,0.007286207359,2.820029276e-08,5.552258023514755
9,9:7291438:C:T,7291438,T,C,0.0118275,0.0598334,0.0108907,3.93274e-08,361115.1585,0.06183317155,0.01089490597,1.38348467e-08,5.675420395574098
9,9:7469764:C:T,7469764,T,C,0.510285,0.014137,0.00235926,2.0729e-09,359888.681,0.01455578253,0.002360105982,6.940992027e-10,6.167427497330076
9,9:9328435:T:C,9328435,C,T,0.557403,-0.0119034,0.00237741,5.53399e-07,359007.1291,-0.01186527053,0.002377551832,6.021033526e-07,4.990541266147252
9,9:10310129:A:C,10310129,C,A,0.690659,-0.0290766,0.00254645,3.4211000000000005e-30,361236.0945,-0.02907185224,0.00254704548,3.561752696e-30,11.413950975072497
9,9:10877785:G:T,10877785,T,G,0.0132079,0.0531801,0.0103205,2.56702e-07,360600.5965,0.0534833413,0.01032199979,2.201200916e-07,5.181490252675156
9,9:11860271:A:T,11860271,T,A,0.117371,-0.0296057,0.00366096,6.14071e-16,360505.2465,-0.02934314623,0.003661504968,1.1107485090000001e-15,8.013957781416835
9,9:12546185:T:G,12546185,G,T,0.371478,0.013618,0.00243763,2.31741e-08,360821.6694,0.01292496698,0.00244148368,1.197358551e-07,5.293898577278224
9,9:12903920:C:T,12903920,T,C,0.305759,-0.0157103,0.00255833,8.21747e-10,360305.7933,-0.0149506243,0.002562396759,5.391166407e-09,5.834625042936217
9,9:14207720:G:T,14207720,T,G,0.0160756,0.0675316,0.00936194,5.46693e-13,361073.9186,0.06670727294,0.009362909323,1.043599793e-12,7.1246308854165115
9,9:14989268:A:T,14989268,T,A,0.417437,0.0195139,0.00239125,3.34651e-16,359960.7835,0.01947976133,0.002391516496,3.78157065e-16,8.145359382877533
9,9:18224499:T:A,18224499,A,T,0.429324,0.0359327,0.00238349,2.42732e-51,359454.0494,0.03582732876,0.002384283508,4.926756202e-51,15.026454966361323
9,9:20377966:T:G,20377966,G,T,0.614827,-0.0354961,0.00242209,1.28989e-48,360139.777,-0.03573024066,0.002422856286,3.209034395e-49,14.747156431217235
9,9:24128485:A:G,24128485,G,A,0.2949,0.0331091,0.00259912,3.6755e-37,356240.6006,0.0332558123,0.002599778656,1.822370632e-37,12.79178603272601
9,9:26333132:C:G,26333132,G,C,0.500764,0.0136062,0.00237258,9.77249e-09,355711.9626,0.01366905747,0.002372713596,8.364744124e-09,5.760938653971451
9,9:29337667:A:G,29337667,G,A,0.540287,0.0151614,0.00239229,2.33627e-10,352152.5804,0.0149874591,0.002395069433,3.908709993e-10,6.257630318978731
9,9:29735666:T:C,29735666,C,T,0.463891,-0.0185522,0.0023685,4.78026e-15,358780.8481,-0.01382036297,0.002483410716,2.620420542e-08,5.565073421387298
9,9:29797316:G:C,29797316,C,G,0.385265,0.0351287,0.00241976,9.69375e-48,360805.9053,0.03354687237,0.002538632243,7.232142252e-40,13.214545928226437
9,9:30022903:G:A,30022903,A,G,0.585917,0.020708,0.00239202,4.857820000000001e-18,360558.6792,0.02409057324,0.002423109983,2.7326870249999996e-23,9.942005690626548
9,9:30236847:G:A,30236847,A,G,0.649197,-0.0192201,0.00246808,6.85443e-15,360817.8986,-0.01596906877,0.0024925899,1.487839688e-10,6.406616976984462
9,9:31323241:A:C,31323241,C,A,0.513273,0.0142616,0.0023559,1.41807e-09,361017.0268,0.01405195003,0.002358943304,2.570936551e-09,5.956883324059746
9,9:31710223:G:T,31710223,T,G,0.0160077,0.0841012,0.00937451,2.9447e-19,361580.3983,0.08054743766,0.009386420437,9.382877899999999e-18,8.581273148866515
9,9:33190839:A:G,33190839,G,A,0.628845,0.0107793,0.00244308,1.02373e-05,359353.1892,0.01211343126,0.002446414814,7.364233393e-07,4.951503396185697
9,9:33552532:G:T,33552532,T,G,0.502604,0.0267912,0.00247404,2.53524e-27,327055.9861,0.02715575773,0.002478449119,6.167176287000001e-28,10.956754174141269
9,9:33925574:T:G,33925574,G,T,0.779764,-0.0154174,0.00288111,8.7416e-08,351166.2573,-0.01414737663,0.002882840724,9.227144395e-07,4.907443034303411
9,9:37744145:G:A,37744145,A,G,0.16149,0.0280467,0.00320156,1.9551700000000002e-18,360619.9481,0.0281545802,0.003201995735,1.458487745e-18,8.792822517610256
9,9:38358208:G:C,38358208,C,G,0.358831,0.0153269,0.00246208,4.81541e-10,358926.6088,0.0151774985,0.002462372363,7.103280644e-10,6.1637706498251505
9,9:38665937:G:C,38665937,C,G,0.557191,0.0138146,0.0023718,5.73251e-09,360663.1898,0.01361628657,0.002372068101,9.453155416e-09,5.740259549993417
